[0m16:46:29.902915 [debug] [MainThread]: Sending event: {'category': 'dbt', 'action': 'invocation', 'label': 'start', 'context': [<snowplow_tracker.self_describing_json.SelfDescribingJson object at 0xff0a438869f0>, <snowplow_tracker.self_describing_json.SelfDescribingJson object at 0xff0a42837bc0>, <snowplow_tracker.self_describing_json.SelfDescribingJson object at 0xff0a43507ce0>]}


============================== 16:46:30.189394 | 3c8cdc91-b321-4e41-979b-dfe08906fba2 ==============================
[0m16:46:30.189394 [info ] [MainThread]: Running with dbt=1.10.15
[0m16:46:30.190929 [debug] [MainThread]: running dbt with arguments {'indirect_selection': 'eager', 'static_parser': 'True', 'use_experimental_parser': 'False', 'log_cache_events': 'False', 'log_format': 'default', 'use_colors': 'True', 'invocation_command': 'dbt debug --profiles-dir .', 'log_path': '/Workspace/Repos/minhthy/dbt_project/logs', 'no_print': 'None', 'target_path': 'None', 'version_check': 'True', 'quiet': 'False', 'fail_fast': 'False', 'introspect': 'True', 'empty': 'None', 'printer_width': '80', 'cache_selected_only': 'False', 'send_anonymous_usage_stats': 'True', 'profiles_dir': '.', 'debug': 'False', 'write_json': 'True', 'partial_parse': 'True', 'warn_error_options': 'WarnErrorOptionsV2(error=[], warn=[], silence=[])', 'warn_error': 'None'}
[0m16:46:30.200859 [info ] [MainThread]: dbt version: 1.10.15
[0m16:46:30.201717 [info ] [MainThread]: python version: 3.12.3
[0m16:46:30.202930 [info ] [MainThread]: python path: /local_disk0/.ephemeral_nfs/envs/pythonEnv-4168c3ed-ccf4-4570-ba40-247adc853094/bin/python
[0m16:46:30.203729 [info ] [MainThread]: os info: Linux-5.15.0-1091-aws-aarch64-with-glibc2.39
[0m16:46:30.204731 [info ] [MainThread]: Using profiles dir at .
[0m16:46:30.205706 [info ] [MainThread]: Using profiles.yml file at ./profiles.yml
[0m16:46:30.206565 [info ] [MainThread]: Using dbt_project.yml file at /Workspace/Repos/minhthy/dbt_project/dbt_project.yml
[0m16:46:30.312820 [info ] [MainThread]: Configuration:
[0m16:46:30.314177 [info ] [MainThread]:   profiles.yml file [[31mERROR not found[0m]
[0m16:46:30.315166 [info ] [MainThread]:   dbt_project.yml file [[32mOK found and valid[0m]
[0m16:46:30.316038 [info ] [MainThread]: Required dependencies:
[0m16:46:30.316977 [debug] [MainThread]: Executing "git --help"
[0m16:46:30.379172 [debug] [MainThread]: STDOUT: "b"usage: git [-v | --version] [-h | --help] [-C <path>] [-c <name>=<value>]\n           [--exec-path[=<path>]] [--html-path] [--man-path] [--info-path]\n           [-p | --paginate | -P | --no-pager] [--no-replace-objects] [--bare]\n           [--git-dir=<path>] [--work-tree=<path>] [--namespace=<name>]\n           [--config-env=<name>=<envvar>] <command> [<args>]\n\nThese are common Git commands used in various situations:\n\nstart a working area (see also: git help tutorial)\n   clone     Clone a repository into a new directory\n   init      Create an empty Git repository or reinitialize an existing one\n\nwork on the current change (see also: git help everyday)\n   add       Add file contents to the index\n   mv        Move or rename a file, a directory, or a symlink\n   restore   Restore working tree files\n   rm        Remove files from the working tree and from the index\n\nexamine the history and state (see also: git help revisions)\n   bisect    Use binary search to find the commit that introduced a bug\n   diff      Show changes between commits, commit and working tree, etc\n   grep      Print lines matching a pattern\n   log       Show commit logs\n   show      Show various types of objects\n   status    Show the working tree status\n\ngrow, mark and tweak your common history\n   branch    List, create, or delete branches\n   commit    Record changes to the repository\n   merge     Join two or more development histories together\n   rebase    Reapply commits on top of another base tip\n   reset     Reset current HEAD to the specified state\n   switch    Switch branches\n   tag       Create, list, delete or verify a tag object signed with GPG\n\ncollaborate (see also: git help workflows)\n   fetch     Download objects and refs from another repository\n   pull      Fetch from and integrate with another repository or a local branch\n   push      Update remote refs along with associated objects\n\n'git help -a' and 'git help -g' list available subcommands and some\nconcept guides. See 'git help <command>' or 'git help <concept>'\nto read about a specific subcommand or concept.\nSee 'git help git' for an overview of the system.\n""
[0m16:46:30.428759 [debug] [MainThread]: STDERR: "b''"
[0m16:46:30.429699 [info ] [MainThread]:  - git [[32mOK found[0m]

[0m16:46:30.431536 [info ] [MainThread]: Connection test skipped since no profile was found
[0m16:46:30.432655 [info ] [MainThread]: [31m1 check failed:[0m
[0m16:46:30.433603 [info ] [MainThread]: dbt looked for a profiles.yml file in ./profiles.yml, but did
not find one. For more information on configuring your profile, consult the
documentation:

https://docs.getdbt.com/docs/configure-your-profile


[0m16:46:30.435226 [debug] [MainThread]: Resource report: {"command_name": "debug", "command_success": false, "command_wall_clock_time": 1.3232656, "process_in_blocks": "0", "process_kernel_time": 0.145987, "process_mem_max_rss": "102116", "process_out_blocks": "0", "process_user_time": 1.412532}
[0m16:46:30.436392 [debug] [MainThread]: Command `dbt debug` failed at 16:46:30.436273 after 1.32 seconds
[0m16:46:30.437443 [debug] [MainThread]: Sending event: {'category': 'dbt', 'action': 'invocation', 'label': 'end', 'context': [<snowplow_tracker.self_describing_json.SelfDescribingJson object at 0xff0a43609040>, <snowplow_tracker.self_describing_json.SelfDescribingJson object at 0xff0a44f154c0>, <snowplow_tracker.self_describing_json.SelfDescribingJson object at 0xff0a435b7530>]}
[0m16:46:30.438330 [debug] [MainThread]: Flushing usage events
[0m16:46:30.496787 [debug] [MainThread]: An error was encountered while trying to flush usage events
[0m18:09:55.285795 [debug] [MainThread]: Sending event: {'category': 'dbt', 'action': 'invocation', 'label': 'start', 'context': [<snowplow_tracker.self_describing_json.SelfDescribingJson object at 0xffc58749dfa0>, <snowplow_tracker.self_describing_json.SelfDescribingJson object at 0xffc5891b88c0>, <snowplow_tracker.self_describing_json.SelfDescribingJson object at 0xffc587eb7380>]}


============================== 18:09:55.289843 | bbd77f48-fee9-468b-9785-ebd9fd7e1a98 ==============================
[0m18:09:55.289843 [info ] [MainThread]: Running with dbt=1.10.15
[0m18:09:55.291013 [debug] [MainThread]: running dbt with arguments {'fail_fast': 'False', 'debug': 'False', 'cache_selected_only': 'False', 'quiet': 'False', 'no_print': 'None', 'profiles_dir': '.', 'send_anonymous_usage_stats': 'True', 'empty': 'None', 'log_cache_events': 'False', 'target_path': 'None', 'invocation_command': 'dbt debug --profiles-dir .', 'write_json': 'True', 'static_parser': 'True', 'version_check': 'True', 'warn_error': 'None', 'warn_error_options': 'WarnErrorOptionsV2(error=[], warn=[], silence=[])', 'use_colors': 'True', 'use_experimental_parser': 'False', 'printer_width': '80', 'introspect': 'True', 'log_path': '/Workspace/Repos/minhthy/dbt_project/logs', 'indirect_selection': 'eager', 'log_format': 'default', 'partial_parse': 'True'}
[0m18:09:55.301461 [info ] [MainThread]: dbt version: 1.10.15
[0m18:09:55.302424 [info ] [MainThread]: python version: 3.12.3
[0m18:09:55.303411 [info ] [MainThread]: python path: /local_disk0/.ephemeral_nfs/envs/pythonEnv-a88614a9-620d-4394-a5aa-0faaba204e5f/bin/python
[0m18:09:55.304824 [info ] [MainThread]: os info: Linux-5.15.0-1091-aws-aarch64-with-glibc2.39
[0m18:09:55.305929 [info ] [MainThread]: Using profiles dir at .
[0m18:09:55.306870 [info ] [MainThread]: Using profiles.yml file at ./profiles.yml
[0m18:09:55.307809 [info ] [MainThread]: Using dbt_project.yml file at /Workspace/Repos/minhthy/dbt_project/dbt_project.yml
[0m18:09:55.414259 [info ] [MainThread]: Configuration:
[0m18:09:55.415433 [info ] [MainThread]:   profiles.yml file [[31mERROR not found[0m]
[0m18:09:55.416947 [info ] [MainThread]:   dbt_project.yml file [[32mOK found and valid[0m]
[0m18:09:55.418637 [info ] [MainThread]: Required dependencies:
[0m18:09:55.419329 [debug] [MainThread]: Executing "git --help"
[0m18:09:55.499484 [debug] [MainThread]: STDOUT: "b"usage: git [-v | --version] [-h | --help] [-C <path>] [-c <name>=<value>]\n           [--exec-path[=<path>]] [--html-path] [--man-path] [--info-path]\n           [-p | --paginate | -P | --no-pager] [--no-replace-objects] [--bare]\n           [--git-dir=<path>] [--work-tree=<path>] [--namespace=<name>]\n           [--config-env=<name>=<envvar>] <command> [<args>]\n\nThese are common Git commands used in various situations:\n\nstart a working area (see also: git help tutorial)\n   clone     Clone a repository into a new directory\n   init      Create an empty Git repository or reinitialize an existing one\n\nwork on the current change (see also: git help everyday)\n   add       Add file contents to the index\n   mv        Move or rename a file, a directory, or a symlink\n   restore   Restore working tree files\n   rm        Remove files from the working tree and from the index\n\nexamine the history and state (see also: git help revisions)\n   bisect    Use binary search to find the commit that introduced a bug\n   diff      Show changes between commits, commit and working tree, etc\n   grep      Print lines matching a pattern\n   log       Show commit logs\n   show      Show various types of objects\n   status    Show the working tree status\n\ngrow, mark and tweak your common history\n   branch    List, create, or delete branches\n   commit    Record changes to the repository\n   merge     Join two or more development histories together\n   rebase    Reapply commits on top of another base tip\n   reset     Reset current HEAD to the specified state\n   switch    Switch branches\n   tag       Create, list, delete or verify a tag object signed with GPG\n\ncollaborate (see also: git help workflows)\n   fetch     Download objects and refs from another repository\n   pull      Fetch from and integrate with another repository or a local branch\n   push      Update remote refs along with associated objects\n\n'git help -a' and 'git help -g' list available subcommands and some\nconcept guides. See 'git help <command>' or 'git help <concept>'\nto read about a specific subcommand or concept.\nSee 'git help git' for an overview of the system.\n""
[0m18:09:55.549146 [debug] [MainThread]: STDERR: "b''"
[0m18:09:55.550164 [info ] [MainThread]:  - git [[32mOK found[0m]

[0m18:09:55.551204 [info ] [MainThread]: Connection test skipped since no profile was found
[0m18:09:55.552352 [info ] [MainThread]: [31m1 check failed:[0m
[0m18:09:55.553540 [info ] [MainThread]: dbt looked for a profiles.yml file in ./profiles.yml, but did
not find one. For more information on configuring your profile, consult the
documentation:

https://docs.getdbt.com/docs/configure-your-profile


[0m18:09:55.555675 [debug] [MainThread]: Resource report: {"command_name": "debug", "command_success": false, "command_wall_clock_time": 1.2295378, "process_in_blocks": "8", "process_kernel_time": 0.165329, "process_mem_max_rss": "101828", "process_out_blocks": "0", "process_user_time": 1.47587}
[0m18:09:55.557215 [debug] [MainThread]: Command `dbt debug` failed at 18:09:55.557078 after 1.23 seconds
[0m18:09:55.558067 [debug] [MainThread]: Sending event: {'category': 'dbt', 'action': 'invocation', 'label': 'end', 'context': [<snowplow_tracker.self_describing_json.SelfDescribingJson object at 0xffc5865b5d30>, <snowplow_tracker.self_describing_json.SelfDescribingJson object at 0xffc586598a70>, <snowplow_tracker.self_describing_json.SelfDescribingJson object at 0xffc5868ff8c0>]}
[0m18:09:55.559736 [debug] [MainThread]: Flushing usage events
[0m18:09:55.616873 [debug] [MainThread]: An error was encountered while trying to flush usage events
[0m18:13:56.523819 [debug] [MainThread]: Sending event: {'category': 'dbt', 'action': 'invocation', 'label': 'start', 'context': [<snowplow_tracker.self_describing_json.SelfDescribingJson object at 0xff3c03434c50>, <snowplow_tracker.self_describing_json.SelfDescribingJson object at 0xff3c034be600>, <snowplow_tracker.self_describing_json.SelfDescribingJson object at 0xff3c034bfbc0>]}


============================== 18:13:56.527937 | e621b504-84ee-4fb8-afbc-d21e5a77f213 ==============================
[0m18:13:56.527937 [info ] [MainThread]: Running with dbt=1.10.15
[0m18:13:56.529005 [debug] [MainThread]: running dbt with arguments {'version_check': 'True', 'empty': 'False', 'log_path': '/Workspace/Repos/minhthy/dbt_project/logs', 'introspect': 'True', 'warn_error': 'None', 'warn_error_options': 'WarnErrorOptionsV2(error=[], warn=[], silence=[])', 'indirect_selection': 'eager', 'target_path': 'None', 'partial_parse': 'True', 'log_cache_events': 'False', 'fail_fast': 'False', 'write_json': 'True', 'use_experimental_parser': 'False', 'log_format': 'default', 'use_colors': 'True', 'printer_width': '80', 'quiet': 'False', 'debug': 'False', 'cache_selected_only': 'False', 'static_parser': 'True', 'invocation_command': 'dbt run --models stg_users --profiles-dir .', 'profiles_dir': '.', 'send_anonymous_usage_stats': 'True', 'no_print': 'None'}
[0m18:13:56.529903 [warn ] [MainThread]: [[33mWARNING[0m]: Deprecated functionality
Usage of `--models`, `--model`, and `-m` is deprecated in favor of `--select` or
`-s`.
[0m18:13:56.530776 [debug] [MainThread]: Sending event: {'category': 'dbt', 'action': 'deprecation', 'label': 'e621b504-84ee-4fb8-afbc-d21e5a77f213', 'property_': 'warn', 'context': [<snowplow_tracker.self_describing_json.SelfDescribingJson object at 0xff3c06f48470>]}
[0m18:13:56.535619 [error] [MainThread]: Encountered an error:
Runtime Error
  Could not find profile named 'databricks_dwh'
[0m18:13:56.536696 [warn ] [MainThread]: [[33mWARNING[0m][DeprecationsSummary]: Deprecated functionality
Summary of encountered deprecations:
- ModelParamUsageDeprecation: 1 occurrence
To see all deprecation instances instead of just the first occurrence of each,
run command again with the `--show-all-deprecations` flag. You may also need to
run with `--no-partial-parse` as some deprecations are only encountered during
parsing.
[0m18:13:56.540446 [debug] [MainThread]: Resource report: {"command_name": "run", "command_success": false, "command_wall_clock_time": 0.88520056, "process_in_blocks": "0", "process_kernel_time": 0.167193, "process_mem_max_rss": "99144", "process_out_blocks": "0", "process_user_time": 1.345512}
[0m18:13:56.543000 [debug] [MainThread]: Command `dbt run` failed at 18:13:56.542849 after 0.89 seconds
[0m18:13:56.543891 [debug] [MainThread]: Sending event: {'category': 'dbt', 'action': 'invocation', 'label': 'end', 'context': [<snowplow_tracker.self_describing_json.SelfDescribingJson object at 0xff3c0449f5c0>, <snowplow_tracker.self_describing_json.SelfDescribingJson object at 0xff3c04300b90>, <snowplow_tracker.self_describing_json.SelfDescribingJson object at 0xff3c02733fb0>]}
[0m18:13:56.544709 [debug] [MainThread]: Flushing usage events
[0m18:13:56.602901 [debug] [MainThread]: An error was encountered while trying to flush usage events
[0m18:22:08.162982 [debug] [MainThread]: Sending event: {'category': 'dbt', 'action': 'invocation', 'label': 'start', 'context': [<snowplow_tracker.self_describing_json.SelfDescribingJson object at 0xff077e3d9fa0>, <snowplow_tracker.self_describing_json.SelfDescribingJson object at 0xff077e2f94f0>, <snowplow_tracker.self_describing_json.SelfDescribingJson object at 0xff077e2fa120>]}


============================== 18:22:08.167022 | 1333cbf3-f793-40a2-96b7-ef9fc2576596 ==============================
[0m18:22:08.167022 [info ] [MainThread]: Running with dbt=1.10.15
[0m18:22:08.168658 [debug] [MainThread]: running dbt with arguments {'log_path': '/Workspace/Repos/minhthy/dbt_project/logs', 'log_format': 'default', 'use_colors': 'True', 'empty': 'None', 'profiles_dir': '/Workspace/Users/minhthy1016@gmail.com/.dbt', 'partial_parse': 'True', 'use_experimental_parser': 'False', 'static_parser': 'True', 'indirect_selection': 'eager', 'warn_error_options': 'WarnErrorOptionsV2(error=[], warn=[], silence=[])', 'fail_fast': 'False', 'version_check': 'True', 'debug': 'False', 'target_path': 'None', 'log_cache_events': 'False', 'introspect': 'True', 'cache_selected_only': 'False', 'warn_error': 'None', 'quiet': 'False', 'write_json': 'True', 'send_anonymous_usage_stats': 'True', 'invocation_command': 'dbt debug --profiles-dir /Workspace/Users/minhthy1016@gmail.com/.dbt', 'no_print': 'None', 'printer_width': '80'}
[0m18:22:08.178985 [info ] [MainThread]: dbt version: 1.10.15
[0m18:22:08.180129 [info ] [MainThread]: python version: 3.12.3
[0m18:22:08.181151 [info ] [MainThread]: python path: /local_disk0/.ephemeral_nfs/envs/pythonEnv-a88614a9-620d-4394-a5aa-0faaba204e5f/bin/python
[0m18:22:08.182445 [info ] [MainThread]: os info: Linux-5.15.0-1091-aws-aarch64-with-glibc2.39
[0m18:22:08.184396 [error] [MainThread]: Encountered an error:
Runtime Error
  Syntax error near line 11
  ------------------------------
  8  |       http_path: /sql/1.0/warehouses/032b36f9186aab40
  9  |       token: dapi471feb6e682b1e73a224c9920d1503b2
  10 |       threads: 4
  11 |       connect_retries: 1databricks_dwh:
  12 |   target: dev
  13 |   outputs:
  14 |     dev:
  
  Raw Error:
  ------------------------------
  mapping values are not allowed in this context
    in "<unicode string>", line 11, column 39
[0m18:22:08.185911 [debug] [MainThread]: Resource report: {"command_name": "debug", "command_success": false, "command_wall_clock_time": 0.6101038, "process_in_blocks": "280", "process_kernel_time": 0.147473, "process_mem_max_rss": "98528", "process_out_blocks": "0", "process_user_time": 1.307329}
[0m18:22:08.187030 [debug] [MainThread]: Command `dbt debug` failed at 18:22:08.186909 after 0.61 seconds
[0m18:22:08.188182 [debug] [MainThread]: Sending event: {'category': 'dbt', 'action': 'invocation', 'label': 'end', 'context': [<snowplow_tracker.self_describing_json.SelfDescribingJson object at 0xff077e33bfb0>, <snowplow_tracker.self_describing_json.SelfDescribingJson object at 0xff077ef5a0f0>, <snowplow_tracker.self_describing_json.SelfDescribingJson object at 0xff077e2f98e0>]}
[0m18:22:08.189585 [debug] [MainThread]: Flushing usage events
[0m18:22:08.250347 [debug] [MainThread]: An error was encountered while trying to flush usage events
[0m18:23:44.942755 [debug] [MainThread]: Sending event: {'category': 'dbt', 'action': 'invocation', 'label': 'start', 'context': [<snowplow_tracker.self_describing_json.SelfDescribingJson object at 0xffdd8f3151f0>, <snowplow_tracker.self_describing_json.SelfDescribingJson object at 0xffdd8f0f9850>, <snowplow_tracker.self_describing_json.SelfDescribingJson object at 0xffdd8f0fa450>]}


============================== 18:23:44.946908 | c4726068-0ef4-4062-a9ca-4a6b4b6bf868 ==============================
[0m18:23:44.946908 [info ] [MainThread]: Running with dbt=1.10.15
[0m18:23:44.948080 [debug] [MainThread]: running dbt with arguments {'partial_parse': 'True', 'version_check': 'True', 'indirect_selection': 'eager', 'static_parser': 'True', 'log_cache_events': 'False', 'profiles_dir': '/Workspace/Users/minhthy1016@gmail.com/.dbt', 'use_colors': 'True', 'empty': 'False', 'cache_selected_only': 'False', 'log_path': '/Workspace/Repos/minhthy/dbt_project/logs', 'use_experimental_parser': 'False', 'fail_fast': 'False', 'introspect': 'True', 'invocation_command': 'dbt run', 'warn_error_options': 'WarnErrorOptionsV2(error=[], warn=[], silence=[])', 'no_print': 'None', 'log_format': 'default', 'quiet': 'False', 'warn_error': 'None', 'target_path': 'None', 'printer_width': '80', 'debug': 'False', 'send_anonymous_usage_stats': 'True', 'write_json': 'True'}
[0m18:23:44.953209 [error] [MainThread]: Encountered an error:
Runtime Error
  
  dbt encountered an error while trying to read your profiles.yml file.
  
  Runtime Error
    Syntax error near line 11
    ------------------------------
    8  |       http_path: /sql/1.0/warehouses/032b36f9186aab40
    9  |       token: dapi471feb6e682b1e73a224c9920d1503b2
    10 |       threads: 4
    11 |       connect_retries: 1databricks_dwh:
    12 |   target: dev
    13 |   outputs:
    14 |     dev:
    
    Raw Error:
    ------------------------------
    mapping values are not allowed in this context
      in "<unicode string>", line 11, column 39
  
[0m18:23:44.955147 [debug] [MainThread]: Resource report: {"command_name": "run", "command_success": false, "command_wall_clock_time": 0.6787164, "process_in_blocks": "0", "process_kernel_time": 0.176187, "process_mem_max_rss": "98132", "process_out_blocks": "0", "process_user_time": 1.257337}
[0m18:23:44.956364 [debug] [MainThread]: Command `dbt run` failed at 18:23:44.956225 after 0.68 seconds
[0m18:23:44.958541 [debug] [MainThread]: Sending event: {'category': 'dbt', 'action': 'invocation', 'label': 'end', 'context': [<snowplow_tracker.self_describing_json.SelfDescribingJson object at 0xffdd8f77b920>, <snowplow_tracker.self_describing_json.SelfDescribingJson object at 0xffdd8f0f9640>, <snowplow_tracker.self_describing_json.SelfDescribingJson object at 0xffdd8f0fa420>]}
[0m18:23:44.959783 [debug] [MainThread]: Flushing usage events
[0m18:23:45.028800 [debug] [MainThread]: An error was encountered while trying to flush usage events
[0m18:23:46.720281 [debug] [MainThread]: Sending event: {'category': 'dbt', 'action': 'invocation', 'label': 'start', 'context': [<snowplow_tracker.self_describing_json.SelfDescribingJson object at 0xfff8b006e390>, <snowplow_tracker.self_describing_json.SelfDescribingJson object at 0xfff8b03858e0>, <snowplow_tracker.self_describing_json.SelfDescribingJson object at 0xfff8b0ccd040>]}


============================== 18:23:46.724238 | 67f5609b-8874-45ce-bb39-6db653c5ac12 ==============================
[0m18:23:46.724238 [info ] [MainThread]: Running with dbt=1.10.15
[0m18:23:46.725205 [debug] [MainThread]: running dbt with arguments {'invocation_command': 'dbt snapshot', 'log_cache_events': 'False', 'target_path': 'None', 'indirect_selection': 'eager', 'write_json': 'True', 'log_path': '/Workspace/Repos/minhthy/dbt_project/logs', 'static_parser': 'True', 'warn_error_options': 'WarnErrorOptionsV2(error=[], warn=[], silence=[])', 'send_anonymous_usage_stats': 'True', 'no_print': 'None', 'quiet': 'False', 'empty': 'False', 'introspect': 'True', 'use_experimental_parser': 'False', 'printer_width': '80', 'partial_parse': 'True', 'cache_selected_only': 'False', 'use_colors': 'True', 'profiles_dir': '/Workspace/Users/minhthy1016@gmail.com/.dbt', 'warn_error': 'None', 'fail_fast': 'False', 'version_check': 'True', 'log_format': 'default', 'debug': 'False'}
[0m18:23:46.729925 [error] [MainThread]: Encountered an error:
Runtime Error
  
  dbt encountered an error while trying to read your profiles.yml file.
  
  Runtime Error
    Syntax error near line 11
    ------------------------------
    8  |       http_path: /sql/1.0/warehouses/032b36f9186aab40
    9  |       token: dapi471feb6e682b1e73a224c9920d1503b2
    10 |       threads: 4
    11 |       connect_retries: 1databricks_dwh:
    12 |   target: dev
    13 |   outputs:
    14 |     dev:
    
    Raw Error:
    ------------------------------
    mapping values are not allowed in this context
      in "<unicode string>", line 11, column 39
  
[0m18:23:46.731410 [debug] [MainThread]: Resource report: {"command_name": "snapshot", "command_success": false, "command_wall_clock_time": 0.019434148, "process_in_blocks": "0", "process_kernel_time": 0.180205, "process_mem_max_rss": "98132", "process_out_blocks": "0", "process_user_time": 1.269446}
[0m18:23:46.732593 [debug] [MainThread]: Command `dbt snapshot` failed at 18:23:46.732447 after 0.02 seconds
[0m18:23:46.733510 [debug] [MainThread]: Sending event: {'category': 'dbt', 'action': 'invocation', 'label': 'end', 'context': [<snowplow_tracker.self_describing_json.SelfDescribingJson object at 0xfff8b063a8a0>, <snowplow_tracker.self_describing_json.SelfDescribingJson object at 0xfff8b0cfb200>, <snowplow_tracker.self_describing_json.SelfDescribingJson object at 0xfff8b03d2060>]}
[0m18:23:46.734565 [debug] [MainThread]: Flushing usage events
[0m18:23:46.789957 [debug] [MainThread]: An error was encountered while trying to flush usage events
[0m18:23:48.434255 [debug] [MainThread]: Sending event: {'category': 'dbt', 'action': 'invocation', 'label': 'start', 'context': [<snowplow_tracker.self_describing_json.SelfDescribingJson object at 0xff5845d09700>, <snowplow_tracker.self_describing_json.SelfDescribingJson object at 0xff5846d848f0>, <snowplow_tracker.self_describing_json.SelfDescribingJson object at 0xff5845d09880>]}


============================== 18:23:48.438224 | 48c22b6a-45b4-4678-9e63-3d18998d58e9 ==============================
[0m18:23:48.438224 [info ] [MainThread]: Running with dbt=1.10.15
[0m18:23:48.440168 [debug] [MainThread]: running dbt with arguments {'debug': 'False', 'version_check': 'True', 'printer_width': '80', 'indirect_selection': 'eager', 'empty': 'None', 'log_path': '/Workspace/Repos/minhthy/dbt_project/logs', 'write_json': 'True', 'no_print': 'None', 'send_anonymous_usage_stats': 'True', 'target_path': 'None', 'log_format': 'default', 'use_colors': 'True', 'profiles_dir': '/Workspace/Users/minhthy1016@gmail.com/.dbt', 'introspect': 'True', 'warn_error_options': 'WarnErrorOptionsV2(error=[], warn=[], silence=[])', 'static_parser': 'True', 'fail_fast': 'False', 'warn_error': 'None', 'cache_selected_only': 'False', 'invocation_command': 'dbt test', 'use_experimental_parser': 'False', 'log_cache_events': 'False', 'quiet': 'False', 'partial_parse': 'True'}
[0m18:23:48.444742 [error] [MainThread]: Encountered an error:
Runtime Error
  
  dbt encountered an error while trying to read your profiles.yml file.
  
  Runtime Error
    Syntax error near line 11
    ------------------------------
    8  |       http_path: /sql/1.0/warehouses/032b36f9186aab40
    9  |       token: dapi471feb6e682b1e73a224c9920d1503b2
    10 |       threads: 4
    11 |       connect_retries: 1databricks_dwh:
    12 |   target: dev
    13 |   outputs:
    14 |     dev:
    
    Raw Error:
    ------------------------------
    mapping values are not allowed in this context
      in "<unicode string>", line 11, column 39
  
[0m18:23:48.446599 [debug] [MainThread]: Resource report: {"command_name": "test", "command_success": false, "command_wall_clock_time": 0.01927079, "process_in_blocks": "0", "process_kernel_time": 0.147431, "process_mem_max_rss": "98120", "process_out_blocks": "0", "process_user_time": 1.29899}
[0m18:23:48.448011 [debug] [MainThread]: Command `dbt test` failed at 18:23:48.447885 after 0.02 seconds
[0m18:23:48.448878 [debug] [MainThread]: Sending event: {'category': 'dbt', 'action': 'invocation', 'label': 'end', 'context': [<snowplow_tracker.self_describing_json.SelfDescribingJson object at 0xff5846c82960>, <snowplow_tracker.self_describing_json.SelfDescribingJson object at 0xff5845f89940>, <snowplow_tracker.self_describing_json.SelfDescribingJson object at 0xff5845d093a0>]}
[0m18:23:48.449986 [debug] [MainThread]: Flushing usage events
[0m18:23:48.509954 [debug] [MainThread]: An error was encountered while trying to flush usage events
[0m18:27:50.180302 [debug] [MainThread]: Sending event: {'category': 'dbt', 'action': 'invocation', 'label': 'start', 'context': [<snowplow_tracker.self_describing_json.SelfDescribingJson object at 0xffc068770110>, <snowplow_tracker.self_describing_json.SelfDescribingJson object at 0xffc067dd8860>, <snowplow_tracker.self_describing_json.SelfDescribingJson object at 0xffc067dd9850>]}


============================== 18:27:50.184590 | 59d0fe71-5e1a-4d23-bd43-49cfcde2c265 ==============================
[0m18:27:50.184590 [info ] [MainThread]: Running with dbt=1.10.15
[0m18:27:50.185819 [debug] [MainThread]: running dbt with arguments {'cache_selected_only': 'False', 'quiet': 'False', 'warn_error': 'None', 'static_parser': 'True', 'profiles_dir': '/Workspace/Users/minhthy1016@gmail.com/.dbt', 'send_anonymous_usage_stats': 'True', 'log_format': 'default', 'empty': 'None', 'partial_parse': 'True', 'warn_error_options': 'WarnErrorOptionsV2(error=[], warn=[], silence=[])', 'target_path': 'None', 'no_print': 'None', 'log_cache_events': 'False', 'write_json': 'True', 'fail_fast': 'False', 'use_colors': 'True', 'printer_width': '80', 'version_check': 'True', 'use_experimental_parser': 'False', 'introspect': 'True', 'indirect_selection': 'eager', 'invocation_command': 'dbt debug --profiles-dir /Workspace/Users/minhthy1016@gmail.com/.dbt', 'debug': 'False', 'log_path': '/Workspace/Repos/minhthy/dbt_project/logs'}
[0m18:27:50.196759 [info ] [MainThread]: dbt version: 1.10.15
[0m18:27:50.198027 [info ] [MainThread]: python version: 3.12.3
[0m18:27:50.199340 [info ] [MainThread]: python path: /local_disk0/.ephemeral_nfs/envs/pythonEnv-a88614a9-620d-4394-a5aa-0faaba204e5f/bin/python
[0m18:27:50.200360 [info ] [MainThread]: os info: Linux-5.15.0-1091-aws-aarch64-with-glibc2.39
[0m18:27:51.153457 [debug] [MainThread]: Spark adapter: Setting pyhive.hive logging to ERROR
[0m18:27:51.154850 [debug] [MainThread]: Spark adapter: Setting thrift.transport logging to ERROR
[0m18:27:51.155734 [debug] [MainThread]: Spark adapter: Setting thrift.protocol logging to ERROR
[0m18:27:51.732169 [info ] [MainThread]: Using profiles dir at /Workspace/Users/minhthy1016@gmail.com/.dbt
[0m18:27:51.733604 [info ] [MainThread]: Using profiles.yml file at /Workspace/Users/minhthy1016@gmail.com/.dbt/profiles.yml
[0m18:27:51.734672 [info ] [MainThread]: Using dbt_project.yml file at /Workspace/Repos/minhthy/dbt_project/dbt_project.yml
[0m18:27:51.735692 [info ] [MainThread]: adapter type: databricks
[0m18:27:51.736619 [info ] [MainThread]: adapter version: 1.11.0
[0m18:27:51.840662 [info ] [MainThread]: Configuration:
[0m18:27:51.841912 [info ] [MainThread]:   profiles.yml file [[32mOK found and valid[0m]
[0m18:27:51.842964 [info ] [MainThread]:   dbt_project.yml file [[32mOK found and valid[0m]
[0m18:27:51.843889 [info ] [MainThread]: Required dependencies:
[0m18:27:51.844882 [debug] [MainThread]: Executing "git --help"
[0m18:27:51.847988 [debug] [MainThread]: STDOUT: "b"usage: git [-v | --version] [-h | --help] [-C <path>] [-c <name>=<value>]\n           [--exec-path[=<path>]] [--html-path] [--man-path] [--info-path]\n           [-p | --paginate | -P | --no-pager] [--no-replace-objects] [--bare]\n           [--git-dir=<path>] [--work-tree=<path>] [--namespace=<name>]\n           [--config-env=<name>=<envvar>] <command> [<args>]\n\nThese are common Git commands used in various situations:\n\nstart a working area (see also: git help tutorial)\n   clone     Clone a repository into a new directory\n   init      Create an empty Git repository or reinitialize an existing one\n\nwork on the current change (see also: git help everyday)\n   add       Add file contents to the index\n   mv        Move or rename a file, a directory, or a symlink\n   restore   Restore working tree files\n   rm        Remove files from the working tree and from the index\n\nexamine the history and state (see also: git help revisions)\n   bisect    Use binary search to find the commit that introduced a bug\n   diff      Show changes between commits, commit and working tree, etc\n   grep      Print lines matching a pattern\n   log       Show commit logs\n   show      Show various types of objects\n   status    Show the working tree status\n\ngrow, mark and tweak your common history\n   branch    List, create, or delete branches\n   commit    Record changes to the repository\n   merge     Join two or more development histories together\n   rebase    Reapply commits on top of another base tip\n   reset     Reset current HEAD to the specified state\n   switch    Switch branches\n   tag       Create, list, delete or verify a tag object signed with GPG\n\ncollaborate (see also: git help workflows)\n   fetch     Download objects and refs from another repository\n   pull      Fetch from and integrate with another repository or a local branch\n   push      Update remote refs along with associated objects\n\n'git help -a' and 'git help -g' list available subcommands and some\nconcept guides. See 'git help <command>' or 'git help <concept>'\nto read about a specific subcommand or concept.\nSee 'git help git' for an overview of the system.\n""
[0m18:27:52.082339 [debug] [MainThread]: STDERR: "b''"
[0m18:27:52.083350 [info ] [MainThread]:  - git [[32mOK found[0m]

[0m18:27:52.085665 [info ] [MainThread]: Connection:
[0m18:27:52.086957 [info ] [MainThread]:   host: dbc-48f6dc09-1a50.cloud.databricks.com
[0m18:27:52.088312 [info ] [MainThread]:   http_path: /sql/1.0/warehouses/032b36f9186aab40
[0m18:27:52.089409 [info ] [MainThread]:   catalog: workspace
[0m18:27:52.090283 [info ] [MainThread]:   schema: bronze
[0m18:27:52.091246 [info ] [MainThread]: Registered adapter: databricks=1.11.0
[0m18:27:52.251773 [debug] [MainThread]: Databricks adapter: DatabricksDBTConnection(session-id=None, name=debug) - Creating connection
[0m18:27:52.252840 [debug] [MainThread]: Acquiring new databricks connection 'debug'
[0m18:27:52.253684 [debug] [MainThread]: Using databricks connection "debug"
[0m18:27:52.254426 [debug] [MainThread]: On debug: select 1 as id
[0m18:27:52.255257 [debug] [MainThread]: Opening a new connection, currently in state init
[0m18:27:52.591303 [debug] [MainThread]: Databricks adapter: Connection(session-id=01f0c319-f66e-15fc-b162-32b93ac39101) - Created
[0m18:28:06.734941 [debug] [MainThread]: SQL status: OK in 14.480 seconds
[0m18:28:06.737027 [debug] [MainThread]: Databricks adapter: Cursor(session-id=01f0c319-f66e-15fc-b162-32b93ac39101, command-id=01f0c319-f685-1c95-8607-e964ba801118) - Closing
[0m18:28:07.041261 [debug] [MainThread]: On debug: Close
[0m18:28:07.042820 [debug] [MainThread]: Databricks adapter: Connection(session-id=01f0c319-f66e-15fc-b162-32b93ac39101) - Closing
[0m18:28:07.091604 [info ] [MainThread]:   Connection test: [[32mOK connection ok[0m]

[0m18:28:07.093005 [info ] [MainThread]: [32mAll checks passed![0m
[0m18:28:07.095519 [debug] [MainThread]: Resource report: {"command_name": "debug", "command_success": true, "command_wall_clock_time": 17.409882, "process_in_blocks": "3056", "process_kernel_time": 0.359162, "process_mem_max_rss": "230388", "process_out_blocks": "0", "process_user_time": 3.04889}
[0m18:28:07.096712 [debug] [MainThread]: Command `dbt debug` succeeded at 18:28:07.096541 after 17.41 seconds
[0m18:28:07.097638 [debug] [MainThread]: Sending event: {'category': 'dbt', 'action': 'invocation', 'label': 'end', 'context': [<snowplow_tracker.self_describing_json.SelfDescribingJson object at 0xffc068b11280>, <snowplow_tracker.self_describing_json.SelfDescribingJson object at 0xffc067d31c40>, <snowplow_tracker.self_describing_json.SelfDescribingJson object at 0xffc069673b00>]}
[0m18:28:07.098548 [debug] [MainThread]: Flushing usage events
[0m18:28:07.163425 [debug] [MainThread]: An error was encountered while trying to flush usage events
[0m18:28:15.952472 [debug] [MainThread]: Sending event: {'category': 'dbt', 'action': 'invocation', 'label': 'start', 'context': [<snowplow_tracker.self_describing_json.SelfDescribingJson object at 0xffa81d892120>, <snowplow_tracker.self_describing_json.SelfDescribingJson object at 0xffa81d892450>, <snowplow_tracker.self_describing_json.SelfDescribingJson object at 0xffa81d8c7770>]}


============================== 18:28:15.956654 | d6387267-b80d-498a-a3f8-9de83895b3fb ==============================
[0m18:28:15.956654 [info ] [MainThread]: Running with dbt=1.10.15
[0m18:28:15.958609 [debug] [MainThread]: running dbt with arguments {'cache_selected_only': 'False', 'warn_error_options': 'WarnErrorOptionsV2(error=[], warn=[], silence=[])', 'log_cache_events': 'False', 'quiet': 'False', 'send_anonymous_usage_stats': 'True', 'target_path': 'None', 'printer_width': '80', 'debug': 'False', 'log_format': 'default', 'static_parser': 'True', 'partial_parse': 'True', 'write_json': 'True', 'invocation_command': 'dbt run', 'log_path': '/Workspace/Repos/minhthy/dbt_project/logs', 'indirect_selection': 'eager', 'warn_error': 'None', 'introspect': 'True', 'fail_fast': 'False', 'no_print': 'None', 'use_colors': 'True', 'version_check': 'True', 'use_experimental_parser': 'False', 'profiles_dir': '/Workspace/Users/minhthy1016@gmail.com/.dbt', 'empty': 'False'}
[0m18:28:16.785779 [debug] [MainThread]: Spark adapter: Setting pyhive.hive logging to ERROR
[0m18:28:16.787296 [debug] [MainThread]: Spark adapter: Setting thrift.transport logging to ERROR
[0m18:28:16.788311 [debug] [MainThread]: Spark adapter: Setting thrift.protocol logging to ERROR
[0m18:28:17.520184 [debug] [MainThread]: Sending event: {'category': 'dbt', 'action': 'project_id', 'label': 'd6387267-b80d-498a-a3f8-9de83895b3fb', 'context': [<snowplow_tracker.self_describing_json.SelfDescribingJson object at 0xffa80d0df0e0>]}
[0m18:28:17.612593 [debug] [MainThread]: Sending event: {'category': 'dbt', 'action': 'adapter_info', 'label': 'd6387267-b80d-498a-a3f8-9de83895b3fb', 'context': [<snowplow_tracker.self_describing_json.SelfDescribingJson object at 0xffa80b995af0>]}
[0m18:28:17.613918 [info ] [MainThread]: Registered adapter: databricks=1.11.0
[0m18:28:17.921735 [debug] [MainThread]: checksum: 14a228079bd6df63ba81633f9a3cf44ecfaa31056ac397c602753ec895dbf885, vars: {}, profile: , target: , version: 1.10.15
[0m18:28:18.064515 [info ] [MainThread]: Unable to do partial parsing because saved manifest not found. Starting full parse.
[0m18:28:18.068322 [debug] [MainThread]: Sending event: {'category': 'dbt', 'action': 'partial_parser', 'label': 'd6387267-b80d-498a-a3f8-9de83895b3fb', 'context': [<snowplow_tracker.self_describing_json.SelfDescribingJson object at 0xffa80a0ce3c0>]}
[0m18:28:22.879419 [error] [MainThread]: Encountered an error:
Compilation Error
  dbt found two schema.yml entries for the same resource named stg_users. Resources and their associated columns may only be described a single time. To fix this, remove the resource entry for stg_users in one of these files:
   - tests/dbt_schema.yml
  models/staging/schema.yml
[0m18:28:22.881852 [debug] [MainThread]: Resource report: {"command_name": "run", "command_success": false, "command_wall_clock_time": 7.575815, "process_in_blocks": "224", "process_kernel_time": 0.394303, "process_mem_max_rss": "236180", "process_out_blocks": "0", "process_user_time": 4.763502}
[0m18:28:22.883730 [debug] [MainThread]: Command `dbt run` failed at 18:28:22.883554 after 7.58 seconds
[0m18:28:22.884819 [debug] [MainThread]: Sending event: {'category': 'dbt', 'action': 'invocation', 'label': 'end', 'context': [<snowplow_tracker.self_describing_json.SelfDescribingJson object at 0xffa809e65e50>, <snowplow_tracker.self_describing_json.SelfDescribingJson object at 0xffa8095c1850>, <snowplow_tracker.self_describing_json.SelfDescribingJson object at 0xffa809bd2930>]}
[0m18:28:22.885789 [debug] [MainThread]: Flushing usage events
[0m18:28:22.943627 [debug] [MainThread]: An error was encountered while trying to flush usage events
[0m18:28:25.021240 [debug] [MainThread]: Sending event: {'category': 'dbt', 'action': 'invocation', 'label': 'start', 'context': [<snowplow_tracker.self_describing_json.SelfDescribingJson object at 0xffb03a752ed0>, <snowplow_tracker.self_describing_json.SelfDescribingJson object at 0xffb03acb9b20>, <snowplow_tracker.self_describing_json.SelfDescribingJson object at 0xffb03a783cb0>]}


============================== 18:28:25.024903 | eed91337-7f54-4d1e-9613-764849af1c53 ==============================
[0m18:28:25.024903 [info ] [MainThread]: Running with dbt=1.10.15
[0m18:28:25.026890 [debug] [MainThread]: running dbt with arguments {'partial_parse': 'True', 'indirect_selection': 'eager', 'profiles_dir': '/Workspace/Users/minhthy1016@gmail.com/.dbt', 'log_format': 'default', 'write_json': 'True', 'target_path': 'None', 'log_cache_events': 'False', 'cache_selected_only': 'False', 'use_colors': 'True', 'no_print': 'None', 'introspect': 'True', 'use_experimental_parser': 'False', 'version_check': 'True', 'send_anonymous_usage_stats': 'True', 'invocation_command': 'dbt snapshot', 'quiet': 'False', 'debug': 'False', 'printer_width': '80', 'log_path': '/Workspace/Repos/minhthy/dbt_project/logs', 'warn_error_options': 'WarnErrorOptionsV2(error=[], warn=[], silence=[])', 'fail_fast': 'False', 'static_parser': 'True', 'warn_error': 'None', 'empty': 'False'}
[0m18:28:25.816451 [debug] [MainThread]: Spark adapter: Setting pyhive.hive logging to ERROR
[0m18:28:25.817767 [debug] [MainThread]: Spark adapter: Setting thrift.transport logging to ERROR
[0m18:28:25.818709 [debug] [MainThread]: Spark adapter: Setting thrift.protocol logging to ERROR
[0m18:28:26.552280 [debug] [MainThread]: Sending event: {'category': 'dbt', 'action': 'project_id', 'label': 'eed91337-7f54-4d1e-9613-764849af1c53', 'context': [<snowplow_tracker.self_describing_json.SelfDescribingJson object at 0xffb039aaf1a0>]}
[0m18:28:26.614972 [debug] [MainThread]: Sending event: {'category': 'dbt', 'action': 'adapter_info', 'label': 'eed91337-7f54-4d1e-9613-764849af1c53', 'context': [<snowplow_tracker.self_describing_json.SelfDescribingJson object at 0xffb028560fe0>]}
[0m18:28:26.616427 [info ] [MainThread]: Registered adapter: databricks=1.11.0
[0m18:28:26.782109 [debug] [MainThread]: checksum: 14a228079bd6df63ba81633f9a3cf44ecfaa31056ac397c602753ec895dbf885, vars: {}, profile: , target: , version: 1.10.15
[0m18:28:26.783944 [info ] [MainThread]: Unable to do partial parsing because saved manifest not found. Starting full parse.
[0m18:28:26.785208 [debug] [MainThread]: Sending event: {'category': 'dbt', 'action': 'partial_parser', 'label': 'eed91337-7f54-4d1e-9613-764849af1c53', 'context': [<snowplow_tracker.self_describing_json.SelfDescribingJson object at 0xffb026f86c90>]}
[0m18:28:28.551201 [error] [MainThread]: Encountered an error:
Compilation Error
  dbt found two schema.yml entries for the same resource named stg_users. Resources and their associated columns may only be described a single time. To fix this, remove the resource entry for stg_users in one of these files:
   - tests/dbt_schema.yml
  models/staging/schema.yml
[0m18:28:28.555395 [debug] [MainThread]: Resource report: {"command_name": "snapshot", "command_success": false, "command_wall_clock_time": 3.5908935, "process_in_blocks": "3184", "process_kernel_time": 0.354548, "process_mem_max_rss": "236132", "process_out_blocks": "0", "process_user_time": 4.740594}
[0m18:28:28.556412 [debug] [MainThread]: Command `dbt snapshot` failed at 18:28:28.556296 after 3.59 seconds
[0m18:28:28.557457 [debug] [MainThread]: Sending event: {'category': 'dbt', 'action': 'invocation', 'label': 'end', 'context': [<snowplow_tracker.self_describing_json.SelfDescribingJson object at 0xffb03a7b0a70>, <snowplow_tracker.self_describing_json.SelfDescribingJson object at 0xffb026b82420>, <snowplow_tracker.self_describing_json.SelfDescribingJson object at 0xffb0265302f0>]}
[0m18:28:28.558295 [debug] [MainThread]: Flushing usage events
[0m18:28:28.612962 [debug] [MainThread]: An error was encountered while trying to flush usage events
[0m18:28:30.590019 [debug] [MainThread]: Sending event: {'category': 'dbt', 'action': 'invocation', 'label': 'start', 'context': [<snowplow_tracker.self_describing_json.SelfDescribingJson object at 0xff1b304d02c0>, <snowplow_tracker.self_describing_json.SelfDescribingJson object at 0xff1b2f0e7890>, <snowplow_tracker.self_describing_json.SelfDescribingJson object at 0xff1b2fa93500>]}


============================== 18:28:30.593773 | a161c43f-df3a-458c-a6d8-dec71ef0d9d4 ==============================
[0m18:28:30.593773 [info ] [MainThread]: Running with dbt=1.10.15
[0m18:28:30.594898 [debug] [MainThread]: running dbt with arguments {'warn_error_options': 'WarnErrorOptionsV2(error=[], warn=[], silence=[])', 'use_experimental_parser': 'False', 'indirect_selection': 'eager', 'invocation_command': 'dbt test', 'quiet': 'False', 'log_path': '/Workspace/Repos/minhthy/dbt_project/logs', 'static_parser': 'True', 'log_format': 'default', 'printer_width': '80', 'debug': 'False', 'warn_error': 'None', 'cache_selected_only': 'False', 'send_anonymous_usage_stats': 'True', 'introspect': 'True', 'partial_parse': 'True', 'target_path': 'None', 'profiles_dir': '/Workspace/Users/minhthy1016@gmail.com/.dbt', 'fail_fast': 'False', 'log_cache_events': 'False', 'empty': 'None', 'version_check': 'True', 'no_print': 'None', 'use_colors': 'True', 'write_json': 'True'}
[0m18:28:31.356229 [debug] [MainThread]: Spark adapter: Setting pyhive.hive logging to ERROR
[0m18:28:31.357490 [debug] [MainThread]: Spark adapter: Setting thrift.transport logging to ERROR
[0m18:28:31.358383 [debug] [MainThread]: Spark adapter: Setting thrift.protocol logging to ERROR
[0m18:28:32.072967 [debug] [MainThread]: Sending event: {'category': 'dbt', 'action': 'project_id', 'label': 'a161c43f-df3a-458c-a6d8-dec71ef0d9d4', 'context': [<snowplow_tracker.self_describing_json.SelfDescribingJson object at 0xff1b2cd9c3b0>]}
[0m18:28:32.135692 [debug] [MainThread]: Sending event: {'category': 'dbt', 'action': 'adapter_info', 'label': 'a161c43f-df3a-458c-a6d8-dec71ef0d9d4', 'context': [<snowplow_tracker.self_describing_json.SelfDescribingJson object at 0xff1b2ccb85c0>]}
[0m18:28:32.137190 [info ] [MainThread]: Registered adapter: databricks=1.11.0
[0m18:28:32.300950 [debug] [MainThread]: checksum: 14a228079bd6df63ba81633f9a3cf44ecfaa31056ac397c602753ec895dbf885, vars: {}, profile: , target: , version: 1.10.15
[0m18:28:32.302630 [info ] [MainThread]: Unable to do partial parsing because saved manifest not found. Starting full parse.
[0m18:28:32.304194 [debug] [MainThread]: Sending event: {'category': 'dbt', 'action': 'partial_parser', 'label': 'a161c43f-df3a-458c-a6d8-dec71ef0d9d4', 'context': [<snowplow_tracker.self_describing_json.SelfDescribingJson object at 0xff1b2ccb8590>]}
[0m18:28:34.071622 [error] [MainThread]: Encountered an error:
Compilation Error
  dbt found two schema.yml entries for the same resource named stg_users. Resources and their associated columns may only be described a single time. To fix this, remove the resource entry for stg_users in one of these files:
   - tests/dbt_schema.yml
  models/staging/schema.yml
[0m18:28:34.076328 [debug] [MainThread]: Resource report: {"command_name": "test", "command_success": false, "command_wall_clock_time": 3.5428836, "process_in_blocks": "0", "process_kernel_time": 0.364157, "process_mem_max_rss": "236076", "process_out_blocks": "0", "process_user_time": 4.621996}
[0m18:28:34.077436 [debug] [MainThread]: Command `dbt test` failed at 18:28:34.077312 after 3.54 seconds
[0m18:28:34.078193 [debug] [MainThread]: Sending event: {'category': 'dbt', 'action': 'invocation', 'label': 'end', 'context': [<snowplow_tracker.self_describing_json.SelfDescribingJson object at 0xff1b2fe03c20>, <snowplow_tracker.self_describing_json.SelfDescribingJson object at 0xff1b1bd1b2f0>, <snowplow_tracker.self_describing_json.SelfDescribingJson object at 0xff1b1c1d99a0>]}
[0m18:28:34.079023 [debug] [MainThread]: Flushing usage events
[0m18:28:34.134099 [debug] [MainThread]: An error was encountered while trying to flush usage events
[0m18:29:53.426036 [debug] [MainThread]: Sending event: {'category': 'dbt', 'action': 'invocation', 'label': 'start', 'context': [<snowplow_tracker.self_describing_json.SelfDescribingJson object at 0xff30013d2570>, <snowplow_tracker.self_describing_json.SelfDescribingJson object at 0xff30029b0200>, <snowplow_tracker.self_describing_json.SelfDescribingJson object at 0xff30029b3ef0>]}


============================== 18:29:53.430073 | 7f2b4f5d-908a-47b6-b2e5-a7caad9c354a ==============================
[0m18:29:53.430073 [info ] [MainThread]: Running with dbt=1.10.15
[0m18:29:53.431234 [debug] [MainThread]: running dbt with arguments {'empty': 'False', 'invocation_command': 'dbt run', 'introspect': 'True', 'partial_parse': 'True', 'warn_error_options': 'WarnErrorOptionsV2(error=[], warn=[], silence=[])', 'log_path': '/Workspace/Repos/minhthy/dbt_project/logs', 'static_parser': 'True', 'send_anonymous_usage_stats': 'True', 'debug': 'False', 'log_format': 'default', 'warn_error': 'None', 'log_cache_events': 'False', 'printer_width': '80', 'indirect_selection': 'eager', 'write_json': 'True', 'version_check': 'True', 'quiet': 'False', 'target_path': 'None', 'cache_selected_only': 'False', 'no_print': 'None', 'fail_fast': 'False', 'use_experimental_parser': 'False', 'profiles_dir': '/Workspace/Users/minhthy1016@gmail.com/.dbt', 'use_colors': 'True'}
[0m18:29:54.352469 [debug] [MainThread]: Spark adapter: Setting pyhive.hive logging to ERROR
[0m18:29:54.353717 [debug] [MainThread]: Spark adapter: Setting thrift.transport logging to ERROR
[0m18:29:54.354452 [debug] [MainThread]: Spark adapter: Setting thrift.protocol logging to ERROR
[0m18:29:55.035887 [debug] [MainThread]: Sending event: {'category': 'dbt', 'action': 'project_id', 'label': '7f2b4f5d-908a-47b6-b2e5-a7caad9c354a', 'context': [<snowplow_tracker.self_describing_json.SelfDescribingJson object at 0xff2fee4c8890>]}
[0m18:29:55.134161 [debug] [MainThread]: Sending event: {'category': 'dbt', 'action': 'adapter_info', 'label': '7f2b4f5d-908a-47b6-b2e5-a7caad9c354a', 'context': [<snowplow_tracker.self_describing_json.SelfDescribingJson object at 0xff2ffed3c410>]}
[0m18:29:55.135463 [info ] [MainThread]: Registered adapter: databricks=1.11.0
[0m18:29:55.443690 [debug] [MainThread]: checksum: 14a228079bd6df63ba81633f9a3cf44ecfaa31056ac397c602753ec895dbf885, vars: {}, profile: , target: , version: 1.10.15
[0m18:29:55.473329 [info ] [MainThread]: Unable to do partial parsing because saved manifest not found. Starting full parse.
[0m18:29:55.474547 [debug] [MainThread]: Sending event: {'category': 'dbt', 'action': 'partial_parser', 'label': '7f2b4f5d-908a-47b6-b2e5-a7caad9c354a', 'context': [<snowplow_tracker.self_describing_json.SelfDescribingJson object at 0xff2fee46fb60>]}
[0m18:29:58.182593 [warn ] [MainThread]: [[33mWARNING[0m]: Did not find matching node for patch with name 'kyc_users' in the 'models' section of file 'tests/dbt_schema.yml'
[0m18:29:58.191017 [warn ] [MainThread]: [[33mWARNING[0m][MissingArgumentsPropertyInGenericTestDeprecation]: Deprecated
functionality
Found top-level arguments to test `accepted_values`. Arguments to generic tests
should be nested under the `arguments` property.`
[0m18:29:58.192199 [debug] [MainThread]: Sending event: {'category': 'dbt', 'action': 'deprecation', 'label': '7f2b4f5d-908a-47b6-b2e5-a7caad9c354a', 'property_': 'warn', 'context': [<snowplow_tracker.self_describing_json.SelfDescribingJson object at 0xff2fedfe9e50>]}
[0m18:29:58.214788 [error] [MainThread]: Encountered an error:
Compilation Error
  Model 'model.databricks_warehouse.stg_users' (models/staging/stg_users.sql) depends on a source named 'bronzevolume.raw_users' which was not found
[0m18:29:58.216086 [warn ] [MainThread]: [[33mWARNING[0m][DeprecationsSummary]: Deprecated functionality
Summary of encountered deprecations:
- MissingArgumentsPropertyInGenericTestDeprecation: 1 occurrence
To see all deprecation instances instead of just the first occurrence of each,
run command again with the `--show-all-deprecations` flag. You may also need to
run with `--no-partial-parse` as some deprecations are only encountered during
parsing.
[0m18:29:58.217772 [debug] [MainThread]: Resource report: {"command_name": "run", "command_success": false, "command_wall_clock_time": 5.4151263, "process_in_blocks": "248", "process_kernel_time": 0.39694, "process_mem_max_rss": "232180", "process_out_blocks": "0", "process_user_time": 4.667059}
[0m18:29:58.219295 [debug] [MainThread]: Command `dbt run` failed at 18:29:58.219165 after 5.42 seconds
[0m18:29:58.220368 [debug] [MainThread]: Sending event: {'category': 'dbt', 'action': 'invocation', 'label': 'end', 'context': [<snowplow_tracker.self_describing_json.SelfDescribingJson object at 0xff3001a151c0>, <snowplow_tracker.self_describing_json.SelfDescribingJson object at 0xff2fed8f69c0>, <snowplow_tracker.self_describing_json.SelfDescribingJson object at 0xff2fedf49e80>]}
[0m18:29:58.221420 [debug] [MainThread]: Flushing usage events
[0m18:29:58.278702 [debug] [MainThread]: An error was encountered while trying to flush usage events
[0m18:30:00.265832 [debug] [MainThread]: Sending event: {'category': 'dbt', 'action': 'invocation', 'label': 'start', 'context': [<snowplow_tracker.self_describing_json.SelfDescribingJson object at 0xff12fb8ab6b0>, <snowplow_tracker.self_describing_json.SelfDescribingJson object at 0xff12fb034a70>, <snowplow_tracker.self_describing_json.SelfDescribingJson object at 0xff12fb0371d0>]}


============================== 18:30:00.269998 | 87b93de1-4cfd-4f2b-b225-6507fbbc32e9 ==============================
[0m18:30:00.269998 [info ] [MainThread]: Running with dbt=1.10.15
[0m18:30:00.271598 [debug] [MainThread]: running dbt with arguments {'warn_error': 'None', 'version_check': 'True', 'use_experimental_parser': 'False', 'debug': 'False', 'cache_selected_only': 'False', 'fail_fast': 'False', 'write_json': 'True', 'introspect': 'True', 'target_path': 'None', 'printer_width': '80', 'log_format': 'default', 'quiet': 'False', 'log_path': '/Workspace/Repos/minhthy/dbt_project/logs', 'indirect_selection': 'eager', 'use_colors': 'True', 'log_cache_events': 'False', 'send_anonymous_usage_stats': 'True', 'static_parser': 'True', 'invocation_command': 'dbt snapshot', 'warn_error_options': 'WarnErrorOptionsV2(error=[], warn=[], silence=[])', 'profiles_dir': '/Workspace/Users/minhthy1016@gmail.com/.dbt', 'empty': 'False', 'partial_parse': 'True', 'no_print': 'None'}
[0m18:30:01.056864 [debug] [MainThread]: Spark adapter: Setting pyhive.hive logging to ERROR
[0m18:30:01.058058 [debug] [MainThread]: Spark adapter: Setting thrift.transport logging to ERROR
[0m18:30:01.058968 [debug] [MainThread]: Spark adapter: Setting thrift.protocol logging to ERROR
[0m18:30:01.763588 [debug] [MainThread]: Sending event: {'category': 'dbt', 'action': 'project_id', 'label': '87b93de1-4cfd-4f2b-b225-6507fbbc32e9', 'context': [<snowplow_tracker.self_describing_json.SelfDescribingJson object at 0xff12e7976ae0>]}
[0m18:30:01.828105 [debug] [MainThread]: Sending event: {'category': 'dbt', 'action': 'adapter_info', 'label': '87b93de1-4cfd-4f2b-b225-6507fbbc32e9', 'context': [<snowplow_tracker.self_describing_json.SelfDescribingJson object at 0xff12e9d82ae0>]}
[0m18:30:01.829571 [info ] [MainThread]: Registered adapter: databricks=1.11.0
[0m18:30:01.999250 [debug] [MainThread]: checksum: 14a228079bd6df63ba81633f9a3cf44ecfaa31056ac397c602753ec895dbf885, vars: {}, profile: , target: , version: 1.10.15
[0m18:30:02.001034 [info ] [MainThread]: Unable to do partial parsing because saved manifest not found. Starting full parse.
[0m18:30:02.001978 [debug] [MainThread]: Sending event: {'category': 'dbt', 'action': 'partial_parser', 'label': '87b93de1-4cfd-4f2b-b225-6507fbbc32e9', 'context': [<snowplow_tracker.self_describing_json.SelfDescribingJson object at 0xff12e7a326c0>]}
[0m18:30:03.771102 [warn ] [MainThread]: [[33mWARNING[0m]: Did not find matching node for patch with name 'kyc_users' in the 'models' section of file 'tests/dbt_schema.yml'
[0m18:30:03.780278 [warn ] [MainThread]: [[33mWARNING[0m][MissingArgumentsPropertyInGenericTestDeprecation]: Deprecated
functionality
Found top-level arguments to test `accepted_values`. Arguments to generic tests
should be nested under the `arguments` property.`
[0m18:30:03.785444 [debug] [MainThread]: Sending event: {'category': 'dbt', 'action': 'deprecation', 'label': '87b93de1-4cfd-4f2b-b225-6507fbbc32e9', 'property_': 'warn', 'context': [<snowplow_tracker.self_describing_json.SelfDescribingJson object at 0xff12e747e6c0>]}
[0m18:30:03.807831 [error] [MainThread]: Encountered an error:
Compilation Error
  Model 'model.databricks_warehouse.stg_users' (models/staging/stg_users.sql) depends on a source named 'bronzevolume.raw_users' which was not found
[0m18:30:03.809339 [warn ] [MainThread]: [[33mWARNING[0m][DeprecationsSummary]: Deprecated functionality
Summary of encountered deprecations:
- MissingArgumentsPropertyInGenericTestDeprecation: 1 occurrence
To see all deprecation instances instead of just the first occurrence of each,
run command again with the `--show-all-deprecations` flag. You may also need to
run with `--no-partial-parse` as some deprecations are only encountered during
parsing.
[0m18:30:03.811611 [debug] [MainThread]: Resource report: {"command_name": "snapshot", "command_success": false, "command_wall_clock_time": 3.6034467, "process_in_blocks": "0", "process_kernel_time": 0.455849, "process_mem_max_rss": "232080", "process_out_blocks": "0", "process_user_time": 4.629844}
[0m18:30:03.813323 [debug] [MainThread]: Command `dbt snapshot` failed at 18:30:03.813186 after 3.61 seconds
[0m18:30:03.814309 [debug] [MainThread]: Sending event: {'category': 'dbt', 'action': 'invocation', 'label': 'end', 'context': [<snowplow_tracker.self_describing_json.SelfDescribingJson object at 0xff12fa96fe00>, <snowplow_tracker.self_describing_json.SelfDescribingJson object at 0xff12e76450a0>, <snowplow_tracker.self_describing_json.SelfDescribingJson object at 0xff12e731e270>]}
[0m18:30:03.815114 [debug] [MainThread]: Flushing usage events
[0m18:30:03.877015 [debug] [MainThread]: An error was encountered while trying to flush usage events
[0m18:30:05.820653 [debug] [MainThread]: Sending event: {'category': 'dbt', 'action': 'invocation', 'label': 'start', 'context': [<snowplow_tracker.self_describing_json.SelfDescribingJson object at 0xffe9ae4e1400>, <snowplow_tracker.self_describing_json.SelfDescribingJson object at 0xffe9ae292ff0>, <snowplow_tracker.self_describing_json.SelfDescribingJson object at 0xffe9ae290ad0>]}


============================== 18:30:05.824494 | c2fa387c-d1ec-465c-aa21-e023f2470ec1 ==============================
[0m18:30:05.824494 [info ] [MainThread]: Running with dbt=1.10.15
[0m18:30:05.826646 [debug] [MainThread]: running dbt with arguments {'warn_error_options': 'WarnErrorOptionsV2(error=[], warn=[], silence=[])', 'empty': 'None', 'invocation_command': 'dbt test', 'quiet': 'False', 'log_path': '/Workspace/Repos/minhthy/dbt_project/logs', 'log_format': 'default', 'static_parser': 'True', 'send_anonymous_usage_stats': 'True', 'debug': 'False', 'warn_error': 'None', 'partial_parse': 'True', 'printer_width': '80', 'indirect_selection': 'eager', 'use_colors': 'True', 'introspect': 'True', 'version_check': 'True', 'target_path': 'None', 'cache_selected_only': 'False', 'fail_fast': 'False', 'profiles_dir': '/Workspace/Users/minhthy1016@gmail.com/.dbt', 'use_experimental_parser': 'False', 'log_cache_events': 'False', 'write_json': 'True', 'no_print': 'None'}
[0m18:30:06.610688 [debug] [MainThread]: Spark adapter: Setting pyhive.hive logging to ERROR
[0m18:30:06.611917 [debug] [MainThread]: Spark adapter: Setting thrift.transport logging to ERROR
[0m18:30:06.613097 [debug] [MainThread]: Spark adapter: Setting thrift.protocol logging to ERROR
[0m18:30:07.316399 [debug] [MainThread]: Sending event: {'category': 'dbt', 'action': 'project_id', 'label': 'c2fa387c-d1ec-465c-aa21-e023f2470ec1', 'context': [<snowplow_tracker.self_describing_json.SelfDescribingJson object at 0xffe9afe5d7f0>]}
[0m18:30:07.378528 [debug] [MainThread]: Sending event: {'category': 'dbt', 'action': 'adapter_info', 'label': 'c2fa387c-d1ec-465c-aa21-e023f2470ec1', 'context': [<snowplow_tracker.self_describing_json.SelfDescribingJson object at 0xffe99b74e300>]}
[0m18:30:07.380049 [info ] [MainThread]: Registered adapter: databricks=1.11.0
[0m18:30:07.542369 [debug] [MainThread]: checksum: 14a228079bd6df63ba81633f9a3cf44ecfaa31056ac397c602753ec895dbf885, vars: {}, profile: , target: , version: 1.10.15
[0m18:30:07.544245 [info ] [MainThread]: Unable to do partial parsing because saved manifest not found. Starting full parse.
[0m18:30:07.545148 [debug] [MainThread]: Sending event: {'category': 'dbt', 'action': 'partial_parser', 'label': 'c2fa387c-d1ec-465c-aa21-e023f2470ec1', 'context': [<snowplow_tracker.self_describing_json.SelfDescribingJson object at 0xffe99aa9bef0>]}
[0m18:30:09.312180 [warn ] [MainThread]: [[33mWARNING[0m]: Did not find matching node for patch with name 'kyc_users' in the 'models' section of file 'tests/dbt_schema.yml'
[0m18:30:09.320967 [warn ] [MainThread]: [[33mWARNING[0m][MissingArgumentsPropertyInGenericTestDeprecation]: Deprecated
functionality
Found top-level arguments to test `accepted_values`. Arguments to generic tests
should be nested under the `arguments` property.`
[0m18:30:09.322012 [debug] [MainThread]: Sending event: {'category': 'dbt', 'action': 'deprecation', 'label': 'c2fa387c-d1ec-465c-aa21-e023f2470ec1', 'property_': 'warn', 'context': [<snowplow_tracker.self_describing_json.SelfDescribingJson object at 0xffe99a63d070>]}
[0m18:30:09.344306 [error] [MainThread]: Encountered an error:
Compilation Error
  Model 'model.databricks_warehouse.stg_users' (models/staging/stg_users.sql) depends on a source named 'bronzevolume.raw_users' which was not found
[0m18:30:09.345638 [warn ] [MainThread]: [[33mWARNING[0m][DeprecationsSummary]: Deprecated functionality
Summary of encountered deprecations:
- MissingArgumentsPropertyInGenericTestDeprecation: 1 occurrence
To see all deprecation instances instead of just the first occurrence of each,
run command again with the `--show-all-deprecations` flag. You may also need to
run with `--no-partial-parse` as some deprecations are only encountered during
parsing.
[0m18:30:09.347231 [debug] [MainThread]: Resource report: {"command_name": "test", "command_success": false, "command_wall_clock_time": 3.5860708, "process_in_blocks": "0", "process_kernel_time": 0.386101, "process_mem_max_rss": "232092", "process_out_blocks": "0", "process_user_time": 4.649137}
[0m18:30:09.349406 [debug] [MainThread]: Command `dbt test` failed at 18:30:09.349280 after 3.59 seconds
[0m18:30:09.350552 [debug] [MainThread]: Sending event: {'category': 'dbt', 'action': 'invocation', 'label': 'end', 'context': [<snowplow_tracker.self_describing_json.SelfDescribingJson object at 0xffe9b0164c50>, <snowplow_tracker.self_describing_json.SelfDescribingJson object at 0xffe99c45a9f0>, <snowplow_tracker.self_describing_json.SelfDescribingJson object at 0xffe99a889b80>]}
[0m18:30:09.351645 [debug] [MainThread]: Flushing usage events
[0m18:30:09.407970 [debug] [MainThread]: An error was encountered while trying to flush usage events
[0m18:31:25.657165 [debug] [MainThread]: Sending event: {'category': 'dbt', 'action': 'invocation', 'label': 'start', 'context': [<snowplow_tracker.self_describing_json.SelfDescribingJson object at 0xffae1d67bc20>, <snowplow_tracker.self_describing_json.SelfDescribingJson object at 0xffae1d6d5b80>, <snowplow_tracker.self_describing_json.SelfDescribingJson object at 0xffae1fa0c830>]}


============================== 18:31:25.661218 | 49eaabb2-54b9-4a75-a1a4-48a21e1e7b32 ==============================
[0m18:31:25.661218 [info ] [MainThread]: Running with dbt=1.10.15
[0m18:31:25.663139 [debug] [MainThread]: running dbt with arguments {'no_print': 'None', 'introspect': 'True', 'cache_selected_only': 'False', 'empty': 'False', 'target_path': 'None', 'warn_error_options': 'WarnErrorOptionsV2(error=[], warn=[], silence=[])', 'log_format': 'default', 'partial_parse': 'True', 'log_cache_events': 'False', 'version_check': 'True', 'fail_fast': 'False', 'send_anonymous_usage_stats': 'True', 'quiet': 'False', 'static_parser': 'True', 'use_experimental_parser': 'False', 'debug': 'False', 'log_path': '/Workspace/Repos/minhthy/dbt_project/logs', 'profiles_dir': '/Workspace/Users/minhthy1016@gmail.com/.dbt', 'warn_error': 'None', 'indirect_selection': 'eager', 'use_colors': 'True', 'printer_width': '80', 'write_json': 'True', 'invocation_command': 'dbt run'}
[0m18:31:26.594440 [debug] [MainThread]: Spark adapter: Setting pyhive.hive logging to ERROR
[0m18:31:26.595752 [debug] [MainThread]: Spark adapter: Setting thrift.transport logging to ERROR
[0m18:31:26.596644 [debug] [MainThread]: Spark adapter: Setting thrift.protocol logging to ERROR
[0m18:31:27.326092 [debug] [MainThread]: Sending event: {'category': 'dbt', 'action': 'project_id', 'label': '49eaabb2-54b9-4a75-a1a4-48a21e1e7b32', 'context': [<snowplow_tracker.self_describing_json.SelfDescribingJson object at 0xffae09fa2f60>]}
[0m18:31:27.421741 [debug] [MainThread]: Sending event: {'category': 'dbt', 'action': 'adapter_info', 'label': '49eaabb2-54b9-4a75-a1a4-48a21e1e7b32', 'context': [<snowplow_tracker.self_describing_json.SelfDescribingJson object at 0xffae1a94c3e0>]}
[0m18:31:27.423139 [info ] [MainThread]: Registered adapter: databricks=1.11.0
[0m18:31:27.612834 [debug] [MainThread]: checksum: 14a228079bd6df63ba81633f9a3cf44ecfaa31056ac397c602753ec895dbf885, vars: {}, profile: , target: , version: 1.10.15
[0m18:31:27.799876 [info ] [MainThread]: Unable to do partial parsing because saved manifest not found. Starting full parse.
[0m18:31:27.801411 [debug] [MainThread]: Sending event: {'category': 'dbt', 'action': 'partial_parser', 'label': '49eaabb2-54b9-4a75-a1a4-48a21e1e7b32', 'context': [<snowplow_tracker.self_describing_json.SelfDescribingJson object at 0xffae0a0dc8f0>]}
[0m18:31:30.712038 [error] [MainThread]: Encountered an error:
Compilation Error
  Model 'model.databricks_warehouse.stg_users' (models/staging/stg_users.sql) depends on a source named 'bronzevolume.raw_users' which was not found
[0m18:31:30.714441 [debug] [MainThread]: Resource report: {"command_name": "run", "command_success": false, "command_wall_clock_time": 5.679711, "process_in_blocks": "0", "process_kernel_time": 0.439316, "process_mem_max_rss": "231796", "process_out_blocks": "0", "process_user_time": 4.660748}
[0m18:31:30.715625 [debug] [MainThread]: Command `dbt run` failed at 18:31:30.715491 after 5.68 seconds
[0m18:31:30.716469 [debug] [MainThread]: Sending event: {'category': 'dbt', 'action': 'invocation', 'label': 'end', 'context': [<snowplow_tracker.self_describing_json.SelfDescribingJson object at 0xffae1e1f79e0>, <snowplow_tracker.self_describing_json.SelfDescribingJson object at 0xffae099fb2f0>, <snowplow_tracker.self_describing_json.SelfDescribingJson object at 0xffae09c50bf0>]}
[0m18:31:30.717388 [debug] [MainThread]: Flushing usage events
[0m18:31:30.772719 [debug] [MainThread]: An error was encountered while trying to flush usage events
[0m18:31:32.721158 [debug] [MainThread]: Sending event: {'category': 'dbt', 'action': 'invocation', 'label': 'start', 'context': [<snowplow_tracker.self_describing_json.SelfDescribingJson object at 0xff2609dafef0>, <snowplow_tracker.self_describing_json.SelfDescribingJson object at 0xff260912e120>, <snowplow_tracker.self_describing_json.SelfDescribingJson object at 0xff260b0da180>]}


============================== 18:31:32.725085 | 7fd8863c-2362-4a4d-9b34-3c0ebe75deb1 ==============================
[0m18:31:32.725085 [info ] [MainThread]: Running with dbt=1.10.15
[0m18:31:32.726279 [debug] [MainThread]: running dbt with arguments {'empty': 'False', 'profiles_dir': '/Workspace/Users/minhthy1016@gmail.com/.dbt', 'use_experimental_parser': 'False', 'static_parser': 'True', 'version_check': 'True', 'quiet': 'False', 'fail_fast': 'False', 'target_path': 'None', 'cache_selected_only': 'False', 'debug': 'False', 'printer_width': '80', 'warn_error_options': 'WarnErrorOptionsV2(error=[], warn=[], silence=[])', 'log_format': 'default', 'use_colors': 'True', 'log_path': '/Workspace/Repos/minhthy/dbt_project/logs', 'write_json': 'True', 'introspect': 'True', 'indirect_selection': 'eager', 'send_anonymous_usage_stats': 'True', 'warn_error': 'None', 'invocation_command': 'dbt snapshot', 'partial_parse': 'True', 'no_print': 'None', 'log_cache_events': 'False'}
[0m18:31:33.519919 [debug] [MainThread]: Spark adapter: Setting pyhive.hive logging to ERROR
[0m18:31:33.521062 [debug] [MainThread]: Spark adapter: Setting thrift.transport logging to ERROR
[0m18:31:33.521940 [debug] [MainThread]: Spark adapter: Setting thrift.protocol logging to ERROR
[0m18:31:34.249981 [debug] [MainThread]: Sending event: {'category': 'dbt', 'action': 'project_id', 'label': '7fd8863c-2362-4a4d-9b34-3c0ebe75deb1', 'context': [<snowplow_tracker.self_describing_json.SelfDescribingJson object at 0xff25f6f44080>]}
[0m18:31:34.313174 [debug] [MainThread]: Sending event: {'category': 'dbt', 'action': 'adapter_info', 'label': '7fd8863c-2362-4a4d-9b34-3c0ebe75deb1', 'context': [<snowplow_tracker.self_describing_json.SelfDescribingJson object at 0xff26086d8740>]}
[0m18:31:34.314601 [info ] [MainThread]: Registered adapter: databricks=1.11.0
[0m18:31:34.483197 [debug] [MainThread]: checksum: 14a228079bd6df63ba81633f9a3cf44ecfaa31056ac397c602753ec895dbf885, vars: {}, profile: , target: , version: 1.10.15
[0m18:31:34.525294 [info ] [MainThread]: Unable to do partial parsing because saved manifest not found. Starting full parse.
[0m18:31:34.526875 [debug] [MainThread]: Sending event: {'category': 'dbt', 'action': 'partial_parser', 'label': '7fd8863c-2362-4a4d-9b34-3c0ebe75deb1', 'context': [<snowplow_tracker.self_describing_json.SelfDescribingJson object at 0xff26084289b0>]}
[0m18:31:36.302946 [error] [MainThread]: Encountered an error:
Compilation Error
  Model 'model.databricks_warehouse.stg_users' (models/staging/stg_users.sql) depends on a source named 'bronzevolume.raw_users' which was not found
[0m18:31:36.305207 [debug] [MainThread]: Resource report: {"command_name": "snapshot", "command_success": false, "command_wall_clock_time": 3.641925, "process_in_blocks": "0", "process_kernel_time": 0.454391, "process_mem_max_rss": "231780", "process_out_blocks": "0", "process_user_time": 4.611675}
[0m18:31:36.306281 [debug] [MainThread]: Command `dbt snapshot` failed at 18:31:36.306154 after 3.64 seconds
[0m18:31:36.307267 [debug] [MainThread]: Sending event: {'category': 'dbt', 'action': 'invocation', 'label': 'end', 'context': [<snowplow_tracker.self_describing_json.SelfDescribingJson object at 0xff26090e6ab0>, <snowplow_tracker.self_describing_json.SelfDescribingJson object at 0xff25f5588980>, <snowplow_tracker.self_describing_json.SelfDescribingJson object at 0xff25f4ea1370>]}
[0m18:31:36.308179 [debug] [MainThread]: Flushing usage events
[0m18:31:36.369095 [debug] [MainThread]: An error was encountered while trying to flush usage events
[0m18:31:38.319005 [debug] [MainThread]: Sending event: {'category': 'dbt', 'action': 'invocation', 'label': 'start', 'context': [<snowplow_tracker.self_describing_json.SelfDescribingJson object at 0xff4c0d7813a0>, <snowplow_tracker.self_describing_json.SelfDescribingJson object at 0xff4c0bc6a0c0>, <snowplow_tracker.self_describing_json.SelfDescribingJson object at 0xff4c0bc680e0>]}


============================== 18:31:38.322975 | 3fc185f8-51a7-4e66-ac93-a8298d105c9f ==============================
[0m18:31:38.322975 [info ] [MainThread]: Running with dbt=1.10.15
[0m18:31:38.323904 [debug] [MainThread]: running dbt with arguments {'target_path': 'None', 'quiet': 'False', 'version_check': 'True', 'log_cache_events': 'False', 'warn_error_options': 'WarnErrorOptionsV2(error=[], warn=[], silence=[])', 'profiles_dir': '/Workspace/Users/minhthy1016@gmail.com/.dbt', 'write_json': 'True', 'cache_selected_only': 'False', 'warn_error': 'None', 'no_print': 'None', 'log_format': 'default', 'indirect_selection': 'eager', 'invocation_command': 'dbt test', 'fail_fast': 'False', 'debug': 'False', 'use_colors': 'True', 'send_anonymous_usage_stats': 'True', 'partial_parse': 'True', 'introspect': 'True', 'empty': 'None', 'static_parser': 'True', 'log_path': '/Workspace/Repos/minhthy/dbt_project/logs', 'use_experimental_parser': 'False', 'printer_width': '80'}
[0m18:31:39.092692 [debug] [MainThread]: Spark adapter: Setting pyhive.hive logging to ERROR
[0m18:31:39.095793 [debug] [MainThread]: Spark adapter: Setting thrift.transport logging to ERROR
[0m18:31:39.096669 [debug] [MainThread]: Spark adapter: Setting thrift.protocol logging to ERROR
[0m18:31:39.775425 [debug] [MainThread]: Sending event: {'category': 'dbt', 'action': 'project_id', 'label': '3fc185f8-51a7-4e66-ac93-a8298d105c9f', 'context': [<snowplow_tracker.self_describing_json.SelfDescribingJson object at 0xff4c0e4a5490>]}
[0m18:31:39.837310 [debug] [MainThread]: Sending event: {'category': 'dbt', 'action': 'adapter_info', 'label': '3fc185f8-51a7-4e66-ac93-a8298d105c9f', 'context': [<snowplow_tracker.self_describing_json.SelfDescribingJson object at 0xff4bf9d8e300>]}
[0m18:31:39.838771 [info ] [MainThread]: Registered adapter: databricks=1.11.0
[0m18:31:40.001677 [debug] [MainThread]: checksum: 14a228079bd6df63ba81633f9a3cf44ecfaa31056ac397c602753ec895dbf885, vars: {}, profile: , target: , version: 1.10.15
[0m18:31:40.003555 [info ] [MainThread]: Unable to do partial parsing because saved manifest not found. Starting full parse.
[0m18:31:40.004674 [debug] [MainThread]: Sending event: {'category': 'dbt', 'action': 'partial_parser', 'label': '3fc185f8-51a7-4e66-ac93-a8298d105c9f', 'context': [<snowplow_tracker.self_describing_json.SelfDescribingJson object at 0xff4bf96380e0>]}
[0m18:31:41.770893 [error] [MainThread]: Encountered an error:
Compilation Error
  Model 'model.databricks_warehouse.stg_users' (models/staging/stg_users.sql) depends on a source named 'bronzevolume.raw_users' which was not found
[0m18:31:41.773755 [debug] [MainThread]: Resource report: {"command_name": "test", "command_success": false, "command_wall_clock_time": 3.5112045, "process_in_blocks": "0", "process_kernel_time": 0.356229, "process_mem_max_rss": "231792", "process_out_blocks": "0", "process_user_time": 4.622975}
[0m18:31:41.774880 [debug] [MainThread]: Command `dbt test` failed at 18:31:41.774764 after 3.51 seconds
[0m18:31:41.775735 [debug] [MainThread]: Sending event: {'category': 'dbt', 'action': 'invocation', 'label': 'end', 'context': [<snowplow_tracker.self_describing_json.SelfDescribingJson object at 0xff4c0cbe2570>, <snowplow_tracker.self_describing_json.SelfDescribingJson object at 0xff4bf8b45e50>, <snowplow_tracker.self_describing_json.SelfDescribingJson object at 0xff4bf8d75040>]}
[0m18:31:41.776495 [debug] [MainThread]: Flushing usage events
[0m18:31:41.831010 [debug] [MainThread]: An error was encountered while trying to flush usage events
[0m18:37:48.709639 [debug] [MainThread]: Sending event: {'category': 'dbt', 'action': 'invocation', 'label': 'start', 'context': [<snowplow_tracker.self_describing_json.SelfDescribingJson object at 0xff2772d81b20>, <snowplow_tracker.self_describing_json.SelfDescribingJson object at 0xff2772540bc0>, <snowplow_tracker.self_describing_json.SelfDescribingJson object at 0xff2772543170>]}


============================== 18:37:48.714006 | da7936b2-326f-4bf5-b635-07b549608776 ==============================
[0m18:37:48.714006 [info ] [MainThread]: Running with dbt=1.10.15
[0m18:37:48.715218 [debug] [MainThread]: running dbt with arguments {'use_experimental_parser': 'False', 'invocation_command': 'dbt run', 'empty': 'False', 'version_check': 'True', 'use_colors': 'True', 'partial_parse': 'True', 'profiles_dir': '/Workspace/Users/minhthy1016@gmail.com/.dbt', 'printer_width': '80', 'warn_error': 'None', 'introspect': 'True', 'indirect_selection': 'eager', 'log_path': '/Workspace/Repos/minhthy/dbt_project/logs', 'no_print': 'None', 'warn_error_options': 'WarnErrorOptionsV2(error=[], warn=[], silence=[])', 'fail_fast': 'False', 'target_path': 'None', 'write_json': 'True', 'send_anonymous_usage_stats': 'True', 'debug': 'False', 'log_format': 'default', 'log_cache_events': 'False', 'static_parser': 'True', 'quiet': 'False', 'cache_selected_only': 'False'}
[0m18:37:49.527986 [debug] [MainThread]: Spark adapter: Setting pyhive.hive logging to ERROR
[0m18:37:49.529415 [debug] [MainThread]: Spark adapter: Setting thrift.transport logging to ERROR
[0m18:37:49.530435 [debug] [MainThread]: Spark adapter: Setting thrift.protocol logging to ERROR
[0m18:37:50.248709 [debug] [MainThread]: Sending event: {'category': 'dbt', 'action': 'project_id', 'label': 'da7936b2-326f-4bf5-b635-07b549608776', 'context': [<snowplow_tracker.self_describing_json.SelfDescribingJson object at 0xff2772ca4b90>]}
[0m18:37:50.340835 [debug] [MainThread]: Sending event: {'category': 'dbt', 'action': 'adapter_info', 'label': 'da7936b2-326f-4bf5-b635-07b549608776', 'context': [<snowplow_tracker.self_describing_json.SelfDescribingJson object at 0xff275edb4a70>]}
[0m18:37:50.342112 [info ] [MainThread]: Registered adapter: databricks=1.11.0
[0m18:37:50.642612 [debug] [MainThread]: checksum: 14a228079bd6df63ba81633f9a3cf44ecfaa31056ac397c602753ec895dbf885, vars: {}, profile: , target: , version: 1.10.15
[0m18:37:50.678174 [info ] [MainThread]: Unable to do partial parsing because saved manifest not found. Starting full parse.
[0m18:37:50.679611 [debug] [MainThread]: Sending event: {'category': 'dbt', 'action': 'partial_parser', 'label': 'da7936b2-326f-4bf5-b635-07b549608776', 'context': [<snowplow_tracker.self_describing_json.SelfDescribingJson object at 0xff275ef7bef0>]}
[0m18:37:53.936742 [error] [MainThread]: Encountered an error:
Compilation Error
  Model 'model.databricks_warehouse.stg_transactions' (models/staging/stg_transactions.sql) depends on a source named 'bronzevolume.transactions' which was not found
[0m18:37:53.943627 [debug] [MainThread]: Resource report: {"command_name": "run", "command_success": false, "command_wall_clock_time": 6.270226, "process_in_blocks": "0", "process_kernel_time": 0.394925, "process_mem_max_rss": "231752", "process_out_blocks": "0", "process_user_time": 4.782981}
[0m18:37:53.945459 [debug] [MainThread]: Command `dbt run` failed at 18:37:53.945306 after 6.27 seconds
[0m18:37:53.946450 [debug] [MainThread]: Sending event: {'category': 'dbt', 'action': 'invocation', 'label': 'end', 'context': [<snowplow_tracker.self_describing_json.SelfDescribingJson object at 0xff2771aa1df0>, <snowplow_tracker.self_describing_json.SelfDescribingJson object at 0xff275e829b20>, <snowplow_tracker.self_describing_json.SelfDescribingJson object at 0xff275ea0e150>]}
[0m18:37:53.947346 [debug] [MainThread]: Flushing usage events
[0m18:37:54.004788 [debug] [MainThread]: An error was encountered while trying to flush usage events
[0m18:37:56.034775 [debug] [MainThread]: Sending event: {'category': 'dbt', 'action': 'invocation', 'label': 'start', 'context': [<snowplow_tracker.self_describing_json.SelfDescribingJson object at 0xff37f517dd60>, <snowplow_tracker.self_describing_json.SelfDescribingJson object at 0xff37f6812510>, <snowplow_tracker.self_describing_json.SelfDescribingJson object at 0xff37f531deb0>]}


============================== 18:37:56.039323 | 25ac3cce-bf30-4645-a7c3-06782e8dc9f8 ==============================
[0m18:37:56.039323 [info ] [MainThread]: Running with dbt=1.10.15
[0m18:37:56.040517 [debug] [MainThread]: running dbt with arguments {'profiles_dir': '/Workspace/Users/minhthy1016@gmail.com/.dbt', 'debug': 'False', 'invocation_command': 'dbt snapshot', 'printer_width': '80', 'target_path': 'None', 'introspect': 'True', 'warn_error_options': 'WarnErrorOptionsV2(error=[], warn=[], silence=[])', 'empty': 'False', 'cache_selected_only': 'False', 'log_format': 'default', 'indirect_selection': 'eager', 'use_colors': 'True', 'no_print': 'None', 'warn_error': 'None', 'static_parser': 'True', 'quiet': 'False', 'send_anonymous_usage_stats': 'True', 'use_experimental_parser': 'False', 'partial_parse': 'True', 'log_cache_events': 'False', 'log_path': '/Workspace/Repos/minhthy/dbt_project/logs', 'fail_fast': 'False', 'version_check': 'True', 'write_json': 'True'}
[0m18:37:56.813307 [debug] [MainThread]: Spark adapter: Setting pyhive.hive logging to ERROR
[0m18:37:56.814541 [debug] [MainThread]: Spark adapter: Setting thrift.transport logging to ERROR
[0m18:37:56.815365 [debug] [MainThread]: Spark adapter: Setting thrift.protocol logging to ERROR
[0m18:37:57.522977 [debug] [MainThread]: Sending event: {'category': 'dbt', 'action': 'project_id', 'label': '25ac3cce-bf30-4645-a7c3-06782e8dc9f8', 'context': [<snowplow_tracker.self_describing_json.SelfDescribingJson object at 0xff37e12311f0>]}
[0m18:37:57.584961 [debug] [MainThread]: Sending event: {'category': 'dbt', 'action': 'adapter_info', 'label': '25ac3cce-bf30-4645-a7c3-06782e8dc9f8', 'context': [<snowplow_tracker.self_describing_json.SelfDescribingJson object at 0xff37e1a5bf80>]}
[0m18:37:57.586322 [info ] [MainThread]: Registered adapter: databricks=1.11.0
[0m18:37:57.748223 [debug] [MainThread]: checksum: 14a228079bd6df63ba81633f9a3cf44ecfaa31056ac397c602753ec895dbf885, vars: {}, profile: , target: , version: 1.10.15
[0m18:37:57.750098 [info ] [MainThread]: Unable to do partial parsing because saved manifest not found. Starting full parse.
[0m18:37:57.751307 [debug] [MainThread]: Sending event: {'category': 'dbt', 'action': 'partial_parser', 'label': '25ac3cce-bf30-4645-a7c3-06782e8dc9f8', 'context': [<snowplow_tracker.self_describing_json.SelfDescribingJson object at 0xff37e14a3c50>]}
[0m18:37:59.585300 [error] [MainThread]: Encountered an error:
Compilation Error
  Model 'model.databricks_warehouse.stg_transactions' (models/staging/stg_transactions.sql) depends on a source named 'bronzevolume.transactions' which was not found
[0m18:37:59.587870 [debug] [MainThread]: Resource report: {"command_name": "snapshot", "command_success": false, "command_wall_clock_time": 3.6094615, "process_in_blocks": "728", "process_kernel_time": 0.394149, "process_mem_max_rss": "231748", "process_out_blocks": "0", "process_user_time": 4.725811}
[0m18:37:59.589135 [debug] [MainThread]: Command `dbt snapshot` failed at 18:37:59.588994 after 3.61 seconds
[0m18:37:59.590175 [debug] [MainThread]: Sending event: {'category': 'dbt', 'action': 'invocation', 'label': 'end', 'context': [<snowplow_tracker.self_describing_json.SelfDescribingJson object at 0xff37f5097110>, <snowplow_tracker.self_describing_json.SelfDescribingJson object at 0xff37e07f8980>, <snowplow_tracker.self_describing_json.SelfDescribingJson object at 0xff37e0fabef0>]}
[0m18:37:59.591172 [debug] [MainThread]: Flushing usage events
[0m18:37:59.646792 [debug] [MainThread]: An error was encountered while trying to flush usage events
[0m18:38:01.642078 [debug] [MainThread]: Sending event: {'category': 'dbt', 'action': 'invocation', 'label': 'start', 'context': [<snowplow_tracker.self_describing_json.SelfDescribingJson object at 0xff3789ae8740>, <snowplow_tracker.self_describing_json.SelfDescribingJson object at 0xff3787c0cef0>, <snowplow_tracker.self_describing_json.SelfDescribingJson object at 0xff3787549340>]}


============================== 18:38:01.645947 | 0b69622f-9831-45ea-aba4-f29eddc1916e ==============================
[0m18:38:01.645947 [info ] [MainThread]: Running with dbt=1.10.15
[0m18:38:01.647507 [debug] [MainThread]: running dbt with arguments {'no_print': 'None', 'write_json': 'True', 'use_colors': 'True', 'warn_error_options': 'WarnErrorOptionsV2(error=[], warn=[], silence=[])', 'target_path': 'None', 'log_format': 'default', 'log_path': '/Workspace/Repos/minhthy/dbt_project/logs', 'log_cache_events': 'False', 'introspect': 'True', 'cache_selected_only': 'False', 'version_check': 'True', 'printer_width': '80', 'quiet': 'False', 'warn_error': 'None', 'send_anonymous_usage_stats': 'True', 'empty': 'None', 'fail_fast': 'False', 'partial_parse': 'True', 'debug': 'False', 'use_experimental_parser': 'False', 'invocation_command': 'dbt test', 'indirect_selection': 'eager', 'profiles_dir': '/Workspace/Users/minhthy1016@gmail.com/.dbt', 'static_parser': 'True'}
[0m18:38:02.430167 [debug] [MainThread]: Spark adapter: Setting pyhive.hive logging to ERROR
[0m18:38:02.431424 [debug] [MainThread]: Spark adapter: Setting thrift.transport logging to ERROR
[0m18:38:02.432189 [debug] [MainThread]: Spark adapter: Setting thrift.protocol logging to ERROR
[0m18:38:03.182534 [debug] [MainThread]: Sending event: {'category': 'dbt', 'action': 'project_id', 'label': '0b69622f-9831-45ea-aba4-f29eddc1916e', 'context': [<snowplow_tracker.self_describing_json.SelfDescribingJson object at 0xff3774da0170>]}
[0m18:38:03.245415 [debug] [MainThread]: Sending event: {'category': 'dbt', 'action': 'adapter_info', 'label': '0b69622f-9831-45ea-aba4-f29eddc1916e', 'context': [<snowplow_tracker.self_describing_json.SelfDescribingJson object at 0xff37746680b0>]}
[0m18:38:03.246804 [info ] [MainThread]: Registered adapter: databricks=1.11.0
[0m18:38:03.410322 [debug] [MainThread]: checksum: 14a228079bd6df63ba81633f9a3cf44ecfaa31056ac397c602753ec895dbf885, vars: {}, profile: , target: , version: 1.10.15
[0m18:38:03.464643 [info ] [MainThread]: Unable to do partial parsing because saved manifest not found. Starting full parse.
[0m18:38:03.465780 [debug] [MainThread]: Sending event: {'category': 'dbt', 'action': 'partial_parser', 'label': '0b69622f-9831-45ea-aba4-f29eddc1916e', 'context': [<snowplow_tracker.self_describing_json.SelfDescribingJson object at 0xff3774567cb0>]}
[0m18:38:05.329895 [error] [MainThread]: Encountered an error:
Compilation Error
  Model 'model.databricks_warehouse.stg_transactions' (models/staging/stg_transactions.sql) depends on a source named 'bronzevolume.transactions' which was not found
[0m18:38:05.332082 [debug] [MainThread]: Resource report: {"command_name": "test", "command_success": false, "command_wall_clock_time": 3.7461042, "process_in_blocks": "0", "process_kernel_time": 0.396436, "process_mem_max_rss": "231676", "process_out_blocks": "0", "process_user_time": 4.769132}
[0m18:38:05.333362 [debug] [MainThread]: Command `dbt test` failed at 18:38:05.333235 after 3.75 seconds
[0m18:38:05.334242 [debug] [MainThread]: Sending event: {'category': 'dbt', 'action': 'invocation', 'label': 'end', 'context': [<snowplow_tracker.self_describing_json.SelfDescribingJson object at 0xff3787207200>, <snowplow_tracker.self_describing_json.SelfDescribingJson object at 0xff3773981760>, <snowplow_tracker.self_describing_json.SelfDescribingJson object at 0xff3773ef19a0>]}
[0m18:38:05.335055 [debug] [MainThread]: Flushing usage events
[0m18:38:05.392231 [debug] [MainThread]: An error was encountered while trying to flush usage events
[0m18:38:22.034479 [debug] [MainThread]: Sending event: {'category': 'dbt', 'action': 'invocation', 'label': 'start', 'context': [<snowplow_tracker.self_describing_json.SelfDescribingJson object at 0xff10c98d5370>, <snowplow_tracker.self_describing_json.SelfDescribingJson object at 0xff10ca02e8a0>, <snowplow_tracker.self_describing_json.SelfDescribingJson object at 0xff10c9961ac0>]}


============================== 18:38:22.038506 | 1dc7caa0-f5b0-4bf4-83e6-1d1dad839e1e ==============================
[0m18:38:22.038506 [info ] [MainThread]: Running with dbt=1.10.15
[0m18:38:22.040427 [debug] [MainThread]: running dbt with arguments {'invocation_command': 'dbt run --profiles-dir /Workspace/Users/minhthy1016@gmail.com/.dbt', 'version_check': 'True', 'quiet': 'False', 'cache_selected_only': 'False', 'warn_error_options': 'WarnErrorOptionsV2(error=[], warn=[], silence=[])', 'log_cache_events': 'False', 'partial_parse': 'True', 'introspect': 'True', 'use_colors': 'True', 'static_parser': 'True', 'fail_fast': 'False', 'debug': 'False', 'no_print': 'None', 'write_json': 'True', 'use_experimental_parser': 'False', 'indirect_selection': 'eager', 'log_format': 'default', 'target_path': 'None', 'profiles_dir': '/Workspace/Users/minhthy1016@gmail.com/.dbt', 'printer_width': '80', 'warn_error': 'None', 'send_anonymous_usage_stats': 'True', 'log_path': '/Workspace/Repos/minhthy/dbt_project/logs', 'empty': 'False'}
[0m18:38:22.867436 [debug] [MainThread]: Spark adapter: Setting pyhive.hive logging to ERROR
[0m18:38:22.868796 [debug] [MainThread]: Spark adapter: Setting thrift.transport logging to ERROR
[0m18:38:22.869766 [debug] [MainThread]: Spark adapter: Setting thrift.protocol logging to ERROR
[0m18:38:23.589667 [debug] [MainThread]: Sending event: {'category': 'dbt', 'action': 'project_id', 'label': '1dc7caa0-f5b0-4bf4-83e6-1d1dad839e1e', 'context': [<snowplow_tracker.self_describing_json.SelfDescribingJson object at 0xff10b65407a0>]}
[0m18:38:23.796099 [debug] [MainThread]: Sending event: {'category': 'dbt', 'action': 'adapter_info', 'label': '1dc7caa0-f5b0-4bf4-83e6-1d1dad839e1e', 'context': [<snowplow_tracker.self_describing_json.SelfDescribingJson object at 0xff10b88817c0>]}
[0m18:38:23.797458 [info ] [MainThread]: Registered adapter: databricks=1.11.0
[0m18:38:24.014069 [debug] [MainThread]: checksum: 14a228079bd6df63ba81633f9a3cf44ecfaa31056ac397c602753ec895dbf885, vars: {}, profile: , target: , version: 1.10.15
[0m18:38:24.155737 [info ] [MainThread]: Unable to do partial parsing because saved manifest not found. Starting full parse.
[0m18:38:24.157017 [debug] [MainThread]: Sending event: {'category': 'dbt', 'action': 'partial_parser', 'label': '1dc7caa0-f5b0-4bf4-83e6-1d1dad839e1e', 'context': [<snowplow_tracker.self_describing_json.SelfDescribingJson object at 0xff10b701be00>]}
[0m18:38:28.228227 [error] [MainThread]: Encountered an error:
Compilation Error
  Model 'model.databricks_warehouse.stg_transactions' (models/staging/stg_transactions.sql) depends on a source named 'bronzevolume.transactions' which was not found
[0m18:38:28.232237 [debug] [MainThread]: Resource report: {"command_name": "run", "command_success": false, "command_wall_clock_time": 6.8158407, "process_in_blocks": "344", "process_kernel_time": 0.315989, "process_mem_max_rss": "230228", "process_out_blocks": "0", "process_user_time": 4.859836}
[0m18:38:28.233429 [debug] [MainThread]: Command `dbt run` failed at 18:38:28.233303 after 6.82 seconds
[0m18:38:28.234309 [debug] [MainThread]: Sending event: {'category': 'dbt', 'action': 'invocation', 'label': 'end', 'context': [<snowplow_tracker.self_describing_json.SelfDescribingJson object at 0xff10cd408470>, <snowplow_tracker.self_describing_json.SelfDescribingJson object at 0xff10b5db9130>, <snowplow_tracker.self_describing_json.SelfDescribingJson object at 0xff10b5e58890>]}
[0m18:38:28.235126 [debug] [MainThread]: Flushing usage events
[0m18:38:28.295129 [debug] [MainThread]: An error was encountered while trying to flush usage events
[0m18:39:45.714641 [debug] [MainThread]: Sending event: {'category': 'dbt', 'action': 'invocation', 'label': 'start', 'context': [<snowplow_tracker.self_describing_json.SelfDescribingJson object at 0xff2db3803e30>, <snowplow_tracker.self_describing_json.SelfDescribingJson object at 0xff2db387a0f0>, <snowplow_tracker.self_describing_json.SelfDescribingJson object at 0xff2db3801340>]}


============================== 18:39:45.718642 | dca90b60-ae02-4ae0-bc8d-1472a05a4448 ==============================
[0m18:39:45.718642 [info ] [MainThread]: Running with dbt=1.10.15
[0m18:39:45.720024 [debug] [MainThread]: running dbt with arguments {'quiet': 'False', 'send_anonymous_usage_stats': 'True', 'invocation_command': 'dbt run --profiles-dir /Workspace/Users/minhthy1016@gmail.com/.dbt', 'profiles_dir': '/Workspace/Users/minhthy1016@gmail.com/.dbt', 'debug': 'False', 'fail_fast': 'False', 'use_experimental_parser': 'False', 'version_check': 'True', 'log_cache_events': 'False', 'indirect_selection': 'eager', 'warn_error': 'None', 'empty': 'False', 'printer_width': '80', 'log_path': '/Workspace/Repos/minhthy/dbt_project/logs', 'use_colors': 'True', 'log_format': 'default', 'partial_parse': 'True', 'no_print': 'None', 'warn_error_options': 'WarnErrorOptionsV2(error=[], warn=[], silence=[])', 'target_path': 'None', 'cache_selected_only': 'False', 'introspect': 'True', 'write_json': 'True', 'static_parser': 'True'}
[0m18:39:46.659837 [debug] [MainThread]: Spark adapter: Setting pyhive.hive logging to ERROR
[0m18:39:46.661259 [debug] [MainThread]: Spark adapter: Setting thrift.transport logging to ERROR
[0m18:39:46.662212 [debug] [MainThread]: Spark adapter: Setting thrift.protocol logging to ERROR
[0m18:39:47.342467 [debug] [MainThread]: Sending event: {'category': 'dbt', 'action': 'project_id', 'label': 'dca90b60-ae02-4ae0-bc8d-1472a05a4448', 'context': [<snowplow_tracker.self_describing_json.SelfDescribingJson object at 0xff2da02e6570>]}
[0m18:39:47.432589 [debug] [MainThread]: Sending event: {'category': 'dbt', 'action': 'adapter_info', 'label': 'dca90b60-ae02-4ae0-bc8d-1472a05a4448', 'context': [<snowplow_tracker.self_describing_json.SelfDescribingJson object at 0xff2da028a150>]}
[0m18:39:47.433974 [info ] [MainThread]: Registered adapter: databricks=1.11.0
[0m18:39:47.739129 [debug] [MainThread]: checksum: 14a228079bd6df63ba81633f9a3cf44ecfaa31056ac397c602753ec895dbf885, vars: {}, profile: , target: , version: 1.10.15
[0m18:39:47.772291 [info ] [MainThread]: Unable to do partial parsing because saved manifest not found. Starting full parse.
[0m18:39:47.773370 [debug] [MainThread]: Sending event: {'category': 'dbt', 'action': 'partial_parser', 'label': 'dca90b60-ae02-4ae0-bc8d-1472a05a4448', 'context': [<snowplow_tracker.self_describing_json.SelfDescribingJson object at 0xff2db2b2f290>]}
[0m18:39:50.810792 [error] [MainThread]: Encountered an error:
Compilation Error
  Model 'model.databricks_warehouse.int_transactions_enriched' (models/int/int_transactions_enriched.sql) depends on a node named 'kyc_users' which was not found
[0m18:39:50.813193 [debug] [MainThread]: Resource report: {"command_name": "run", "command_success": false, "command_wall_clock_time": 5.6944423, "process_in_blocks": "400", "process_kernel_time": 0.439945, "process_mem_max_rss": "229908", "process_out_blocks": "0", "process_user_time": 4.727417}
[0m18:39:50.814419 [debug] [MainThread]: Command `dbt run` failed at 18:39:50.814276 after 5.70 seconds
[0m18:39:50.815401 [debug] [MainThread]: Sending event: {'category': 'dbt', 'action': 'invocation', 'label': 'end', 'context': [<snowplow_tracker.self_describing_json.SelfDescribingJson object at 0xff2d9fdedd90>, <snowplow_tracker.self_describing_json.SelfDescribingJson object at 0xff2d9fbb6f60>, <snowplow_tracker.self_describing_json.SelfDescribingJson object at 0xff2d9fd3be30>]}
[0m18:39:50.816325 [debug] [MainThread]: Flushing usage events
[0m18:39:50.882992 [debug] [MainThread]: An error was encountered while trying to flush usage events
[0m18:41:54.423191 [debug] [MainThread]: Sending event: {'category': 'dbt', 'action': 'invocation', 'label': 'start', 'context': [<snowplow_tracker.self_describing_json.SelfDescribingJson object at 0xff6b39775160>, <snowplow_tracker.self_describing_json.SelfDescribingJson object at 0xff6b397b5df0>, <snowplow_tracker.self_describing_json.SelfDescribingJson object at 0xff6b3a36ec60>]}


============================== 18:41:54.427175 | 4dd8215d-0a00-4278-8a99-ec39b6736056 ==============================
[0m18:41:54.427175 [info ] [MainThread]: Running with dbt=1.10.15
[0m18:41:54.428120 [debug] [MainThread]: running dbt with arguments {'quiet': 'False', 'log_format': 'default', 'empty': 'False', 'send_anonymous_usage_stats': 'True', 'no_print': 'None', 'version_check': 'True', 'introspect': 'True', 'warn_error_options': 'WarnErrorOptionsV2(error=[], warn=[], silence=[])', 'fail_fast': 'False', 'use_colors': 'True', 'target_path': 'None', 'profiles_dir': '/Workspace/Users/minhthy1016@gmail.com/.dbt', 'indirect_selection': 'eager', 'invocation_command': 'dbt run --profiles-dir /Workspace/Users/minhthy1016@gmail.com/.dbt', 'debug': 'False', 'printer_width': '80', 'static_parser': 'True', 'cache_selected_only': 'False', 'warn_error': 'None', 'use_experimental_parser': 'False', 'log_cache_events': 'False', 'write_json': 'True', 'log_path': '/Workspace/Repos/minhthy/dbt_project/logs', 'partial_parse': 'True'}
[0m18:41:55.222752 [debug] [MainThread]: Spark adapter: Setting pyhive.hive logging to ERROR
[0m18:41:55.223858 [debug] [MainThread]: Spark adapter: Setting thrift.transport logging to ERROR
[0m18:41:55.224613 [debug] [MainThread]: Spark adapter: Setting thrift.protocol logging to ERROR
[0m18:41:55.921556 [debug] [MainThread]: Sending event: {'category': 'dbt', 'action': 'project_id', 'label': '4dd8215d-0a00-4278-8a99-ec39b6736056', 'context': [<snowplow_tracker.self_describing_json.SelfDescribingJson object at 0xff6b267285f0>]}
[0m18:41:56.022208 [debug] [MainThread]: Sending event: {'category': 'dbt', 'action': 'adapter_info', 'label': '4dd8215d-0a00-4278-8a99-ec39b6736056', 'context': [<snowplow_tracker.self_describing_json.SelfDescribingJson object at 0xff6b36948740>]}
[0m18:41:56.023490 [info ] [MainThread]: Registered adapter: databricks=1.11.0
[0m18:41:56.218720 [debug] [MainThread]: checksum: 14a228079bd6df63ba81633f9a3cf44ecfaa31056ac397c602753ec895dbf885, vars: {}, profile: , target: , version: 1.10.15
[0m18:41:56.414969 [info ] [MainThread]: Unable to do partial parsing because saved manifest not found. Starting full parse.
[0m18:41:56.416531 [debug] [MainThread]: Sending event: {'category': 'dbt', 'action': 'partial_parser', 'label': '4dd8215d-0a00-4278-8a99-ec39b6736056', 'context': [<snowplow_tracker.self_describing_json.SelfDescribingJson object at 0xff6b25cebc50>]}
[0m18:41:59.698617 [warn ] [MainThread]: [[33mWARNING[0m]: Configuration paths exist in your dbt_project.yml file which do not apply to any resources.
There are 1 unused configuration paths:
- seeds
[0m18:41:59.710613 [debug] [MainThread]: Sending event: {'category': 'dbt', 'action': 'load_project', 'label': '4dd8215d-0a00-4278-8a99-ec39b6736056', 'context': [<snowplow_tracker.self_describing_json.SelfDescribingJson object at 0xff6b25bb5c70>]}
[0m18:41:59.822613 [debug] [MainThread]: Wrote artifact WritableManifest to /Workspace/Repos/minhthy/dbt_project/target/manifest.json
[0m18:41:59.825721 [debug] [MainThread]: Wrote artifact SemanticManifest to /Workspace/Repos/minhthy/dbt_project/target/semantic_manifest.json
[0m18:41:59.836598 [debug] [MainThread]: Sending event: {'category': 'dbt', 'action': 'resource_counts', 'label': '4dd8215d-0a00-4278-8a99-ec39b6736056', 'context': [<snowplow_tracker.self_describing_json.SelfDescribingJson object at 0xff6b24f70dd0>]}
[0m18:41:59.837591 [info ] [MainThread]: Found 8 models, 1 snapshot, 6 data tests, 3 sources, 709 macros
[0m18:41:59.838947 [debug] [MainThread]: Sending event: {'category': 'dbt', 'action': 'runnable_timing', 'label': '4dd8215d-0a00-4278-8a99-ec39b6736056', 'context': [<snowplow_tracker.self_describing_json.SelfDescribingJson object at 0xff6b256de210>]}
[0m18:41:59.841504 [info ] [MainThread]: 
[0m18:41:59.842402 [info ] [MainThread]: Concurrency: 4 threads (target='dev')
[0m18:41:59.843189 [info ] [MainThread]: 
[0m18:41:59.844368 [debug] [MainThread]: Databricks adapter: DatabricksDBTConnection(session-id=None, name=master) - Creating connection
[0m18:41:59.845372 [debug] [MainThread]: Acquiring new databricks connection 'master'
[0m18:41:59.853115 [debug] [ThreadPool]: Databricks adapter: DatabricksDBTConnection(session-id=None, name=list_workspace) - Creating connection
[0m18:41:59.854323 [debug] [ThreadPool]: Acquiring new databricks connection 'list_workspace'
[0m18:41:59.861876 [debug] [ThreadPool]: Databricks adapter: DatabricksDBTConnection(session-id=None, name=list_workspace) - Creating connection
[0m18:41:59.866141 [debug] [ThreadPool]: Using databricks connection "list_workspace"
[0m18:41:59.867063 [debug] [ThreadPool]: Databricks adapter: DatabricksDBTConnection(session-id=None, name=list_workspace) - Creating connection
[0m18:41:59.867889 [debug] [ThreadPool]: Acquiring new databricks connection 'list_workspace'
[0m18:41:59.868665 [debug] [ThreadPool]: On list_workspace: /* {"app": "dbt", "dbt_version": "1.10.15", "dbt_databricks_version": "1.11.0", "databricks_sql_connector_version": "4.1.3", "profile_name": "databricks_dwh", "target_name": "dev", "connection_name": "list_workspace"} */

    show databases
  
[0m18:41:59.870470 [debug] [ThreadPool]: Acquiring new databricks connection 'list_workspace'
[0m18:41:59.874153 [debug] [ThreadPool]: Using databricks connection "list_workspace"
[0m18:41:59.875020 [debug] [ThreadPool]: Opening a new connection, currently in state init
[0m18:41:59.878093 [debug] [ThreadPool]: Using databricks connection "list_workspace"
[0m18:41:59.880083 [debug] [ThreadPool]: On list_workspace: /* {"app": "dbt", "dbt_version": "1.10.15", "dbt_databricks_version": "1.11.0", "databricks_sql_connector_version": "4.1.3", "profile_name": "databricks_dwh", "target_name": "dev", "connection_name": "list_workspace"} */

    show databases
  
[0m18:41:59.882007 [debug] [ThreadPool]: On list_workspace: /* {"app": "dbt", "dbt_version": "1.10.15", "dbt_databricks_version": "1.11.0", "databricks_sql_connector_version": "4.1.3", "profile_name": "databricks_dwh", "target_name": "dev", "connection_name": "list_workspace"} */

    show databases
  
[0m18:41:59.892432 [debug] [ThreadPool]: Opening a new connection, currently in state init
[0m18:41:59.891439 [debug] [ThreadPool]: Opening a new connection, currently in state init
[0m18:42:00.352387 [debug] [ThreadPool]: Databricks adapter: Connection(session-id=01f0c31b-efbf-1704-8df1-b1f46a696580) - Created
[0m18:42:00.363419 [debug] [ThreadPool]: Databricks adapter: Connection(session-id=01f0c31b-efbc-1a7b-af82-564c79401787) - Created
[0m18:42:00.365685 [debug] [ThreadPool]: Databricks adapter: Connection(session-id=01f0c31b-efc4-1da7-907d-5a2380bc541d) - Created
[0m18:42:11.994285 [debug] [ThreadPool]: SQL status: OK in 12.120 seconds
[0m18:42:11.995037 [debug] [ThreadPool]: SQL status: OK in 12.100 seconds
[0m18:42:11.995554 [debug] [ThreadPool]: SQL status: OK in 12.100 seconds
[0m18:42:12.009600 [debug] [ThreadPool]: Databricks adapter: Cursor(session-id=01f0c31b-efbf-1704-8df1-b1f46a696580, command-id=01f0c31b-efd3-185f-9589-3a63dbe65447) - Closing
[0m18:42:12.011048 [debug] [ThreadPool]: Databricks adapter: Cursor(session-id=01f0c31b-efbc-1a7b-af82-564c79401787, command-id=01f0c31b-efd4-1ecc-bac4-9ab2b25ab3d1) - Closing
[0m18:42:12.012395 [debug] [ThreadPool]: Databricks adapter: Cursor(session-id=01f0c31b-efc4-1da7-907d-5a2380bc541d, command-id=01f0c31b-efd5-1ddd-9dfb-063bd9f4e085) - Closing
[0m18:42:12.174622 [debug] [ThreadPool]: On list_workspace: Close
[0m18:42:12.176108 [debug] [ThreadPool]: Databricks adapter: Connection(session-id=01f0c31b-efbf-1704-8df1-b1f46a696580) - Closing
[0m18:42:12.229473 [debug] [ThreadPool]: On list_workspace: Close
[0m18:42:12.230656 [debug] [ThreadPool]: Databricks adapter: Connection(session-id=01f0c31b-efc4-1da7-907d-5a2380bc541d) - Closing
[0m18:42:12.274073 [debug] [ThreadPool]: On list_workspace: Close
[0m18:42:12.275306 [debug] [ThreadPool]: Databricks adapter: Connection(session-id=01f0c31b-efbc-1a7b-af82-564c79401787) - Closing
[0m18:42:12.343599 [debug] [ThreadPool]: Databricks adapter: DatabricksDBTConnection(session-id=None, name=create_workspace_bronze_bronze) - Creating connection
[0m18:42:12.344603 [debug] [ThreadPool]: Databricks adapter: DatabricksDBTConnection(session-id=None, name=create_workspace_bronze_gold) - Creating connection
[0m18:42:12.347489 [debug] [ThreadPool]: Acquiring new databricks connection 'create_workspace_bronze_gold'
[0m18:42:12.348694 [debug] [ThreadPool]: Creating schema "database: "workspace"
schema: "bronze_gold"
"
[0m18:42:12.346271 [debug] [ThreadPool]: Acquiring new databricks connection 'create_workspace_bronze_bronze'
[0m18:42:12.345414 [debug] [ThreadPool]: Databricks adapter: DatabricksDBTConnection(session-id=None, name=create_workspace_bronze_silver) - Creating connection
[0m18:42:12.360645 [debug] [ThreadPool]: Using databricks connection "create_workspace_bronze_gold"
[0m18:42:12.362105 [debug] [ThreadPool]: Creating schema "database: "workspace"
schema: "bronze_bronze"
"
[0m18:42:12.363039 [debug] [ThreadPool]: Acquiring new databricks connection 'create_workspace_bronze_silver'
[0m18:42:12.363831 [debug] [ThreadPool]: On create_workspace_bronze_gold: /* {"app": "dbt", "dbt_version": "1.10.15", "dbt_databricks_version": "1.11.0", "databricks_sql_connector_version": "4.1.3", "profile_name": "databricks_dwh", "target_name": "dev", "connection_name": "create_workspace_bronze_gold"} */
create schema if not exists workspace.bronze_gold
  
[0m18:42:12.366859 [debug] [ThreadPool]: Using databricks connection "create_workspace_bronze_bronze"
[0m18:42:12.367739 [debug] [ThreadPool]: Creating schema "database: "workspace"
schema: "bronze_silver"
"
[0m18:42:12.368570 [debug] [ThreadPool]: Opening a new connection, currently in state init
[0m18:42:12.369386 [debug] [ThreadPool]: On create_workspace_bronze_bronze: /* {"app": "dbt", "dbt_version": "1.10.15", "dbt_databricks_version": "1.11.0", "databricks_sql_connector_version": "4.1.3", "profile_name": "databricks_dwh", "target_name": "dev", "connection_name": "create_workspace_bronze_bronze"} */
create schema if not exists workspace.bronze_bronze
  
[0m18:42:12.372090 [debug] [ThreadPool]: Using databricks connection "create_workspace_bronze_silver"
[0m18:42:12.373716 [debug] [ThreadPool]: Opening a new connection, currently in state init
[0m18:42:12.374554 [debug] [ThreadPool]: On create_workspace_bronze_silver: /* {"app": "dbt", "dbt_version": "1.10.15", "dbt_databricks_version": "1.11.0", "databricks_sql_connector_version": "4.1.3", "profile_name": "databricks_dwh", "target_name": "dev", "connection_name": "create_workspace_bronze_silver"} */
create schema if not exists workspace.bronze_silver
  
[0m18:42:12.376178 [debug] [ThreadPool]: Opening a new connection, currently in state init
[0m18:42:12.696105 [debug] [ThreadPool]: Databricks adapter: Connection(session-id=01f0c31b-f72a-1db5-90a3-f29578ab97db) - Created
[0m18:42:12.701340 [debug] [ThreadPool]: Databricks adapter: Connection(session-id=01f0c31b-f72b-10c4-90cc-35b4caf78421) - Created
[0m18:42:12.733883 [debug] [ThreadPool]: Databricks adapter: Connection(session-id=01f0c31b-f72c-1f43-b81b-f7e337e95030) - Created
[0m18:42:14.477726 [debug] [ThreadPool]: SQL status: OK in 2.100 seconds
[0m18:42:14.478331 [debug] [ThreadPool]: SQL status: OK in 2.100 seconds
[0m18:42:14.479812 [debug] [ThreadPool]: Databricks adapter: Cursor(session-id=01f0c31b-f72a-1db5-90a3-f29578ab97db, command-id=01f0c31b-f72f-1247-97d4-5829c3b241a1) - Closing
[0m18:42:14.481268 [debug] [ThreadPool]: Databricks adapter: Cursor(session-id=01f0c31b-f72b-10c4-90cc-35b4caf78421, command-id=01f0c31b-f72f-1a61-801f-50e462fc0c8d) - Closing
[0m18:42:14.483519 [debug] [ThreadPool]: On create_workspace_bronze_silver: Close
[0m18:42:14.484810 [debug] [ThreadPool]: Databricks adapter: Connection(session-id=01f0c31b-f72a-1db5-90a3-f29578ab97db) - Closing
[0m18:42:14.527011 [debug] [ThreadPool]: On create_workspace_bronze_bronze: Close
[0m18:42:14.528065 [debug] [ThreadPool]: Databricks adapter: Connection(session-id=01f0c31b-f72b-10c4-90cc-35b4caf78421) - Closing
[0m18:42:14.662200 [debug] [ThreadPool]: SQL status: OK in 2.290 seconds
[0m18:42:14.664436 [debug] [ThreadPool]: Databricks adapter: Cursor(session-id=01f0c31b-f72c-1f43-b81b-f7e337e95030, command-id=01f0c31b-f734-18f3-ae60-05f9a5ec0d40) - Closing
[0m18:42:14.665413 [debug] [ThreadPool]: On create_workspace_bronze_gold: Close
[0m18:42:14.666360 [debug] [ThreadPool]: Databricks adapter: Connection(session-id=01f0c31b-f72c-1f43-b81b-f7e337e95030) - Closing
[0m18:42:14.722441 [debug] [ThreadPool]: Databricks adapter: DatabricksDBTConnection(session-id=None, name=list_workspace_bronze_bronze) - Creating connection
[0m18:42:14.723718 [debug] [ThreadPool]: Databricks adapter: DatabricksDBTConnection(session-id=None, name=list_workspace_bronze_gold) - Creating connection
[0m18:42:14.724549 [debug] [ThreadPool]: Databricks adapter: DatabricksDBTConnection(session-id=None, name=list_workspace_silver) - Creating connection
[0m18:42:14.725361 [debug] [ThreadPool]: Databricks adapter: DatabricksDBTConnection(session-id=None, name=list_workspace_bronze_silver) - Creating connection
[0m18:42:14.726092 [debug] [ThreadPool]: Acquiring new databricks connection 'list_workspace_bronze_bronze'
[0m18:42:14.726856 [debug] [ThreadPool]: Acquiring new databricks connection 'list_workspace_bronze_gold'
[0m18:42:14.727502 [debug] [ThreadPool]: Acquiring new databricks connection 'list_workspace_silver'
[0m18:42:14.728252 [debug] [ThreadPool]: Acquiring new databricks connection 'list_workspace_bronze_silver'
[0m18:42:14.736023 [debug] [ThreadPool]: Using databricks connection "list_workspace_bronze_bronze"
[0m18:42:14.738503 [debug] [ThreadPool]: Using databricks connection "list_workspace_bronze_gold"
[0m18:42:14.751060 [debug] [ThreadPool]: Using databricks connection "list_workspace_silver"
[0m18:42:14.753975 [debug] [ThreadPool]: Using databricks connection "list_workspace_bronze_silver"
[0m18:42:14.755039 [debug] [ThreadPool]: On list_workspace_bronze_bronze: /* {"app": "dbt", "dbt_version": "1.10.15", "dbt_databricks_version": "1.11.0", "databricks_sql_connector_version": "4.1.3", "profile_name": "databricks_dwh", "target_name": "dev", "connection_name": "list_workspace_bronze_bronze"} */

    
SELECT
  table_name,
  if(table_type IN ('EXTERNAL', 'MANAGED', 'MANAGED_SHALLOW_CLONE', 'EXTERNAL_SHALLOW_CLONE'), 'table', lower(table_type)) AS table_type,
  lower(data_source_format) AS file_format,
  table_owner,
  if(
    table_type IN (
      'EXTERNAL',
      'MANAGED',
      'MANAGED_SHALLOW_CLONE',
      'EXTERNAL_SHALLOW_CLONE'
    ),
    lower(table_type),
    NULL
  ) AS databricks_table_type
FROM `system`.`information_schema`.`tables`
WHERE table_catalog = 'workspace' 
  AND table_schema = 'bronze_bronze'

  
[0m18:42:14.756466 [debug] [ThreadPool]: On list_workspace_bronze_gold: /* {"app": "dbt", "dbt_version": "1.10.15", "dbt_databricks_version": "1.11.0", "databricks_sql_connector_version": "4.1.3", "profile_name": "databricks_dwh", "target_name": "dev", "connection_name": "list_workspace_bronze_gold"} */

    
SELECT
  table_name,
  if(table_type IN ('EXTERNAL', 'MANAGED', 'MANAGED_SHALLOW_CLONE', 'EXTERNAL_SHALLOW_CLONE'), 'table', lower(table_type)) AS table_type,
  lower(data_source_format) AS file_format,
  table_owner,
  if(
    table_type IN (
      'EXTERNAL',
      'MANAGED',
      'MANAGED_SHALLOW_CLONE',
      'EXTERNAL_SHALLOW_CLONE'
    ),
    lower(table_type),
    NULL
  ) AS databricks_table_type
FROM `system`.`information_schema`.`tables`
WHERE table_catalog = 'workspace' 
  AND table_schema = 'bronze_gold'

  
[0m18:42:14.757734 [debug] [ThreadPool]: On list_workspace_silver: /* {"app": "dbt", "dbt_version": "1.10.15", "dbt_databricks_version": "1.11.0", "databricks_sql_connector_version": "4.1.3", "profile_name": "databricks_dwh", "target_name": "dev", "connection_name": "list_workspace_silver"} */

    
SELECT
  table_name,
  if(table_type IN ('EXTERNAL', 'MANAGED', 'MANAGED_SHALLOW_CLONE', 'EXTERNAL_SHALLOW_CLONE'), 'table', lower(table_type)) AS table_type,
  lower(data_source_format) AS file_format,
  table_owner,
  if(
    table_type IN (
      'EXTERNAL',
      'MANAGED',
      'MANAGED_SHALLOW_CLONE',
      'EXTERNAL_SHALLOW_CLONE'
    ),
    lower(table_type),
    NULL
  ) AS databricks_table_type
FROM `system`.`information_schema`.`tables`
WHERE table_catalog = 'workspace' 
  AND table_schema = 'silver'

  
[0m18:42:14.758773 [debug] [ThreadPool]: On list_workspace_bronze_silver: /* {"app": "dbt", "dbt_version": "1.10.15", "dbt_databricks_version": "1.11.0", "databricks_sql_connector_version": "4.1.3", "profile_name": "databricks_dwh", "target_name": "dev", "connection_name": "list_workspace_bronze_silver"} */

    
SELECT
  table_name,
  if(table_type IN ('EXTERNAL', 'MANAGED', 'MANAGED_SHALLOW_CLONE', 'EXTERNAL_SHALLOW_CLONE'), 'table', lower(table_type)) AS table_type,
  lower(data_source_format) AS file_format,
  table_owner,
  if(
    table_type IN (
      'EXTERNAL',
      'MANAGED',
      'MANAGED_SHALLOW_CLONE',
      'EXTERNAL_SHALLOW_CLONE'
    ),
    lower(table_type),
    NULL
  ) AS databricks_table_type
FROM `system`.`information_schema`.`tables`
WHERE table_catalog = 'workspace' 
  AND table_schema = 'bronze_silver'

  
[0m18:42:14.759659 [debug] [ThreadPool]: Opening a new connection, currently in state init
[0m18:42:14.760445 [debug] [ThreadPool]: Opening a new connection, currently in state init
[0m18:42:14.761219 [debug] [ThreadPool]: Opening a new connection, currently in state init
[0m18:42:14.761977 [debug] [ThreadPool]: Opening a new connection, currently in state init
[0m18:42:15.106148 [debug] [ThreadPool]: Databricks adapter: Connection(session-id=01f0c31b-f899-1d57-8f18-e7667ce9c747) - Created
[0m18:42:15.126190 [debug] [ThreadPool]: Databricks adapter: Connection(session-id=01f0c31b-f89c-1a93-b053-d877004b82fe) - Created
[0m18:42:15.178293 [debug] [ThreadPool]: Databricks adapter: Connection(session-id=01f0c31b-f8a3-1baa-97f8-3e9ee1c5be77) - Created
[0m18:42:15.206470 [debug] [ThreadPool]: Databricks adapter: Connection(session-id=01f0c31b-f8a6-1492-bd6f-6149e0aea197) - Created
[0m18:42:19.183248 [debug] [ThreadPool]: SQL status: OK in 4.420 seconds
[0m18:42:19.186792 [debug] [ThreadPool]: Databricks adapter: Cursor(session-id=01f0c31b-f8a6-1492-bd6f-6149e0aea197, command-id=01f0c31b-f8ad-1edc-aa69-854636e79de4) - Closing
[0m18:42:19.187778 [debug] [ThreadPool]: On list_workspace_bronze_silver: Close
[0m18:42:19.188623 [debug] [ThreadPool]: Databricks adapter: Connection(session-id=01f0c31b-f8a6-1492-bd6f-6149e0aea197) - Closing
[0m18:42:19.499515 [debug] [ThreadPool]: SQL status: OK in 4.740 seconds
[0m18:42:19.503784 [debug] [ThreadPool]: SQL status: OK in 4.740 seconds
[0m18:42:19.507128 [debug] [ThreadPool]: Databricks adapter: Cursor(session-id=01f0c31b-f89c-1a93-b053-d877004b82fe, command-id=01f0c31b-f8a1-1f3e-9727-496570c97165) - Closing
[0m18:42:19.509596 [debug] [ThreadPool]: Databricks adapter: Cursor(session-id=01f0c31b-f8a3-1baa-97f8-3e9ee1c5be77, command-id=01f0c31b-f8a9-1ce9-8de8-fac0d1d14a5c) - Closing
[0m18:42:19.510698 [debug] [ThreadPool]: On list_workspace_bronze_gold: Close
[0m18:42:19.511963 [debug] [ThreadPool]: Databricks adapter: Connection(session-id=01f0c31b-f89c-1a93-b053-d877004b82fe) - Closing
[0m18:42:19.552617 [debug] [ThreadPool]: SQL status: OK in 4.790 seconds
[0m18:42:19.556243 [debug] [ThreadPool]: Databricks adapter: Cursor(session-id=01f0c31b-f899-1d57-8f18-e7667ce9c747, command-id=01f0c31b-f8a0-1fcb-80ff-73964153ccd7) - Closing
[0m18:42:19.561704 [debug] [ThreadPool]: On list_workspace_silver: Close
[0m18:42:19.562993 [debug] [ThreadPool]: Databricks adapter: Connection(session-id=01f0c31b-f8a3-1baa-97f8-3e9ee1c5be77) - Closing
[0m18:42:19.614296 [debug] [ThreadPool]: On list_workspace_bronze_bronze: Close
[0m18:42:19.615461 [debug] [ThreadPool]: Databricks adapter: Connection(session-id=01f0c31b-f899-1d57-8f18-e7667ce9c747) - Closing
[0m18:42:19.656914 [debug] [MainThread]: Sending event: {'category': 'dbt', 'action': 'runnable_timing', 'label': '4dd8215d-0a00-4278-8a99-ec39b6736056', 'context': [<snowplow_tracker.self_describing_json.SelfDescribingJson object at 0xff6b24e89520>]}
[0m18:42:19.662318 [debug] [Thread-4 (]: Began running node model.databricks_warehouse.stg_rates
[0m18:42:19.663039 [debug] [Thread-5 (]: Began running node model.databricks_warehouse.stg_transactions
[0m18:42:19.664004 [debug] [Thread-6 (]: Began running node model.databricks_warehouse.stg_users
[0m18:42:19.665143 [info ] [Thread-4 (]: 1 of 8 START sql view model bronze_bronze.stg_rates ............................ [RUN]
[0m18:42:19.666076 [info ] [Thread-5 (]: 2 of 8 START sql view model bronze_bronze.stg_transactions ..................... [RUN]
[0m18:42:19.667749 [info ] [Thread-6 (]: 3 of 8 START sql view model bronze_bronze.stg_users ............................ [RUN]
[0m18:42:19.670905 [debug] [Thread-4 (]: Databricks adapter: DatabricksDBTConnection(session-id=None, name=model.databricks_warehouse.stg_rates) - Creating connection
[0m18:42:19.675468 [debug] [Thread-4 (]: Acquiring new databricks connection 'model.databricks_warehouse.stg_rates'
[0m18:42:19.673003 [debug] [Thread-6 (]: Databricks adapter: DatabricksDBTConnection(session-id=None, name=model.databricks_warehouse.stg_users) - Creating connection
[0m18:42:19.671939 [debug] [Thread-5 (]: Databricks adapter: DatabricksDBTConnection(session-id=None, name=model.databricks_warehouse.stg_transactions) - Creating connection
[0m18:42:19.676932 [debug] [Thread-4 (]: Began compiling node model.databricks_warehouse.stg_rates
[0m18:42:19.677769 [debug] [Thread-6 (]: Acquiring new databricks connection 'model.databricks_warehouse.stg_users'
[0m18:42:19.678743 [debug] [Thread-5 (]: Acquiring new databricks connection 'model.databricks_warehouse.stg_transactions'
[0m18:42:19.686536 [debug] [Thread-6 (]: Began compiling node model.databricks_warehouse.stg_users
[0m18:42:19.690537 [debug] [Thread-5 (]: Began compiling node model.databricks_warehouse.stg_transactions
[0m18:42:19.701634 [debug] [Thread-4 (]: Writing injected SQL for node "model.databricks_warehouse.stg_rates"
[0m18:42:19.706892 [debug] [Thread-6 (]: Writing injected SQL for node "model.databricks_warehouse.stg_users"
[0m18:42:19.710895 [debug] [Thread-5 (]: Writing injected SQL for node "model.databricks_warehouse.stg_transactions"
[0m18:42:19.982599 [debug] [Thread-4 (]: Began executing node model.databricks_warehouse.stg_rates
[0m18:42:19.987042 [debug] [Thread-6 (]: Began executing node model.databricks_warehouse.stg_users
[0m18:42:19.988786 [debug] [Thread-5 (]: Began executing node model.databricks_warehouse.stg_transactions
[0m18:42:20.004831 [debug] [Thread-4 (]: MATERIALIZING VIEW
[0m18:42:20.007739 [debug] [Thread-6 (]: MATERIALIZING VIEW
[0m18:42:20.010426 [debug] [Thread-5 (]: MATERIALIZING VIEW
[0m18:42:20.013353 [warn ] [Thread-4 (]: [[33mWARNING[0m]: Use revamped materializations based on separating create and insert.  This allows more performant column comments, as well as new column features.
You may opt into the new behavior sooner by setting `flags.use_materialization_v2` to `True` in `dbt_project.yml`.
Visit https://docs.getdbt.com/reference/global-configs/behavior-changes for more information.
[0m18:42:20.018475 [debug] [Thread-4 (]: Sending event: {'category': 'dbt', 'action': 'BehaviorChangeEvent', 'label': '4dd8215d-0a00-4278-8a99-ec39b6736056', 'context': [<snowplow_tracker.self_describing_json.SelfDescribingJson object at 0xff6b244dd130>]}
[0m18:42:20.016823 [warn ] [Thread-5 (]: [[33mWARNING[0m]: Use revamped materializations based on separating create and insert.  This allows more performant column comments, as well as new column features.
You may opt into the new behavior sooner by setting `flags.use_materialization_v2` to `True` in `dbt_project.yml`.
Visit https://docs.getdbt.com/reference/global-configs/behavior-changes for more information.
[0m18:42:20.015713 [warn ] [Thread-6 (]: [[33mWARNING[0m]: Use revamped materializations based on separating create and insert.  This allows more performant column comments, as well as new column features.
You may opt into the new behavior sooner by setting `flags.use_materialization_v2` to `True` in `dbt_project.yml`.
Visit https://docs.getdbt.com/reference/global-configs/behavior-changes for more information.
[0m18:42:20.035751 [debug] [Thread-4 (]: Creating view workspace.bronze_bronze.stg_rates
[0m18:42:20.036608 [debug] [Thread-5 (]: Sending event: {'category': 'dbt', 'action': 'BehaviorChangeEvent', 'label': '4dd8215d-0a00-4278-8a99-ec39b6736056', 'context': [<snowplow_tracker.self_describing_json.SelfDescribingJson object at 0xff6b244dc6b0>]}
[0m18:42:20.052073 [debug] [Thread-5 (]: Creating view workspace.bronze_bronze.stg_transactions
[0m18:42:20.050104 [debug] [Thread-4 (]: Writing runtime sql for node "model.databricks_warehouse.stg_rates"
[0m18:42:20.037465 [debug] [Thread-6 (]: Sending event: {'category': 'dbt', 'action': 'BehaviorChangeEvent', 'label': '4dd8215d-0a00-4278-8a99-ec39b6736056', 'context': [<snowplow_tracker.self_describing_json.SelfDescribingJson object at 0xff6b244dce90>]}
[0m18:42:20.054215 [debug] [Thread-5 (]: Writing runtime sql for node "model.databricks_warehouse.stg_transactions"
[0m18:42:20.056675 [debug] [Thread-6 (]: Creating view workspace.bronze_bronze.stg_users
[0m18:42:20.058906 [debug] [Thread-6 (]: Writing runtime sql for node "model.databricks_warehouse.stg_users"
[0m18:42:20.351442 [debug] [Thread-4 (]: Using databricks connection "model.databricks_warehouse.stg_rates"
[0m18:42:20.352518 [debug] [Thread-6 (]: Using databricks connection "model.databricks_warehouse.stg_users"
[0m18:42:20.353069 [debug] [Thread-5 (]: Using databricks connection "model.databricks_warehouse.stg_transactions"
[0m18:42:20.353812 [debug] [Thread-4 (]: On model.databricks_warehouse.stg_rates: /* {"app": "dbt", "dbt_version": "1.10.15", "dbt_databricks_version": "1.11.0", "databricks_sql_connector_version": "4.1.3", "profile_name": "databricks_dwh", "target_name": "dev", "node_id": "model.databricks_warehouse.stg_rates"} */

  
  
  create or replace view workspace.bronze_bronze.stg_rates
  
  as (
    SELECT
    symbol,
    CAST(open_time AS TIMESTAMP) AS open_time,
    CAST(close_time AS TIMESTAMP) AS close_time,
    CAST(open AS FLOAT64) AS open_price,
    CAST(close AS FLOAT64) AS close_price,
    CAST(volume AS FLOAT64) AS volume,
    CAST(quote_asset_volume AS FLOAT64) AS quote_volume, 
    CAST(num_trades AS FLOAT64) AS num_trades,
    CAST(taker_buy_base AS FLOAT64) AS taker_buy_base,
    CAST(taker_buy_quote AS FLOAT64) AS taker_buy_quote    
FROM `workspace`.`bronze`.`raw_rates`
WHERE symbol IS NOT NULL 
AND close_price IS NOT NULL
  )

[0m18:42:20.354801 [debug] [Thread-6 (]: On model.databricks_warehouse.stg_users: /* {"app": "dbt", "dbt_version": "1.10.15", "dbt_databricks_version": "1.11.0", "databricks_sql_connector_version": "4.1.3", "profile_name": "databricks_dwh", "target_name": "dev", "node_id": "model.databricks_warehouse.stg_users"} */

  
  
  create or replace view workspace.bronze_bronze.stg_users
  
  as (
    select
    CAST(user_id AS STRING) AS user_id,
    upper(trim(kyc_level)) as kyc_level,
    CAST(created_at AS TIMESTAMP) AS created_at,
    CAST(updated_at AS TIMESTAMP) AS updated_at
from `workspace`.`bronze`.`raw_users`
where user_id is not null
  )

[0m18:42:20.355622 [debug] [Thread-5 (]: On model.databricks_warehouse.stg_transactions: /* {"app": "dbt", "dbt_version": "1.10.15", "dbt_databricks_version": "1.11.0", "databricks_sql_connector_version": "4.1.3", "profile_name": "databricks_dwh", "target_name": "dev", "node_id": "model.databricks_warehouse.stg_transactions"} */

  
  
  create or replace view workspace.bronze_bronze.stg_transactions
  
  as (
    SELECT
    tx_id as transaction_id,
    customer_id as user_id,
    source_currency,
    destination_currency,
    CAST(source_currency AS FLOAT64) AS source_amount,
    CAST(destination_currency AS FLOAT64) AS destination_currency,
   -- TIMESTAMP(created_at) AS created_at,
    CAST(created_at AS TIMESTAMP) AS created_at,
    UPPER(status) AS status
FROM `workspace`.`bronze`.`raw_transactions`
WHERE tx_id IS NOT NULL
  )

[0m18:42:20.356534 [debug] [Thread-4 (]: Opening a new connection, currently in state init
[0m18:42:20.357345 [debug] [Thread-6 (]: Opening a new connection, currently in state init
[0m18:42:20.358186 [debug] [Thread-5 (]: Opening a new connection, currently in state init
[0m18:42:20.698250 [debug] [Thread-4 (]: Databricks adapter: Connection(session-id=01f0c31b-fbef-18be-b9af-5e37c2ede515) - Created
[0m18:42:20.699549 [debug] [Thread-5 (]: Databricks adapter: Connection(session-id=01f0c31b-fbef-167b-8ace-bde24acb3d7d) - Created
[0m18:42:20.703606 [debug] [Thread-6 (]: Databricks adapter: Connection(session-id=01f0c31b-fbef-1d00-86ab-831d5e29fa9c) - Created
[0m18:42:21.194753 [debug] [Thread-4 (]: Databricks adapter: Exception while trying to execute query
/* {"app": "dbt", "dbt_version": "1.10.15", "dbt_databricks_version": "1.11.0", "databricks_sql_connector_version": "4.1.3", "profile_name": "databricks_dwh", "target_name": "dev", "node_id": "model.databricks_warehouse.stg_rates"} */

  
  
  create or replace view workspace.bronze_bronze.stg_rates
  
  as (
    SELECT
    symbol,
    CAST(open_time AS TIMESTAMP) AS open_time,
    CAST(close_time AS TIMESTAMP) AS close_time,
    CAST(open AS FLOAT64) AS open_price,
    CAST(close AS FLOAT64) AS close_price,
    CAST(volume AS FLOAT64) AS volume,
    CAST(quote_asset_volume AS FLOAT64) AS quote_volume, 
    CAST(num_trades AS FLOAT64) AS num_trades,
    CAST(taker_buy_base AS FLOAT64) AS taker_buy_base,
    CAST(taker_buy_quote AS FLOAT64) AS taker_buy_quote    
FROM `workspace`.`bronze`.`raw_rates`
WHERE symbol IS NOT NULL 
AND close_price IS NOT NULL
  )

: 
[UNSUPPORTED_DATATYPE] Unsupported data type "FLOAT64". SQLSTATE: 0A000
== SQL (line 12, position 18) ==
    CAST(open AS FLOAT64) AS open_price,
                 ^^^^^^^

Error properties: diagnostic-info=org.apache.hive.service.cli.HiveSQLException: Error running query: [UNSUPPORTED_DATATYPE] org.apache.spark.sql.catalyst.parser.ParseException: 
[UNSUPPORTED_DATATYPE] Unsupported data type "FLOAT64". SQLSTATE: 0A000
== SQL (line 12, position 18) ==
    CAST(open AS FLOAT64) AS open_price,
                 ^^^^^^^

	at org.apache.spark.sql.hive.thriftserver.HiveThriftServerErrors$.runningQueryError(HiveThriftServerErrors.scala:49)
	at org.apache.spark.sql.hive.thriftserver.SparkExecuteStatementOperation.$anonfun$execute$1(SparkExecuteStatementOperation.scala:1040)
	at scala.runtime.java8.JFunction0$mcV$sp.apply(JFunction0$mcV$sp.scala:18)
	at com.databricks.unity.UCSEphemeralState$Handle.runWith(UCSEphemeralState.scala:51)
	at com.databricks.unity.HandleImpl.runWith(UCSHandle.scala:104)
	at org.apache.spark.sql.hive.thriftserver.SparkExecuteStatementOperation.org$apache$spark$sql$hive$thriftserver$SparkExecuteStatementOperation$$execute(SparkExecuteStatementOperation.scala:778)
	at org.apache.spark.sql.hive.thriftserver.SparkExecuteStatementOperation$$anon$2$$anon$3.$anonfun$run$5(SparkExecuteStatementOperation.scala:569)
	at scala.runtime.java8.JFunction0$mcV$sp.apply(JFunction0$mcV$sp.scala:18)
	at org.apache.spark.sql.execution.SQLExecution$.withRootExecution(SQLExecution.scala:853)
	at org.apache.spark.sql.hive.thriftserver.SparkExecuteStatementOperation$$anon$2$$anon$3.$anonfun$run$2(SparkExecuteStatementOperation.scala:569)
	at scala.runtime.java8.JFunction0$mcV$sp.apply(JFunction0$mcV$sp.scala:18)
	at com.databricks.logging.AttributionContextTracing.$anonfun$withAttributionContext$1(AttributionContextTracing.scala:49)
	at com.databricks.logging.AttributionContext$.$anonfun$withValue$1(AttributionContext.scala:328)
	at scala.util.DynamicVariable.withValue(DynamicVariable.scala:59)
	at com.databricks.logging.AttributionContext$.withValue(AttributionContext.scala:324)
	at com.databricks.logging.AttributionContextTracing.withAttributionContext(AttributionContextTracing.scala:47)
	at com.databricks.logging.AttributionContextTracing.withAttributionContext$(AttributionContextTracing.scala:44)
	at com.databricks.spark.util.DatabricksTracingHelper.withAttributionContext(DatabricksSparkTracingHelper.scala:65)
	at com.databricks.spark.util.DatabricksTracingHelper.withSpanFromRequest(DatabricksSparkTracingHelper.scala:92)
	at com.databricks.spark.util.DBRTracing$.withSpanFromRequest(DBRTracing.scala:43)
	at org.apache.spark.sql.hive.thriftserver.ThriftLocalProperties.$anonfun$withLocalProperties$15(ThriftLocalProperties.scala:238)
	at com.databricks.logging.AttributionContextTracing.$anonfun$withAttributionContext$1(AttributionContextTracing.scala:49)
	at com.databricks.logging.AttributionContext$.$anonfun$withValue$1(AttributionContext.scala:328)
	at scala.util.DynamicVariable.withValue(DynamicVariable.scala:59)
	at com.databricks.logging.AttributionContext$.withValue(AttributionContext.scala:324)
	at com.databricks.logging.AttributionContextTracing.withAttributionContext(AttributionContextTracing.scala:47)
	at com.databricks.logging.AttributionContextTracing.withAttributionContext$(AttributionContextTracing.scala:44)
	at com.databricks.spark.util.PublicDBLogging.withAttributionContext(DatabricksSparkUsageLogger.scala:30)
	at com.databricks.logging.AttributionContextTracing.withAttributionTags(AttributionContextTracing.scala:96)
	at com.databricks.logging.AttributionContextTracing.withAttributionTags$(AttributionContextTracing.scala:77)
	at com.databricks.spark.util.PublicDBLogging.withAttributionTags(DatabricksSparkUsageLogger.scala:30)
	at com.databricks.spark.util.PublicDBLogging.withAttributionTags0(DatabricksSparkUsageLogger.scala:124)
	at com.databricks.spark.util.DatabricksSparkUsageLogger.withAttributionTags(DatabricksSparkUsageLogger.scala:232)
	at com.databricks.spark.util.UsageLogging.$anonfun$withAttributionTags$1(UsageLogger.scala:668)
	at com.databricks.spark.util.UsageLogging$.withAttributionTags(UsageLogger.scala:780)
	at com.databricks.spark.util.UsageLogging$.withAttributionTags(UsageLogger.scala:789)
	at com.databricks.spark.util.UsageLogging.withAttributionTags(UsageLogger.scala:668)
	at com.databricks.spark.util.UsageLogging.withAttributionTags$(UsageLogger.scala:666)
	at org.apache.spark.sql.hive.thriftserver.SparkExecuteStatementOperation.withAttributionTags(SparkExecuteStatementOperation.scala:76)
	at org.apache.spark.sql.hive.thriftserver.ThriftLocalProperties.$anonfun$withLocalProperties$12(ThriftLocalProperties.scala:233)
	at com.databricks.spark.util.IdentityClaim$.withClaim(IdentityClaim.scala:48)
	at org.apache.spark.sql.hive.thriftserver.ThriftLocalProperties.withLocalProperties(ThriftLocalProperties.scala:229)
	at org.apache.spark.sql.hive.thriftserver.ThriftLocalProperties.withLocalProperties$(ThriftLocalProperties.scala:89)
	at org.apache.spark.sql.hive.thriftserver.SparkExecuteStatementOperation.withLocalProperties(SparkExecuteStatementOperation.scala:76)
	at org.apache.spark.sql.hive.thriftserver.SparkExecuteStatementOperation$$anon$2$$anon$3.run(SparkExecuteStatementOperation.scala:546)
	at org.apache.spark.sql.hive.thriftserver.SparkExecuteStatementOperation$$anon$2$$anon$3.run(SparkExecuteStatementOperation.scala:532)
	at java.base/java.security.AccessController.doPrivileged(AccessController.java:712)
	at java.base/javax.security.auth.Subject.doAs(Subject.java:439)
	at org.apache.hadoop.security.UserGroupInformation.doAs(UserGroupInformation.java:1953)
	at org.apache.spark.sql.hive.thriftserver.SparkExecuteStatementOperation$$anon$2.run(SparkExecuteStatementOperation.scala:582)
	at java.base/java.util.concurrent.Executors$RunnableAdapter.call(Executors.java:539)
	at java.base/java.util.concurrent.FutureTask.run(FutureTask.java:264)
	at java.base/java.util.concurrent.ThreadPoolExecutor.runWorker(ThreadPoolExecutor.java:1136)
	at java.base/java.util.concurrent.ThreadPoolExecutor$Worker.run(ThreadPoolExecutor.java:635)
	at java.base/java.lang.Thread.run(Thread.java:840)
Caused by: org.apache.spark.sql.catalyst.parser.ParseException: 
[UNSUPPORTED_DATATYPE] Unsupported data type "FLOAT64". SQLSTATE: 0A000
== SQL (line 12, position 18) ==
    CAST(open AS FLOAT64) AS open_price,
                 ^^^^^^^

	at org.apache.spark.sql.errors.QueryParsingErrors$.dataTypeUnsupportedError(QueryParsingErrors.scala:353)
	at org.apache.spark.sql.catalyst.parser.DataTypeAstBuilder.$anonfun$visitPrimitiveDataType$1(DataTypeAstBuilder.scala:407)
	at org.apache.spark.sql.catalyst.util.SparkParserUtils.withOrigin(SparkParserUtils.scala:198)
	at org.apache.spark.sql.catalyst.util.SparkParserUtils.withOrigin$(SparkParserUtils.scala:183)
	at org.apache.spark.sql.catalyst.util.SparkParserUtils$.withOrigin(SparkParserUtils.scala:229)
	at org.apache.spark.sql.catalyst.parser.DataTypeAstBuilder.visitPrimitiveDataType(DataTypeAstBuilder.scala:281)
	at org.apache.spark.sql.catalyst.parser.DataTypeAstBuilder.visitPrimitiveDataType(DataTypeAstBuilder.scala:38)
	at org.apache.spark.sql.catalyst.parser.SqlBaseParser$PrimitiveDataTypeContext.accept(SqlBaseParser.java:49973)
	at org.apache.spark.sql.catalyst.parser.DataTypeAstBuilder.typedVisit(DataTypeAstBuilder.scala:40)
	at org.apache.spark.sql.catalyst.parser.AstBuilder.$anonfun$visitCast$1(AstBuilder.scala:3938)
	at org.apache.spark.sql.catalyst.util.SparkParserUtils.withOrigin(SparkParserUtils.scala:198)
	at org.apache.spark.sql.catalyst.util.SparkParserUtils.withOrigin$(SparkParserUtils.scala:183)
	at org.apache.spark.sql.catalyst.parser.ParserUtils$.withOrigin(ParserUtils.scala:41)
	at org.apache.spark.sql.catalyst.parser.AstBuilder.visitCast(AstBuilder.scala:3937)
	at org.apache.spark.sql.catalyst.parser.AstBuilder.visitCast(AstBuilder.scala:90)
	at org.apache.spark.sql.catalyst.parser.SqlBaseParser$CastContext.accept(SqlBaseParser.java:45631)
	at org.apache.spark.sql.catalyst.parser.AstBuilder.visitChildren(AstBuilder.scala:169)
	at org.apache.spark.sql.catalyst.parser.SqlBaseParserBaseVisitor.visitValueExpressionDefault(SqlBaseParserBaseVisitor.java:4088)
	at org.apache.spark.sql.catalyst.parser.SqlBaseParser$ValueExpressionDefaultContext.accept(SqlBaseParser.java:44893)
	at org.apache.spark.sql.catalyst.parser.DataTypeAstBuilder.typedVisit(DataTypeAstBuilder.scala:40)
	at org.apache.spark.sql.catalyst.parser.AstBuilder.expression(AstBuilder.scala:3470)
	at org.apache.spark.sql.catalyst.parser.AstBuilder.$anonfun$visitPredicated$1(AstBuilder.scala:3663)
	at org.apache.spark.sql.catalyst.util.SparkParserUtils.withOrigin(SparkParserUtils.scala:198)
	at org.apache.spark.sql.catalyst.util.SparkParserUtils.withOrigin$(SparkParserUtils.scala:183)
	at org.apache.spark.sql.catalyst.parser.ParserUtils$.withOrigin(ParserUtils.scala:41)
	at org.apache.spark.sql.catalyst.parser.AstBuilder.visitPredicated(AstBuilder.scala:3662)
	at org.apache.spark.sql.catalyst.parser.AstBuilder.visitPredicated(AstBuilder.scala:90)
	at org.apache.spark.sql.catalyst.parser.SqlBaseParser$PredicatedContext.accept(SqlBaseParser.java:44242)
	at org.apache.spark.sql.catalyst.parser.AstBuilder.visitChildren(AstBuilder.scala:169)
	at org.apache.spark.sql.catalyst.parser.SqlBaseParserBaseVisitor.visitExpression(SqlBaseParserBaseVisitor.java:4018)
	at org.apache.spark.sql.catalyst.parser.SqlBaseParser$ExpressionContext.accept(SqlBaseParser.java:43978)
	at org.apache.spark.sql.catalyst.parser.DataTypeAstBuilder.typedVisit(DataTypeAstBuilder.scala:40)
	at org.apache.spark.sql.catalyst.parser.AstBuilder.expression(AstBuilder.scala:3470)
	at org.apache.spark.sql.catalyst.parser.AstBuilder.$anonfun$visitNamedExpression$1(AstBuilder.scala:3549)
	at org.apache.spark.sql.catalyst.util.SparkParserUtils.withOrigin(SparkParserUtils.scala:198)
	at org.apache.spark.sql.catalyst.util.SparkParserUtils.withOrigin$(SparkParserUtils.scala:183)
	at org.apache.spark.sql.catalyst.parser.ParserUtils$.withOrigin(ParserUtils.scala:41)
	at org.apache.spark.sql.catalyst.parser.AstBuilder.visitNamedExpression(AstBuilder.scala:3548)
	at org.apache.spark.sql.catalyst.parser.AstBuilder.visitNamedExpression(AstBuilder.scala:90)
	at org.apache.spark.sql.catalyst.parser.SqlBaseParser$NamedExpressionContext.accept(SqlBaseParser.java:43470)
	at org.apache.spark.sql.catalyst.parser.DataTypeAstBuilder.typedVisit(DataTypeAstBuilder.scala:40)
	at org.apache.spark.sql.catalyst.parser.AstBuilder.$anonfun$visitNamedExpressionSeq$2(AstBuilder.scala:2086)
	at scala.collection.immutable.List.map(List.scala:251)
	at scala.collection.immutable.List.map(List.scala:79)
	at org.apache.spark.sql.catalyst.parser.AstBuilder.visitNamedExpressionSeq(AstBuilder.scala:2086)
	at org.apache.spark.sql.catalyst.parser.AstBuilder.$anonfun$withSelectQuerySpecification$1(AstBuilder.scala:2211)
	at org.apache.spark.sql.catalyst.util.SparkParserUtils.withOrigin(SparkParserUtils.scala:198)
	at org.apache.spark.sql.catalyst.util.SparkParserUtils.withOrigin$(SparkParserUtils.scala:183)
	at org.apache.spark.sql.catalyst.parser.ParserUtils$.withOrigin(ParserUtils.scala:41)
	at org.apache.spark.sql.catalyst.parser.AstBuilder.withSelectQuerySpecification(AstBuilder.scala:2205)
	at org.apache.spark.sql.catalyst.parser.AstBuilder.$anonfun$visitRegularQuerySpecification$1(AstBuilder.scala:2070)
	at org.apache.spark.sql.catalyst.util.SparkParserUtils.withOrigin(SparkParserUtils.scala:198)
	at org.apache.spark.sql.catalyst.util.SparkParserUtils.withOrigin$(SparkParserUtils.scala:183)
	at org.apache.spark.sql.catalyst.parser.ParserUtils$.withOrigin(ParserUtils.scala:41)
	at org.apache.spark.sql.catalyst.parser.AstBuilder.visitRegularQuerySpecification(AstBuilder.scala:2056)
	at org.apache.spark.sql.catalyst.parser.AstBuilder.visitRegularQuerySpecification(AstBuilder.scala:90)
	at org.apache.spark.sql.catalyst.parser.SqlBaseParser$RegularQuerySpecificationContext.accept(SqlBaseParser.java:36697)
	at org.apache.spark.sql.catalyst.parser.AstBuilder.visitChildren(AstBuilder.scala:169)
	at org.apache.spark.sql.catalyst.parser.SqlBaseParserBaseVisitor.visitQueryPrimaryDefault(SqlBaseParserBaseVisitor.java:3353)
	at org.apache.spark.sql.catalyst.parser.SqlBaseParser$QueryPrimaryDefaultContext.accept(SqlBaseParser.java:36182)
	at org.apache.spark.sql.catalyst.parser.AstBuilder.visitChildren(AstBuilder.scala:169)
	at org.apache.spark.sql.catalyst.parser.SqlBaseParserBaseVisitor.visitQueryTermDefault(SqlBaseParserBaseVisitor.java:3339)
	at org.apache.spark.sql.catalyst.parser.SqlBaseParser$QueryTermDefaultContext.accept(SqlBaseParser.java:35932)
	at org.apache.spark.sql.catalyst.parser.DataTypeAstBuilder.typedVisit(DataTypeAstBuilder.scala:40)
	at org.apache.spark.sql.catalyst.parser.AstBuilder.plan(AstBuilder.scala:1085)
	at org.apache.spark.sql.catalyst.parser.AstBuilder.$anonfun$visitNoWithQuery$1(AstBuilder.scala:1192)
	at org.apache.spark.sql.catalyst.util.SparkParserUtils.withOrigin(SparkParserUtils.scala:198)
	at org.apache.spark.sql.catalyst.util.SparkParserUtils.withOrigin$(SparkParserUtils.scala:183)
	at org.apache.spark.sql.catalyst.parser.ParserUtils$.withOrigin(ParserUtils.scala:41)
	at org.apache.spark.sql.catalyst.parser.AstBuilder.visitNoWithQuery(AstBuilder.scala:1192)
	at org.apache.spark.sql.catalyst.parser.AstBuilder.visitNoWithQuery(AstBuilder.scala:90)
	at org.apache.spark.sql.catalyst.parser.SqlBaseParser$NoWithQueryContext.accept(SqlBaseParser.java:35294)
	at org.apache.spark.sql.catalyst.parser.DataTypeAstBuilder.typedVisit(DataTypeAstBuilder.scala:40)
	at org.apache.spark.sql.catalyst.parser.AstBuilder.plan(AstBuilder.scala:1085)
	at org.apache.spark.sql.catalyst.parser.AstBuilder.$anonfun$visitQuery$1(AstBuilder.scala:1095)
	at org.apache.spark.sql.catalyst.util.SparkParserUtils.withOrigin(SparkParserUtils.scala:198)
	at org.apache.spark.sql.catalyst.util.SparkParserUtils.withOrigin$(SparkParserUtils.scala:183)
	at org.apache.spark.sql.catalyst.parser.ParserUtils$.withOrigin(ParserUtils.scala:41)
	at org.apache.spark.sql.catalyst.parser.AstBuilder.visitQuery(AstBuilder.scala:1094)
	at org.apache.spark.sql.catalyst.parser.AstBuilder.visitQuery(AstBuilder.scala:90)
	at org.apache.spark.sql.catalyst.parser.SqlBaseParser$QueryContext.accept(SqlBaseParser.java:28032)
	at org.apache.spark.sql.catalyst.parser.DataTypeAstBuilder.typedVisit(DataTypeAstBuilder.scala:40)
	at org.apache.spark.sql.catalyst.parser.AstBuilder.plan(AstBuilder.scala:1085)
	at org.apache.spark.sql.catalyst.parser.AstBuilder.$anonfun$visitSubquery$1(AstBuilder.scala:3043)
	at org.apache.spark.sql.catalyst.util.SparkParserUtils.withOrigin(SparkParserUtils.scala:198)
	at org.apache.spark.sql.catalyst.util.SparkParserUtils.withOrigin$(SparkParserUtils.scala:183)
	at org.apache.spark.sql.catalyst.parser.ParserUtils$.withOrigin(ParserUtils.scala:41)
	at org.apache.spark.sql.catalyst.parser.AstBuilder.visitSubquery(AstBuilder.scala:3043)
	at org.apache.spark.sql.catalyst.parser.AstBuilder.visitSubquery(AstBuilder.scala:90)
	at org.apache.spark.sql.catalyst.parser.SqlBaseParser$SubqueryContext.accept(SqlBaseParser.java:36162)
	at org.apache.spark.sql.catalyst.parser.AstBuilder.visitChildren(AstBuilder.scala:169)
	at org.apache.spark.sql.catalyst.parser.SqlBaseParserBaseVisitor.visitQueryTermDefault(SqlBaseParserBaseVisitor.java:3339)
	at org.apache.spark.sql.catalyst.parser.SqlBaseParser$QueryTermDefaultContext.accept(SqlBaseParser.java:35932)
	at org.apache.spark.sql.catalyst.parser.DataTypeAstBuilder.typedVisit(DataTypeAstBuilder.scala:40)
	at org.apache.spark.sql.catalyst.parser.AstBuilder.plan(AstBuilder.scala:1085)
	at org.apache.spark.sql.catalyst.parser.AstBuilder.$anonfun$visitNoWithQuery$1(AstBuilder.scala:1192)
	at org.apache.spark.sql.catalyst.util.SparkParserUtils.withOrigin(SparkParserUtils.scala:198)
	at org.apache.spark.sql.catalyst.util.SparkParserUtils.withOrigin$(SparkParserUtils.scala:183)
	at org.apache.spark.sql.catalyst.parser.ParserUtils$.withOrigin(ParserUtils.scala:41)
	at org.apache.spark.sql.catalyst.parser.AstBuilder.visitNoWithQuery(AstBuilder.scala:1192)
	at org.apache.spark.sql.catalyst.parser.AstBuilder.visitNoWithQuery(AstBuilder.scala:90)
	at org.apache.spark.sql.catalyst.parser.SqlBaseParser$NoWithQueryContext.accept(SqlBaseParser.java:35294)
	at org.apache.spark.sql.catalyst.parser.DataTypeAstBuilder.typedVisit(DataTypeAstBuilder.scala:40)
	at org.apache.spark.sql.catalyst.parser.AstBuilder.plan(AstBuilder.scala:1085)
	at org.apache.spark.sql.catalyst.parser.AstBuilder.$anonfun$visitQuery$1(AstBuilder.scala:1095)
	at org.apache.spark.sql.catalyst.util.SparkParserUtils.withOrigin(SparkParserUtils.scala:198)
	at org.apache.spark.sql.catalyst.util.SparkParserUtils.withOrigin$(SparkParserUtils.scala:183)
	at org.apache.spark.sql.catalyst.parser.ParserUtils$.withOrigin(ParserUtils.scala:41)
	at org.apache.spark.sql.catalyst.parser.AstBuilder.visitQuery(AstBuilder.scala:1094)
	at org.apache.spark.sql.catalyst.parser.AstBuilder.visitQuery(AstBuilder.scala:90)
	at org.apache.spark.sql.catalyst.parser.SqlBaseParser$QueryContext.accept(SqlBaseParser.java:28032)
	at org.apache.spark.sql.catalyst.parser.DataTypeAstBuilder.typedVisit(DataTypeAstBuilder.scala:40)
	at org.apache.spark.sql.catalyst.parser.AstBuilder.plan(AstBuilder.scala:1085)
	at org.apache.spark.sql.execution.SparkSqlAstBuilder.$anonfun$visitCreateView$1(SparkSqlParser.scala:1870)
	at org.apache.spark.sql.catalyst.util.SparkParserUtils.withOrigin(SparkParserUtils.scala:198)
	at org.apache.spark.sql.catalyst.util.SparkParserUtils.withOrigin$(SparkParserUtils.scala:183)
	at org.apache.spark.sql.catalyst.parser.ParserUtils$.withOrigin(ParserUtils.scala:41)
	at org.apache.spark.sql.execution.SparkSqlAstBuilder.visitCreateView(SparkSqlParser.scala:1833)
	at org.apache.spark.sql.execution.SparkSqlAstBuilder.visitCreateView(SparkSqlParser.scala:184)
	at org.apache.spark.sql.catalyst.parser.SqlBaseParser$CreateViewContext.accept(SqlBaseParser.java:10187)
	at org.antlr.v4.runtime.tree.AbstractParseTreeVisitor.visit(AbstractParseTreeVisitor.java:18)
	at org.apache.spark.sql.catalyst.parser.AstBuilder.$anonfun$visitSingleStatement$3(AstBuilder.scala:1059)
	at scala.Option.map(Option.scala:242)
	at org.apache.spark.sql.catalyst.parser.AstBuilder.$anonfun$visitSingleStatement$1(AstBuilder.scala:1059)
	at org.apache.spark.sql.catalyst.util.SparkParserUtils.withOrigin(SparkParserUtils.scala:198)
	at org.apache.spark.sql.catalyst.util.SparkParserUtils.withOrigin$(SparkParserUtils.scala:183)
	at org.apache.spark.sql.catalyst.parser.ParserUtils$.withOrigin(ParserUtils.scala:41)
	at org.apache.spark.sql.catalyst.parser.AstBuilder.visitSingleStatement(AstBuilder.scala:1060)
	at org.apache.spark.sql.catalyst.parser.AstBuilder.$anonfun$visitCompoundOrSingleStatement$3(AstBuilder.scala:183)
	at scala.Option.getOrElse(Option.scala:201)
	at org.apache.spark.sql.catalyst.parser.AstBuilder.$anonfun$visitCompoundOrSingleStatement$1(AstBuilder.scala:183)
	at org.apache.spark.sql.catalyst.util.SparkParserUtils.withOrigin(SparkParserUtils.scala:198)
	at org.apache.spark.sql.catalyst.util.SparkParserUtils.withOrigin$(SparkParserUtils.scala:183)
	at org.apache.spark.sql.catalyst.parser.ParserUtils$.withOrigin(ParserUtils.scala:41)
	at org.apache.spark.sql.catalyst.parser.AstBuilder.visitCompoundOrSingleStatement(AstBuilder.scala:182)
	at org.apache.spark.sql.catalyst.parser.AbstractSqlParser.$anonfun$parsePlan$2(AbstractSqlParser.scala:121)
	at org.apache.spark.sql.catalyst.parser.AbstractSqlParser.$anonfun$withErrorHandling$1(AbstractSqlParser.scala:164)
	at org.apache.spark.sql.catalyst.util.SparkParserUtils.withOrigin(SparkParserUtils.scala:198)
	at org.apache.spark.sql.catalyst.util.SparkParserUtils.withOrigin$(SparkParserUtils.scala:183)
	at org.apache.spark.sql.catalyst.parser.ParserUtils$.withOrigin(ParserUtils.scala:41)
	at org.apache.spark.sql.catalyst.parser.AbstractSqlParser.withErrorHandling(AbstractSqlParser.scala:163)
	at org.apache.spark.sql.catalyst.parser.AbstractSqlParser.$anonfun$parsePlan$1(AbstractSqlParser.scala:121)
	at org.apache.spark.sql.catalyst.parser.AbstractParser.parse(parsers.scala:103)
	at org.apache.spark.sql.execution.SparkSqlParser.parse(SparkSqlParser.scala:163)
	at org.apache.spark.sql.catalyst.parser.AbstractSqlParser.parsePlan(AbstractSqlParser.scala:118)
	at com.databricks.sql.QueryRuntimePredictionUtils$.$anonfun$getParsedPlanWithTracking$4(QueryRuntimePrediction.scala:446)
	at com.databricks.spark.util.FrameProfiler$.$anonfun$record$1(FrameProfiler.scala:114)
	at com.databricks.spark.util.FrameProfilerExporter$.maybeExportFrameProfiler(FrameProfilerExporter.scala:200)
	at com.databricks.spark.util.FrameProfiler$.record(FrameProfiler.scala:105)
	at org.apache.spark.sql.catalyst.QueryPlanningTracker.measurePhase(QueryPlanningTracker.scala:697)
	at com.databricks.sql.QueryRuntimePredictionUtils$.$anonfun$getParsedPlanWithTracking$3(QueryRuntimePrediction.scala:445)
	at org.apache.spark.sql.catalyst.QueryPlanningTracker$.withTracker(QueryPlanningTracker.scala:267)
	at com.databricks.sql.QueryRuntimePredictionUtils$.$anonfun$getParsedPlanWithTracking$2(QueryRuntimePrediction.scala:445)
	at org.apache.spark.sql.execution.SQLExecution$.$anonfun$withExecutionPhase$1(SQLExecution.scala:158)
	at com.databricks.logging.AttributionContext$.$anonfun$withValue$1(AttributionContext.scala:328)
	at scala.util.DynamicVariable.withValue(DynamicVariable.scala:59)
	at com.databricks.logging.AttributionContext$.withValue(AttributionContext.scala:324)
	at com.databricks.util.TracingSpanUtils$.$anonfun$withTracing$4(TracingSpanUtils.scala:235)
	at com.databricks.util.TracingSpanUtils$.withTracing(TracingSpanUtils.scala:129)
	at com.databricks.util.TracingSpanUtils$.withTracing(TracingSpanUtils.scala:233)
	at com.databricks.tracing.TracingUtils$.withTracing(TracingUtils.scala:296)
	at com.databricks.spark.util.DatabricksTracingHelper.withSpan(DatabricksSparkTracingHelper.scala:115)
	at com.databricks.spark.util.DBRTracing$.withSpan(DBRTracing.scala:47)
	at org.apache.spark.sql.execution.SQLExecution$.withExecutionPhase(SQLExecution.scala:139)
	at com.databricks.sql.QueryRuntimePredictionUtils$.$anonfun$getParsedPlanWithTracking$1(QueryRuntimePrediction.scala:444)
	at com.databricks.sql.util.MemoryTrackerHelper.withMemoryTracking(MemoryTrackerHelper.scala:111)
	at com.databricks.sql.QueryRuntimePredictionUtils$.getParsedPlanWithTracking(QueryRuntimePrediction.scala:440)
	at com.databricks.sql.QueryRuntimePrediction.$anonfun$getQueryExecutionWithParsedPlan$1(QueryRuntimePrediction.scala:790)
	at org.apache.spark.sql.SparkSession.withActive(SparkSession.scala:860)
	at com.databricks.sql.QueryRuntimePrediction.getQueryExecutionWithParsedPlan(QueryRuntimePrediction.scala:781)
	at com.databricks.sql.QueryRuntimePrediction.getRuntimeCategory(QueryRuntimePrediction.scala:569)
	at com.databricks.sql.ClusterLoadMonitor.$anonfun$getRuntimeCategory$3(ClusterLoadMonitor.scala:886)
	at com.databricks.unity.UCSEphemeralState$Handle.runWith(UCSEphemeralState.scala:51)
	at com.databricks.unity.HandleImpl.runWith(UCSHandle.scala:104)
	at com.databricks.unity.HandleImpl.$anonfun$runWithAndClose$1(UCSHandle.scala:109)
	at scala.util.Using$.resource(Using.scala:296)
	at com.databricks.unity.HandleImpl.runWithAndClose(UCSHandle.scala:108)
	at com.databricks.sql.ClusterLoadMonitor.$anonfun$getRuntimeCategory$2(ClusterLoadMonitor.scala:881)
	at java.base/java.util.concurrent.CompletableFuture$AsyncSupply.run(CompletableFuture.java:1768)
	at org.apache.spark.util.threads.SparkThreadLocalCapturingRunnable.$anonfun$run$1(SparkThreadLocalForwardingThreadPoolExecutor.scala:165)
	at scala.runtime.java8.JFunction0$mcV$sp.apply(JFunction0$mcV$sp.scala:18)
	at com.databricks.util.LexicalThreadLocal$Handle.runWith(LexicalThreadLocal.scala:63)
	at org.apache.spark.util.threads.SparkThreadLocalCapturingHelper.$anonfun$runWithCaptured$6(SparkThreadLocalForwardingThreadPoolExecutor.scala:119)
	at com.databricks.sql.transaction.tahoe.mst.MSTThreadHelper$.runWithMstTxnId(MSTThreadHelper.scala:57)
	at org.apache.spark.util.threads.SparkThreadLocalCapturingHelper.$anonfun$runWithCaptured$5(SparkThreadLocalForwardingThreadPoolExecutor.scala:118)
	at com.databricks.spark.util.IdentityClaim$.withClaim(IdentityClaim.scala:48)
	at org.apache.spark.util.threads.SparkThreadLocalCapturingHelper.$anonfun$runWithCaptured$4(SparkThreadLocalForwardingThreadPoolExecutor.scala:117)
	at com.databricks.unity.UCSEphemeralState$Handle.runWith(UCSEphemeralState.scala:51)
	at org.apache.spark.util.threads.SparkThreadLocalCapturingHelper.runWithCaptured(SparkThreadLocalForwardingThreadPoolExecutor.scala:116)
	at org.apache.spark.util.threads.SparkThreadLocalCapturingHelper.runWithCaptured$(SparkThreadLocalForwardingThreadPoolExecutor.scala:93)
	at org.apache.spark.util.threads.SparkThreadLocalCapturingRunnable.runWithCaptured(SparkThreadLocalForwardingThreadPoolExecutor.scala:162)
	at org.apache.spark.util.threads.SparkThreadLocalCapturingRunnable.run(SparkThreadLocalForwardingThreadPoolExecutor.scala:165)
	... 3 more
, operation-id=01f0c31b-fbf5-1149-b7cf-aa1e0baf9902
[0m18:42:21.199038 [debug] [Thread-4 (]: On model.databricks_warehouse.stg_rates: Close
[0m18:42:21.202414 [debug] [Thread-5 (]: Databricks adapter: Exception while trying to execute query
/* {"app": "dbt", "dbt_version": "1.10.15", "dbt_databricks_version": "1.11.0", "databricks_sql_connector_version": "4.1.3", "profile_name": "databricks_dwh", "target_name": "dev", "node_id": "model.databricks_warehouse.stg_transactions"} */

  
  
  create or replace view workspace.bronze_bronze.stg_transactions
  
  as (
    SELECT
    tx_id as transaction_id,
    customer_id as user_id,
    source_currency,
    destination_currency,
    CAST(source_currency AS FLOAT64) AS source_amount,
    CAST(destination_currency AS FLOAT64) AS destination_currency,
   -- TIMESTAMP(created_at) AS created_at,
    CAST(created_at AS TIMESTAMP) AS created_at,
    UPPER(status) AS status
FROM `workspace`.`bronze`.`raw_transactions`
WHERE tx_id IS NOT NULL
  )

: 
[UNSUPPORTED_DATATYPE] Unsupported data type "FLOAT64". SQLSTATE: 0A000
== SQL (line 13, position 29) ==
    CAST(source_currency AS FLOAT64) AS source_amount,
                            ^^^^^^^

Error properties: diagnostic-info=org.apache.hive.service.cli.HiveSQLException: Error running query: [UNSUPPORTED_DATATYPE] org.apache.spark.sql.catalyst.parser.ParseException: 
[UNSUPPORTED_DATATYPE] Unsupported data type "FLOAT64". SQLSTATE: 0A000
== SQL (line 13, position 29) ==
    CAST(source_currency AS FLOAT64) AS source_amount,
                            ^^^^^^^

	at org.apache.spark.sql.hive.thriftserver.HiveThriftServerErrors$.runningQueryError(HiveThriftServerErrors.scala:49)
	at org.apache.spark.sql.hive.thriftserver.SparkExecuteStatementOperation.$anonfun$execute$1(SparkExecuteStatementOperation.scala:1040)
	at scala.runtime.java8.JFunction0$mcV$sp.apply(JFunction0$mcV$sp.scala:18)
	at com.databricks.unity.UCSEphemeralState$Handle.runWith(UCSEphemeralState.scala:51)
	at com.databricks.unity.HandleImpl.runWith(UCSHandle.scala:104)
	at org.apache.spark.sql.hive.thriftserver.SparkExecuteStatementOperation.org$apache$spark$sql$hive$thriftserver$SparkExecuteStatementOperation$$execute(SparkExecuteStatementOperation.scala:778)
	at org.apache.spark.sql.hive.thriftserver.SparkExecuteStatementOperation$$anon$2$$anon$3.$anonfun$run$5(SparkExecuteStatementOperation.scala:569)
	at scala.runtime.java8.JFunction0$mcV$sp.apply(JFunction0$mcV$sp.scala:18)
	at org.apache.spark.sql.execution.SQLExecution$.withRootExecution(SQLExecution.scala:853)
	at org.apache.spark.sql.hive.thriftserver.SparkExecuteStatementOperation$$anon$2$$anon$3.$anonfun$run$2(SparkExecuteStatementOperation.scala:569)
	at scala.runtime.java8.JFunction0$mcV$sp.apply(JFunction0$mcV$sp.scala:18)
	at com.databricks.logging.AttributionContextTracing.$anonfun$withAttributionContext$1(AttributionContextTracing.scala:49)
	at com.databricks.logging.AttributionContext$.$anonfun$withValue$1(AttributionContext.scala:328)
	at scala.util.DynamicVariable.withValue(DynamicVariable.scala:59)
	at com.databricks.logging.AttributionContext$.withValue(AttributionContext.scala:324)
	at com.databricks.logging.AttributionContextTracing.withAttributionContext(AttributionContextTracing.scala:47)
	at com.databricks.logging.AttributionContextTracing.withAttributionContext$(AttributionContextTracing.scala:44)
	at com.databricks.spark.util.DatabricksTracingHelper.withAttributionContext(DatabricksSparkTracingHelper.scala:65)
	at com.databricks.spark.util.DatabricksTracingHelper.withSpanFromRequest(DatabricksSparkTracingHelper.scala:92)
	at com.databricks.spark.util.DBRTracing$.withSpanFromRequest(DBRTracing.scala:43)
	at org.apache.spark.sql.hive.thriftserver.ThriftLocalProperties.$anonfun$withLocalProperties$15(ThriftLocalProperties.scala:238)
	at com.databricks.logging.AttributionContextTracing.$anonfun$withAttributionContext$1(AttributionContextTracing.scala:49)
	at com.databricks.logging.AttributionContext$.$anonfun$withValue$1(AttributionContext.scala:328)
	at scala.util.DynamicVariable.withValue(DynamicVariable.scala:59)
	at com.databricks.logging.AttributionContext$.withValue(AttributionContext.scala:324)
	at com.databricks.logging.AttributionContextTracing.withAttributionContext(AttributionContextTracing.scala:47)
	at com.databricks.logging.AttributionContextTracing.withAttributionContext$(AttributionContextTracing.scala:44)
	at com.databricks.spark.util.PublicDBLogging.withAttributionContext(DatabricksSparkUsageLogger.scala:30)
	at com.databricks.logging.AttributionContextTracing.withAttributionTags(AttributionContextTracing.scala:96)
	at com.databricks.logging.AttributionContextTracing.withAttributionTags$(AttributionContextTracing.scala:77)
	at com.databricks.spark.util.PublicDBLogging.withAttributionTags(DatabricksSparkUsageLogger.scala:30)
	at com.databricks.spark.util.PublicDBLogging.withAttributionTags0(DatabricksSparkUsageLogger.scala:124)
	at com.databricks.spark.util.DatabricksSparkUsageLogger.withAttributionTags(DatabricksSparkUsageLogger.scala:232)
	at com.databricks.spark.util.UsageLogging.$anonfun$withAttributionTags$1(UsageLogger.scala:668)
	at com.databricks.spark.util.UsageLogging$.withAttributionTags(UsageLogger.scala:780)
	at com.databricks.spark.util.UsageLogging$.withAttributionTags(UsageLogger.scala:789)
	at com.databricks.spark.util.UsageLogging.withAttributionTags(UsageLogger.scala:668)
	at com.databricks.spark.util.UsageLogging.withAttributionTags$(UsageLogger.scala:666)
	at org.apache.spark.sql.hive.thriftserver.SparkExecuteStatementOperation.withAttributionTags(SparkExecuteStatementOperation.scala:76)
	at org.apache.spark.sql.hive.thriftserver.ThriftLocalProperties.$anonfun$withLocalProperties$12(ThriftLocalProperties.scala:233)
	at com.databricks.spark.util.IdentityClaim$.withClaim(IdentityClaim.scala:48)
	at org.apache.spark.sql.hive.thriftserver.ThriftLocalProperties.withLocalProperties(ThriftLocalProperties.scala:229)
	at org.apache.spark.sql.hive.thriftserver.ThriftLocalProperties.withLocalProperties$(ThriftLocalProperties.scala:89)
	at org.apache.spark.sql.hive.thriftserver.SparkExecuteStatementOperation.withLocalProperties(SparkExecuteStatementOperation.scala:76)
	at org.apache.spark.sql.hive.thriftserver.SparkExecuteStatementOperation$$anon$2$$anon$3.run(SparkExecuteStatementOperation.scala:546)
	at org.apache.spark.sql.hive.thriftserver.SparkExecuteStatementOperation$$anon$2$$anon$3.run(SparkExecuteStatementOperation.scala:532)
	at java.base/java.security.AccessController.doPrivileged(AccessController.java:712)
	at java.base/javax.security.auth.Subject.doAs(Subject.java:439)
	at org.apache.hadoop.security.UserGroupInformation.doAs(UserGroupInformation.java:1953)
	at org.apache.spark.sql.hive.thriftserver.SparkExecuteStatementOperation$$anon$2.run(SparkExecuteStatementOperation.scala:582)
	at java.base/java.util.concurrent.Executors$RunnableAdapter.call(Executors.java:539)
	at java.base/java.util.concurrent.FutureTask.run(FutureTask.java:264)
	at java.base/java.util.concurrent.ThreadPoolExecutor.runWorker(ThreadPoolExecutor.java:1136)
	at java.base/java.util.concurrent.ThreadPoolExecutor$Worker.run(ThreadPoolExecutor.java:635)
	at java.base/java.lang.Thread.run(Thread.java:840)
Caused by: org.apache.spark.sql.catalyst.parser.ParseException: 
[UNSUPPORTED_DATATYPE] Unsupported data type "FLOAT64". SQLSTATE: 0A000
== SQL (line 13, position 29) ==
    CAST(source_currency AS FLOAT64) AS source_amount,
                            ^^^^^^^

	at org.apache.spark.sql.errors.QueryParsingErrors$.dataTypeUnsupportedError(QueryParsingErrors.scala:353)
	at org.apache.spark.sql.catalyst.parser.DataTypeAstBuilder.$anonfun$visitPrimitiveDataType$1(DataTypeAstBuilder.scala:407)
	at org.apache.spark.sql.catalyst.util.SparkParserUtils.withOrigin(SparkParserUtils.scala:198)
	at org.apache.spark.sql.catalyst.util.SparkParserUtils.withOrigin$(SparkParserUtils.scala:183)
	at org.apache.spark.sql.catalyst.util.SparkParserUtils$.withOrigin(SparkParserUtils.scala:229)
	at org.apache.spark.sql.catalyst.parser.DataTypeAstBuilder.visitPrimitiveDataType(DataTypeAstBuilder.scala:281)
	at org.apache.spark.sql.catalyst.parser.DataTypeAstBuilder.visitPrimitiveDataType(DataTypeAstBuilder.scala:38)
	at org.apache.spark.sql.catalyst.parser.SqlBaseParser$PrimitiveDataTypeContext.accept(SqlBaseParser.java:49973)
	at org.apache.spark.sql.catalyst.parser.DataTypeAstBuilder.typedVisit(DataTypeAstBuilder.scala:40)
	at org.apache.spark.sql.catalyst.parser.AstBuilder.$anonfun$visitCast$1(AstBuilder.scala:3938)
	at org.apache.spark.sql.catalyst.util.SparkParserUtils.withOrigin(SparkParserUtils.scala:198)
	at org.apache.spark.sql.catalyst.util.SparkParserUtils.withOrigin$(SparkParserUtils.scala:183)
	at org.apache.spark.sql.catalyst.parser.ParserUtils$.withOrigin(ParserUtils.scala:41)
	at org.apache.spark.sql.catalyst.parser.AstBuilder.visitCast(AstBuilder.scala:3937)
	at org.apache.spark.sql.catalyst.parser.AstBuilder.visitCast(AstBuilder.scala:90)
	at org.apache.spark.sql.catalyst.parser.SqlBaseParser$CastContext.accept(SqlBaseParser.java:45631)
	at org.apache.spark.sql.catalyst.parser.AstBuilder.visitChildren(AstBuilder.scala:169)
	at org.apache.spark.sql.catalyst.parser.SqlBaseParserBaseVisitor.visitValueExpressionDefault(SqlBaseParserBaseVisitor.java:4088)
	at org.apache.spark.sql.catalyst.parser.SqlBaseParser$ValueExpressionDefaultContext.accept(SqlBaseParser.java:44893)
	at org.apache.spark.sql.catalyst.parser.DataTypeAstBuilder.typedVisit(DataTypeAstBuilder.scala:40)
	at org.apache.spark.sql.catalyst.parser.AstBuilder.expression(AstBuilder.scala:3470)
	at org.apache.spark.sql.catalyst.parser.AstBuilder.$anonfun$visitPredicated$1(AstBuilder.scala:3663)
	at org.apache.spark.sql.catalyst.util.SparkParserUtils.withOrigin(SparkParserUtils.scala:198)
	at org.apache.spark.sql.catalyst.util.SparkParserUtils.withOrigin$(SparkParserUtils.scala:183)
	at org.apache.spark.sql.catalyst.parser.ParserUtils$.withOrigin(ParserUtils.scala:41)
	at org.apache.spark.sql.catalyst.parser.AstBuilder.visitPredicated(AstBuilder.scala:3662)
	at org.apache.spark.sql.catalyst.parser.AstBuilder.visitPredicated(AstBuilder.scala:90)
	at org.apache.spark.sql.catalyst.parser.SqlBaseParser$PredicatedContext.accept(SqlBaseParser.java:44242)
	at org.apache.spark.sql.catalyst.parser.AstBuilder.visitChildren(AstBuilder.scala:169)
	at org.apache.spark.sql.catalyst.parser.SqlBaseParserBaseVisitor.visitExpression(SqlBaseParserBaseVisitor.java:4018)
	at org.apache.spark.sql.catalyst.parser.SqlBaseParser$ExpressionContext.accept(SqlBaseParser.java:43978)
	at org.apache.spark.sql.catalyst.parser.DataTypeAstBuilder.typedVisit(DataTypeAstBuilder.scala:40)
	at org.apache.spark.sql.catalyst.parser.AstBuilder.expression(AstBuilder.scala:3470)
	at org.apache.spark.sql.catalyst.parser.AstBuilder.$anonfun$visitNamedExpression$1(AstBuilder.scala:3549)
	at org.apache.spark.sql.catalyst.util.SparkParserUtils.withOrigin(SparkParserUtils.scala:198)
	at org.apache.spark.sql.catalyst.util.SparkParserUtils.withOrigin$(SparkParserUtils.scala:183)
	at org.apache.spark.sql.catalyst.parser.ParserUtils$.withOrigin(ParserUtils.scala:41)
	at org.apache.spark.sql.catalyst.parser.AstBuilder.visitNamedExpression(AstBuilder.scala:3548)
	at org.apache.spark.sql.catalyst.parser.AstBuilder.visitNamedExpression(AstBuilder.scala:90)
	at org.apache.spark.sql.catalyst.parser.SqlBaseParser$NamedExpressionContext.accept(SqlBaseParser.java:43470)
	at org.apache.spark.sql.catalyst.parser.DataTypeAstBuilder.typedVisit(DataTypeAstBuilder.scala:40)
	at org.apache.spark.sql.catalyst.parser.AstBuilder.$anonfun$visitNamedExpressionSeq$2(AstBuilder.scala:2086)
	at scala.collection.immutable.List.map(List.scala:251)
	at scala.collection.immutable.List.map(List.scala:79)
	at org.apache.spark.sql.catalyst.parser.AstBuilder.visitNamedExpressionSeq(AstBuilder.scala:2086)
	at org.apache.spark.sql.catalyst.parser.AstBuilder.$anonfun$withSelectQuerySpecification$1(AstBuilder.scala:2211)
	at org.apache.spark.sql.catalyst.util.SparkParserUtils.withOrigin(SparkParserUtils.scala:198)
	at org.apache.spark.sql.catalyst.util.SparkParserUtils.withOrigin$(SparkParserUtils.scala:183)
	at org.apache.spark.sql.catalyst.parser.ParserUtils$.withOrigin(ParserUtils.scala:41)
	at org.apache.spark.sql.catalyst.parser.AstBuilder.withSelectQuerySpecification(AstBuilder.scala:2205)
	at org.apache.spark.sql.catalyst.parser.AstBuilder.$anonfun$visitRegularQuerySpecification$1(AstBuilder.scala:2070)
	at org.apache.spark.sql.catalyst.util.SparkParserUtils.withOrigin(SparkParserUtils.scala:198)
	at org.apache.spark.sql.catalyst.util.SparkParserUtils.withOrigin$(SparkParserUtils.scala:183)
	at org.apache.spark.sql.catalyst.parser.ParserUtils$.withOrigin(ParserUtils.scala:41)
	at org.apache.spark.sql.catalyst.parser.AstBuilder.visitRegularQuerySpecification(AstBuilder.scala:2056)
	at org.apache.spark.sql.catalyst.parser.AstBuilder.visitRegularQuerySpecification(AstBuilder.scala:90)
	at org.apache.spark.sql.catalyst.parser.SqlBaseParser$RegularQuerySpecificationContext.accept(SqlBaseParser.java:36697)
	at org.apache.spark.sql.catalyst.parser.AstBuilder.visitChildren(AstBuilder.scala:169)
	at org.apache.spark.sql.catalyst.parser.SqlBaseParserBaseVisitor.visitQueryPrimaryDefault(SqlBaseParserBaseVisitor.java:3353)
	at org.apache.spark.sql.catalyst.parser.SqlBaseParser$QueryPrimaryDefaultContext.accept(SqlBaseParser.java:36182)
	at org.apache.spark.sql.catalyst.parser.AstBuilder.visitChildren(AstBuilder.scala:169)
	at org.apache.spark.sql.catalyst.parser.SqlBaseParserBaseVisitor.visitQueryTermDefault(SqlBaseParserBaseVisitor.java:3339)
	at org.apache.spark.sql.catalyst.parser.SqlBaseParser$QueryTermDefaultContext.accept(SqlBaseParser.java:35932)
	at org.apache.spark.sql.catalyst.parser.DataTypeAstBuilder.typedVisit(DataTypeAstBuilder.scala:40)
	at org.apache.spark.sql.catalyst.parser.AstBuilder.plan(AstBuilder.scala:1085)
	at org.apache.spark.sql.catalyst.parser.AstBuilder.$anonfun$visitNoWithQuery$1(AstBuilder.scala:1192)
	at org.apache.spark.sql.catalyst.util.SparkParserUtils.withOrigin(SparkParserUtils.scala:198)
	at org.apache.spark.sql.catalyst.util.SparkParserUtils.withOrigin$(SparkParserUtils.scala:183)
	at org.apache.spark.sql.catalyst.parser.ParserUtils$.withOrigin(ParserUtils.scala:41)
	at org.apache.spark.sql.catalyst.parser.AstBuilder.visitNoWithQuery(AstBuilder.scala:1192)
	at org.apache.spark.sql.catalyst.parser.AstBuilder.visitNoWithQuery(AstBuilder.scala:90)
	at org.apache.spark.sql.catalyst.parser.SqlBaseParser$NoWithQueryContext.accept(SqlBaseParser.java:35294)
	at org.apache.spark.sql.catalyst.parser.DataTypeAstBuilder.typedVisit(DataTypeAstBuilder.scala:40)
	at org.apache.spark.sql.catalyst.parser.AstBuilder.plan(AstBuilder.scala:1085)
	at org.apache.spark.sql.catalyst.parser.AstBuilder.$anonfun$visitQuery$1(AstBuilder.scala:1095)
	at org.apache.spark.sql.catalyst.util.SparkParserUtils.withOrigin(SparkParserUtils.scala:198)
	at org.apache.spark.sql.catalyst.util.SparkParserUtils.withOrigin$(SparkParserUtils.scala:183)
	at org.apache.spark.sql.catalyst.parser.ParserUtils$.withOrigin(ParserUtils.scala:41)
	at org.apache.spark.sql.catalyst.parser.AstBuilder.visitQuery(AstBuilder.scala:1094)
	at org.apache.spark.sql.catalyst.parser.AstBuilder.visitQuery(AstBuilder.scala:90)
	at org.apache.spark.sql.catalyst.parser.SqlBaseParser$QueryContext.accept(SqlBaseParser.java:28032)
	at org.apache.spark.sql.catalyst.parser.DataTypeAstBuilder.typedVisit(DataTypeAstBuilder.scala:40)
	at org.apache.spark.sql.catalyst.parser.AstBuilder.plan(AstBuilder.scala:1085)
	at org.apache.spark.sql.catalyst.parser.AstBuilder.$anonfun$visitSubquery$1(AstBuilder.scala:3043)
	at org.apache.spark.sql.catalyst.util.SparkParserUtils.withOrigin(SparkParserUtils.scala:198)
	at org.apache.spark.sql.catalyst.util.SparkParserUtils.withOrigin$(SparkParserUtils.scala:183)
	at org.apache.spark.sql.catalyst.parser.ParserUtils$.withOrigin(ParserUtils.scala:41)
	at org.apache.spark.sql.catalyst.parser.AstBuilder.visitSubquery(AstBuilder.scala:3043)
	at org.apache.spark.sql.catalyst.parser.AstBuilder.visitSubquery(AstBuilder.scala:90)
	at org.apache.spark.sql.catalyst.parser.SqlBaseParser$SubqueryContext.accept(SqlBaseParser.java:36162)
	at org.apache.spark.sql.catalyst.parser.AstBuilder.visitChildren(AstBuilder.scala:169)
	at org.apache.spark.sql.catalyst.parser.SqlBaseParserBaseVisitor.visitQueryTermDefault(SqlBaseParserBaseVisitor.java:3339)
	at org.apache.spark.sql.catalyst.parser.SqlBaseParser$QueryTermDefaultContext.accept(SqlBaseParser.java:35932)
	at org.apache.spark.sql.catalyst.parser.DataTypeAstBuilder.typedVisit(DataTypeAstBuilder.scala:40)
	at org.apache.spark.sql.catalyst.parser.AstBuilder.plan(AstBuilder.scala:1085)
	at org.apache.spark.sql.catalyst.parser.AstBuilder.$anonfun$visitNoWithQuery$1(AstBuilder.scala:1192)
	at org.apache.spark.sql.catalyst.util.SparkParserUtils.withOrigin(SparkParserUtils.scala:198)
	at org.apache.spark.sql.catalyst.util.SparkParserUtils.withOrigin$(SparkParserUtils.scala:183)
	at org.apache.spark.sql.catalyst.parser.ParserUtils$.withOrigin(ParserUtils.scala:41)
	at org.apache.spark.sql.catalyst.parser.AstBuilder.visitNoWithQuery(AstBuilder.scala:1192)
	at org.apache.spark.sql.catalyst.parser.AstBuilder.visitNoWithQuery(AstBuilder.scala:90)
	at org.apache.spark.sql.catalyst.parser.SqlBaseParser$NoWithQueryContext.accept(SqlBaseParser.java:35294)
	at org.apache.spark.sql.catalyst.parser.DataTypeAstBuilder.typedVisit(DataTypeAstBuilder.scala:40)
	at org.apache.spark.sql.catalyst.parser.AstBuilder.plan(AstBuilder.scala:1085)
	at org.apache.spark.sql.catalyst.parser.AstBuilder.$anonfun$visitQuery$1(AstBuilder.scala:1095)
	at org.apache.spark.sql.catalyst.util.SparkParserUtils.withOrigin(SparkParserUtils.scala:198)
	at org.apache.spark.sql.catalyst.util.SparkParserUtils.withOrigin$(SparkParserUtils.scala:183)
	at org.apache.spark.sql.catalyst.parser.ParserUtils$.withOrigin(ParserUtils.scala:41)
	at org.apache.spark.sql.catalyst.parser.AstBuilder.visitQuery(AstBuilder.scala:1094)
	at org.apache.spark.sql.catalyst.parser.AstBuilder.visitQuery(AstBuilder.scala:90)
	at org.apache.spark.sql.catalyst.parser.SqlBaseParser$QueryContext.accept(SqlBaseParser.java:28032)
	at org.apache.spark.sql.catalyst.parser.DataTypeAstBuilder.typedVisit(DataTypeAstBuilder.scala:40)
	at org.apache.spark.sql.catalyst.parser.AstBuilder.plan(AstBuilder.scala:1085)
	at org.apache.spark.sql.execution.SparkSqlAstBuilder.$anonfun$visitCreateView$1(SparkSqlParser.scala:1870)
	at org.apache.spark.sql.catalyst.util.SparkParserUtils.withOrigin(SparkParserUtils.scala:198)
	at org.apache.spark.sql.catalyst.util.SparkParserUtils.withOrigin$(SparkParserUtils.scala:183)
	at org.apache.spark.sql.catalyst.parser.ParserUtils$.withOrigin(ParserUtils.scala:41)
	at org.apache.spark.sql.execution.SparkSqlAstBuilder.visitCreateView(SparkSqlParser.scala:1833)
	at org.apache.spark.sql.execution.SparkSqlAstBuilder.visitCreateView(SparkSqlParser.scala:184)
	at org.apache.spark.sql.catalyst.parser.SqlBaseParser$CreateViewContext.accept(SqlBaseParser.java:10187)
	at org.antlr.v4.runtime.tree.AbstractParseTreeVisitor.visit(AbstractParseTreeVisitor.java:18)
	at org.apache.spark.sql.catalyst.parser.AstBuilder.$anonfun$visitSingleStatement$3(AstBuilder.scala:1059)
	at scala.Option.map(Option.scala:242)
	at org.apache.spark.sql.catalyst.parser.AstBuilder.$anonfun$visitSingleStatement$1(AstBuilder.scala:1059)
	at org.apache.spark.sql.catalyst.util.SparkParserUtils.withOrigin(SparkParserUtils.scala:198)
	at org.apache.spark.sql.catalyst.util.SparkParserUtils.withOrigin$(SparkParserUtils.scala:183)
	at org.apache.spark.sql.catalyst.parser.ParserUtils$.withOrigin(ParserUtils.scala:41)
	at org.apache.spark.sql.catalyst.parser.AstBuilder.visitSingleStatement(AstBuilder.scala:1060)
	at org.apache.spark.sql.catalyst.parser.AstBuilder.$anonfun$visitCompoundOrSingleStatement$3(AstBuilder.scala:183)
	at scala.Option.getOrElse(Option.scala:201)
	at org.apache.spark.sql.catalyst.parser.AstBuilder.$anonfun$visitCompoundOrSingleStatement$1(AstBuilder.scala:183)
	at org.apache.spark.sql.catalyst.util.SparkParserUtils.withOrigin(SparkParserUtils.scala:198)
	at org.apache.spark.sql.catalyst.util.SparkParserUtils.withOrigin$(SparkParserUtils.scala:183)
	at org.apache.spark.sql.catalyst.parser.ParserUtils$.withOrigin(ParserUtils.scala:41)
	at org.apache.spark.sql.catalyst.parser.AstBuilder.visitCompoundOrSingleStatement(AstBuilder.scala:182)
	at org.apache.spark.sql.catalyst.parser.AbstractSqlParser.$anonfun$parsePlan$2(AbstractSqlParser.scala:121)
	at org.apache.spark.sql.catalyst.parser.AbstractSqlParser.$anonfun$withErrorHandling$1(AbstractSqlParser.scala:164)
	at org.apache.spark.sql.catalyst.util.SparkParserUtils.withOrigin(SparkParserUtils.scala:198)
	at org.apache.spark.sql.catalyst.util.SparkParserUtils.withOrigin$(SparkParserUtils.scala:183)
	at org.apache.spark.sql.catalyst.parser.ParserUtils$.withOrigin(ParserUtils.scala:41)
	at org.apache.spark.sql.catalyst.parser.AbstractSqlParser.withErrorHandling(AbstractSqlParser.scala:163)
	at org.apache.spark.sql.catalyst.parser.AbstractSqlParser.$anonfun$parsePlan$1(AbstractSqlParser.scala:121)
	at org.apache.spark.sql.catalyst.parser.AbstractParser.parse(parsers.scala:103)
	at org.apache.spark.sql.execution.SparkSqlParser.parse(SparkSqlParser.scala:163)
	at org.apache.spark.sql.catalyst.parser.AbstractSqlParser.parsePlan(AbstractSqlParser.scala:118)
	at com.databricks.sql.QueryRuntimePredictionUtils$.$anonfun$getParsedPlanWithTracking$4(QueryRuntimePrediction.scala:446)
	at com.databricks.spark.util.FrameProfiler$.$anonfun$record$1(FrameProfiler.scala:114)
	at com.databricks.spark.util.FrameProfilerExporter$.maybeExportFrameProfiler(FrameProfilerExporter.scala:200)
	at com.databricks.spark.util.FrameProfiler$.record(FrameProfiler.scala:105)
	at org.apache.spark.sql.catalyst.QueryPlanningTracker.measurePhase(QueryPlanningTracker.scala:697)
	at com.databricks.sql.QueryRuntimePredictionUtils$.$anonfun$getParsedPlanWithTracking$3(QueryRuntimePrediction.scala:445)
	at org.apache.spark.sql.catalyst.QueryPlanningTracker$.withTracker(QueryPlanningTracker.scala:267)
	at com.databricks.sql.QueryRuntimePredictionUtils$.$anonfun$getParsedPlanWithTracking$2(QueryRuntimePrediction.scala:445)
	at org.apache.spark.sql.execution.SQLExecution$.$anonfun$withExecutionPhase$1(SQLExecution.scala:158)
	at com.databricks.logging.AttributionContext$.$anonfun$withValue$1(AttributionContext.scala:328)
	at scala.util.DynamicVariable.withValue(DynamicVariable.scala:59)
	at com.databricks.logging.AttributionContext$.withValue(AttributionContext.scala:324)
	at com.databricks.util.TracingSpanUtils$.$anonfun$withTracing$4(TracingSpanUtils.scala:235)
	at com.databricks.util.TracingSpanUtils$.withTracing(TracingSpanUtils.scala:129)
	at com.databricks.util.TracingSpanUtils$.withTracing(TracingSpanUtils.scala:233)
	at com.databricks.tracing.TracingUtils$.withTracing(TracingUtils.scala:296)
	at com.databricks.spark.util.DatabricksTracingHelper.withSpan(DatabricksSparkTracingHelper.scala:115)
	at com.databricks.spark.util.DBRTracing$.withSpan(DBRTracing.scala:47)
	at org.apache.spark.sql.execution.SQLExecution$.withExecutionPhase(SQLExecution.scala:139)
	at com.databricks.sql.QueryRuntimePredictionUtils$.$anonfun$getParsedPlanWithTracking$1(QueryRuntimePrediction.scala:444)
	at com.databricks.sql.util.MemoryTrackerHelper.withMemoryTracking(MemoryTrackerHelper.scala:111)
	at com.databricks.sql.QueryRuntimePredictionUtils$.getParsedPlanWithTracking(QueryRuntimePrediction.scala:440)
	at com.databricks.sql.QueryRuntimePrediction.$anonfun$getQueryExecutionWithParsedPlan$1(QueryRuntimePrediction.scala:790)
	at org.apache.spark.sql.SparkSession.withActive(SparkSession.scala:860)
	at com.databricks.sql.QueryRuntimePrediction.getQueryExecutionWithParsedPlan(QueryRuntimePrediction.scala:781)
	at com.databricks.sql.QueryRuntimePrediction.getRuntimeCategory(QueryRuntimePrediction.scala:569)
	at com.databricks.sql.ClusterLoadMonitor.$anonfun$getRuntimeCategory$3(ClusterLoadMonitor.scala:886)
	at com.databricks.unity.UCSEphemeralState$Handle.runWith(UCSEphemeralState.scala:51)
	at com.databricks.unity.HandleImpl.runWith(UCSHandle.scala:104)
	at com.databricks.unity.HandleImpl.$anonfun$runWithAndClose$1(UCSHandle.scala:109)
	at scala.util.Using$.resource(Using.scala:296)
	at com.databricks.unity.HandleImpl.runWithAndClose(UCSHandle.scala:108)
	at com.databricks.sql.ClusterLoadMonitor.$anonfun$getRuntimeCategory$2(ClusterLoadMonitor.scala:881)
	at java.base/java.util.concurrent.CompletableFuture$AsyncSupply.run(CompletableFuture.java:1768)
	at org.apache.spark.util.threads.SparkThreadLocalCapturingRunnable.$anonfun$run$1(SparkThreadLocalForwardingThreadPoolExecutor.scala:165)
	at scala.runtime.java8.JFunction0$mcV$sp.apply(JFunction0$mcV$sp.scala:18)
	at com.databricks.util.LexicalThreadLocal$Handle.runWith(LexicalThreadLocal.scala:63)
	at org.apache.spark.util.threads.SparkThreadLocalCapturingHelper.$anonfun$runWithCaptured$6(SparkThreadLocalForwardingThreadPoolExecutor.scala:119)
	at com.databricks.sql.transaction.tahoe.mst.MSTThreadHelper$.runWithMstTxnId(MSTThreadHelper.scala:57)
	at org.apache.spark.util.threads.SparkThreadLocalCapturingHelper.$anonfun$runWithCaptured$5(SparkThreadLocalForwardingThreadPoolExecutor.scala:118)
	at com.databricks.spark.util.IdentityClaim$.withClaim(IdentityClaim.scala:48)
	at org.apache.spark.util.threads.SparkThreadLocalCapturingHelper.$anonfun$runWithCaptured$4(SparkThreadLocalForwardingThreadPoolExecutor.scala:117)
	at com.databricks.unity.UCSEphemeralState$Handle.runWith(UCSEphemeralState.scala:51)
	at org.apache.spark.util.threads.SparkThreadLocalCapturingHelper.runWithCaptured(SparkThreadLocalForwardingThreadPoolExecutor.scala:116)
	at org.apache.spark.util.threads.SparkThreadLocalCapturingHelper.runWithCaptured$(SparkThreadLocalForwardingThreadPoolExecutor.scala:93)
	at org.apache.spark.util.threads.SparkThreadLocalCapturingRunnable.runWithCaptured(SparkThreadLocalForwardingThreadPoolExecutor.scala:162)
	at org.apache.spark.util.threads.SparkThreadLocalCapturingRunnable.run(SparkThreadLocalForwardingThreadPoolExecutor.scala:165)
	... 3 more
, operation-id=01f0c31b-fbf5-1065-b483-80e32d172eac
[0m18:42:21.204169 [debug] [Thread-4 (]: Databricks adapter: Connection(session-id=01f0c31b-fbef-18be-b9af-5e37c2ede515) - Closing
[0m18:42:21.258228 [debug] [Thread-5 (]: On model.databricks_warehouse.stg_transactions: Close
[0m18:42:21.259736 [debug] [Thread-5 (]: Databricks adapter: Connection(session-id=01f0c31b-fbef-167b-8ace-bde24acb3d7d) - Closing
[0m18:42:21.263992 [debug] [Thread-4 (]: Database Error in model stg_rates (models/staging/stg_rates.sql)
  
  [UNSUPPORTED_DATATYPE] Unsupported data type "FLOAT64". SQLSTATE: 0A000
  == SQL (line 12, position 18) ==
      CAST(open AS FLOAT64) AS open_price,
                   ^^^^^^^
  
  compiled code at target/run/databricks_warehouse/models/staging/stg_rates.sql
[0m18:42:21.321658 [debug] [Thread-4 (]: Sending event: {'category': 'dbt', 'action': 'run_model', 'label': '4dd8215d-0a00-4278-8a99-ec39b6736056', 'context': [<snowplow_tracker.self_describing_json.SelfDescribingJson object at 0xff6b399cd010>]}
[0m18:42:21.323810 [debug] [Thread-5 (]: Database Error in model stg_transactions (models/staging/stg_transactions.sql)
  
  [UNSUPPORTED_DATATYPE] Unsupported data type "FLOAT64". SQLSTATE: 0A000
  == SQL (line 13, position 29) ==
      CAST(source_currency AS FLOAT64) AS source_amount,
                              ^^^^^^^
  
  compiled code at target/run/databricks_warehouse/models/staging/stg_transactions.sql
[0m18:42:21.324953 [error] [Thread-4 (]: 1 of 8 ERROR creating sql view model bronze_bronze.stg_rates ................... [[31mERROR[0m in 1.65s]
[0m18:42:21.325869 [debug] [Thread-5 (]: Sending event: {'category': 'dbt', 'action': 'run_model', 'label': '4dd8215d-0a00-4278-8a99-ec39b6736056', 'context': [<snowplow_tracker.self_describing_json.SelfDescribingJson object at 0xff6b244df3e0>]}
[0m18:42:21.326938 [debug] [Thread-4 (]: Finished running node model.databricks_warehouse.stg_rates
[0m18:42:21.327935 [error] [Thread-5 (]: 2 of 8 ERROR creating sql view model bronze_bronze.stg_transactions ............ [[31mERROR[0m in 1.65s]
[0m18:42:21.328994 [debug] [Thread-10 ]: Marking all children of 'model.databricks_warehouse.stg_rates' to be skipped because of status 'error'.  Reason: Database Error in model stg_rates (models/staging/stg_rates.sql)
  
  [UNSUPPORTED_DATATYPE] Unsupported data type "FLOAT64". SQLSTATE: 0A000
  == SQL (line 12, position 18) ==
      CAST(open AS FLOAT64) AS open_price,
                   ^^^^^^^
  
  compiled code at target/run/databricks_warehouse/models/staging/stg_rates.sql.
[0m18:42:21.329897 [debug] [Thread-5 (]: Finished running node model.databricks_warehouse.stg_transactions
[0m18:42:21.331935 [debug] [Thread-10 ]: Marking all children of 'model.databricks_warehouse.stg_transactions' to be skipped because of status 'error'.  Reason: Database Error in model stg_transactions (models/staging/stg_transactions.sql)
  
  [UNSUPPORTED_DATATYPE] Unsupported data type "FLOAT64". SQLSTATE: 0A000
  == SQL (line 13, position 29) ==
      CAST(source_currency AS FLOAT64) AS source_amount,
                              ^^^^^^^
  
  compiled code at target/run/databricks_warehouse/models/staging/stg_transactions.sql.
[0m18:42:21.522305 [debug] [Thread-6 (]: Databricks adapter: Exception while trying to execute query
/* {"app": "dbt", "dbt_version": "1.10.15", "dbt_databricks_version": "1.11.0", "databricks_sql_connector_version": "4.1.3", "profile_name": "databricks_dwh", "target_name": "dev", "node_id": "model.databricks_warehouse.stg_users"} */

  
  
  create or replace view workspace.bronze_bronze.stg_users
  
  as (
    select
    CAST(user_id AS STRING) AS user_id,
    upper(trim(kyc_level)) as kyc_level,
    CAST(created_at AS TIMESTAMP) AS created_at,
    CAST(updated_at AS TIMESTAMP) AS updated_at
from `workspace`.`bronze`.`raw_users`
where user_id is not null
  )

: [TABLE_OR_VIEW_NOT_FOUND] The table or view `workspace`.`bronze`.`raw_users` cannot be found. Verify the spelling and correctness of the schema and catalog.
If you did not qualify the name with a schema, verify the current_schema() output, or qualify the name with the correct schema and catalog.
To tolerate the error on drop use DROP VIEW IF EXISTS or DROP TABLE IF EXISTS. SQLSTATE: 42P01; line 13 pos 5
Error properties: diagnostic-info=org.apache.hive.service.cli.HiveSQLException: Error running query: [TABLE_OR_VIEW_NOT_FOUND] org.apache.spark.sql.catalyst.ExtendedAnalysisException: [TABLE_OR_VIEW_NOT_FOUND] The table or view `workspace`.`bronze`.`raw_users` cannot be found. Verify the spelling and correctness of the schema and catalog.
If you did not qualify the name with a schema, verify the current_schema() output, or qualify the name with the correct schema and catalog.
To tolerate the error on drop use DROP VIEW IF EXISTS or DROP TABLE IF EXISTS. SQLSTATE: 42P01; line 13 pos 5
	at org.apache.spark.sql.hive.thriftserver.HiveThriftServerErrors$.runningQueryError(HiveThriftServerErrors.scala:49)
	at org.apache.spark.sql.hive.thriftserver.SparkExecuteStatementOperation.$anonfun$execute$1(SparkExecuteStatementOperation.scala:1040)
	at scala.runtime.java8.JFunction0$mcV$sp.apply(JFunction0$mcV$sp.scala:18)
	at com.databricks.unity.UCSEphemeralState$Handle.runWith(UCSEphemeralState.scala:51)
	at com.databricks.unity.HandleImpl.runWith(UCSHandle.scala:104)
	at org.apache.spark.sql.hive.thriftserver.SparkExecuteStatementOperation.org$apache$spark$sql$hive$thriftserver$SparkExecuteStatementOperation$$execute(SparkExecuteStatementOperation.scala:778)
	at org.apache.spark.sql.hive.thriftserver.SparkExecuteStatementOperation$$anon$2$$anon$3.$anonfun$run$5(SparkExecuteStatementOperation.scala:569)
	at scala.runtime.java8.JFunction0$mcV$sp.apply(JFunction0$mcV$sp.scala:18)
	at org.apache.spark.sql.execution.SQLExecution$.withRootExecution(SQLExecution.scala:853)
	at org.apache.spark.sql.hive.thriftserver.SparkExecuteStatementOperation$$anon$2$$anon$3.$anonfun$run$2(SparkExecuteStatementOperation.scala:569)
	at scala.runtime.java8.JFunction0$mcV$sp.apply(JFunction0$mcV$sp.scala:18)
	at com.databricks.logging.AttributionContextTracing.$anonfun$withAttributionContext$1(AttributionContextTracing.scala:49)
	at com.databricks.logging.AttributionContext$.$anonfun$withValue$1(AttributionContext.scala:328)
	at scala.util.DynamicVariable.withValue(DynamicVariable.scala:59)
	at com.databricks.logging.AttributionContext$.withValue(AttributionContext.scala:324)
	at com.databricks.logging.AttributionContextTracing.withAttributionContext(AttributionContextTracing.scala:47)
	at com.databricks.logging.AttributionContextTracing.withAttributionContext$(AttributionContextTracing.scala:44)
	at com.databricks.spark.util.DatabricksTracingHelper.withAttributionContext(DatabricksSparkTracingHelper.scala:65)
	at com.databricks.spark.util.DatabricksTracingHelper.withSpanFromRequest(DatabricksSparkTracingHelper.scala:92)
	at com.databricks.spark.util.DBRTracing$.withSpanFromRequest(DBRTracing.scala:43)
	at org.apache.spark.sql.hive.thriftserver.ThriftLocalProperties.$anonfun$withLocalProperties$15(ThriftLocalProperties.scala:238)
	at com.databricks.logging.AttributionContextTracing.$anonfun$withAttributionContext$1(AttributionContextTracing.scala:49)
	at com.databricks.logging.AttributionContext$.$anonfun$withValue$1(AttributionContext.scala:328)
	at scala.util.DynamicVariable.withValue(DynamicVariable.scala:59)
	at com.databricks.logging.AttributionContext$.withValue(AttributionContext.scala:324)
	at com.databricks.logging.AttributionContextTracing.withAttributionContext(AttributionContextTracing.scala:47)
	at com.databricks.logging.AttributionContextTracing.withAttributionContext$(AttributionContextTracing.scala:44)
	at com.databricks.spark.util.PublicDBLogging.withAttributionContext(DatabricksSparkUsageLogger.scala:30)
	at com.databricks.logging.AttributionContextTracing.withAttributionTags(AttributionContextTracing.scala:96)
	at com.databricks.logging.AttributionContextTracing.withAttributionTags$(AttributionContextTracing.scala:77)
	at com.databricks.spark.util.PublicDBLogging.withAttributionTags(DatabricksSparkUsageLogger.scala:30)
	at com.databricks.spark.util.PublicDBLogging.withAttributionTags0(DatabricksSparkUsageLogger.scala:124)
	at com.databricks.spark.util.DatabricksSparkUsageLogger.withAttributionTags(DatabricksSparkUsageLogger.scala:232)
	at com.databricks.spark.util.UsageLogging.$anonfun$withAttributionTags$1(UsageLogger.scala:668)
	at com.databricks.spark.util.UsageLogging$.withAttributionTags(UsageLogger.scala:780)
	at com.databricks.spark.util.UsageLogging$.withAttributionTags(UsageLogger.scala:789)
	at com.databricks.spark.util.UsageLogging.withAttributionTags(UsageLogger.scala:668)
	at com.databricks.spark.util.UsageLogging.withAttributionTags$(UsageLogger.scala:666)
	at org.apache.spark.sql.hive.thriftserver.SparkExecuteStatementOperation.withAttributionTags(SparkExecuteStatementOperation.scala:76)
	at org.apache.spark.sql.hive.thriftserver.ThriftLocalProperties.$anonfun$withLocalProperties$12(ThriftLocalProperties.scala:233)
	at com.databricks.spark.util.IdentityClaim$.withClaim(IdentityClaim.scala:48)
	at org.apache.spark.sql.hive.thriftserver.ThriftLocalProperties.withLocalProperties(ThriftLocalProperties.scala:229)
	at org.apache.spark.sql.hive.thriftserver.ThriftLocalProperties.withLocalProperties$(ThriftLocalProperties.scala:89)
	at org.apache.spark.sql.hive.thriftserver.SparkExecuteStatementOperation.withLocalProperties(SparkExecuteStatementOperation.scala:76)
	at org.apache.spark.sql.hive.thriftserver.SparkExecuteStatementOperation$$anon$2$$anon$3.run(SparkExecuteStatementOperation.scala:546)
	at org.apache.spark.sql.hive.thriftserver.SparkExecuteStatementOperation$$anon$2$$anon$3.run(SparkExecuteStatementOperation.scala:532)
	at java.base/java.security.AccessController.doPrivileged(AccessController.java:712)
	at java.base/javax.security.auth.Subject.doAs(Subject.java:439)
	at org.apache.hadoop.security.UserGroupInformation.doAs(UserGroupInformation.java:1953)
	at org.apache.spark.sql.hive.thriftserver.SparkExecuteStatementOperation$$anon$2.run(SparkExecuteStatementOperation.scala:582)
	at java.base/java.util.concurrent.Executors$RunnableAdapter.call(Executors.java:539)
	at java.base/java.util.concurrent.FutureTask.run(FutureTask.java:264)
	at java.base/java.util.concurrent.ThreadPoolExecutor.runWorker(ThreadPoolExecutor.java:1136)
	at java.base/java.util.concurrent.ThreadPoolExecutor$Worker.run(ThreadPoolExecutor.java:635)
	at java.base/java.lang.Thread.run(Thread.java:840)
Caused by: org.apache.spark.sql.catalyst.ExtendedAnalysisException: [TABLE_OR_VIEW_NOT_FOUND] The table or view `workspace`.`bronze`.`raw_users` cannot be found. Verify the spelling and correctness of the schema and catalog.
If you did not qualify the name with a schema, verify the current_schema() output, or qualify the name with the correct schema and catalog.
To tolerate the error on drop use DROP VIEW IF EXISTS or DROP TABLE IF EXISTS. SQLSTATE: 42P01; line 13 pos 5
	at org.apache.spark.sql.catalyst.ExtendedAnalysisException.copyPlan(ExtendedAnalysisException.scala:96)
	at org.apache.spark.sql.hive.thriftserver.SparkExecuteStatementOperation.$anonfun$execute$1(SparkExecuteStatementOperation.scala:1001)
	... 53 more
, operation-id=01f0c31b-fbf4-1bae-a5ba-c0f1fe0bdcf8
[0m18:42:21.523954 [debug] [Thread-6 (]: On model.databricks_warehouse.stg_users: Close
[0m18:42:21.524756 [debug] [Thread-6 (]: Databricks adapter: Connection(session-id=01f0c31b-fbef-1d00-86ab-831d5e29fa9c) - Closing
[0m18:42:21.575755 [debug] [Thread-6 (]: Database Error in model stg_users (models/staging/stg_users.sql)
  [TABLE_OR_VIEW_NOT_FOUND] The table or view `workspace`.`bronze`.`raw_users` cannot be found. Verify the spelling and correctness of the schema and catalog.
  If you did not qualify the name with a schema, verify the current_schema() output, or qualify the name with the correct schema and catalog.
  To tolerate the error on drop use DROP VIEW IF EXISTS or DROP TABLE IF EXISTS. SQLSTATE: 42P01; line 13 pos 5
  compiled code at target/run/databricks_warehouse/models/staging/stg_users.sql
[0m18:42:21.577066 [debug] [Thread-6 (]: Sending event: {'category': 'dbt', 'action': 'run_model', 'label': '4dd8215d-0a00-4278-8a99-ec39b6736056', 'context': [<snowplow_tracker.self_describing_json.SelfDescribingJson object at 0xff6b25bb43b0>]}
[0m18:42:21.578215 [error] [Thread-6 (]: 3 of 8 ERROR creating sql view model bronze_bronze.stg_users ................... [[31mERROR[0m in 1.90s]
[0m18:42:21.579474 [debug] [Thread-6 (]: Finished running node model.databricks_warehouse.stg_users
[0m18:42:21.580493 [debug] [Thread-10 ]: Marking all children of 'model.databricks_warehouse.stg_users' to be skipped because of status 'error'.  Reason: Database Error in model stg_users (models/staging/stg_users.sql)
  [TABLE_OR_VIEW_NOT_FOUND] The table or view `workspace`.`bronze`.`raw_users` cannot be found. Verify the spelling and correctness of the schema and catalog.
  If you did not qualify the name with a schema, verify the current_schema() output, or qualify the name with the correct schema and catalog.
  To tolerate the error on drop use DROP VIEW IF EXISTS or DROP TABLE IF EXISTS. SQLSTATE: 42P01; line 13 pos 5
  compiled code at target/run/databricks_warehouse/models/staging/stg_users.sql.
[0m18:42:21.582469 [debug] [Thread-7 (]: Began running node model.databricks_warehouse.int_transactions_enriched
[0m18:42:21.583368 [info ] [Thread-7 (]: 4 of 8 SKIP relation bronze_silver.int_transactions_enriched ................... [[33mSKIP[0m]
[0m18:42:21.584450 [debug] [Thread-7 (]: Finished running node model.databricks_warehouse.int_transactions_enriched
[0m18:42:21.585703 [debug] [Thread-5 (]: Began running node model.databricks_warehouse.fact_transactions
[0m18:42:21.586543 [info ] [Thread-5 (]: 5 of 8 SKIP relation bronze_gold.fact_transactions ............................. [[33mSKIP[0m]
[0m18:42:21.587584 [debug] [Thread-5 (]: Finished running node model.databricks_warehouse.fact_transactions
[0m18:42:21.588788 [debug] [Thread-4 (]: Began running node model.databricks_warehouse.agg_transactions_daily
[0m18:42:21.589299 [debug] [Thread-7 (]: Began running node model.databricks_warehouse.agg_transactions_monthly
[0m18:42:21.589841 [debug] [Thread-6 (]: Began running node model.databricks_warehouse.agg_transactions_quarterly
[0m18:42:21.590663 [info ] [Thread-4 (]: 6 of 8 SKIP relation bronze_gold.agg_transactions_daily ........................ [[33mSKIP[0m]
[0m18:42:21.592212 [info ] [Thread-7 (]: 7 of 8 SKIP relation bronze_gold.agg_transactions_monthly ...................... [[33mSKIP[0m]
[0m18:42:21.593212 [info ] [Thread-6 (]: 8 of 8 SKIP relation bronze_gold.agg_transactions_quarterly .................... [[33mSKIP[0m]
[0m18:42:21.594101 [debug] [Thread-4 (]: Finished running node model.databricks_warehouse.agg_transactions_daily
[0m18:42:21.595009 [debug] [Thread-7 (]: Finished running node model.databricks_warehouse.agg_transactions_monthly
[0m18:42:21.595813 [debug] [Thread-6 (]: Finished running node model.databricks_warehouse.agg_transactions_quarterly
[0m18:42:21.598308 [debug] [MainThread]: Databricks adapter: DatabricksDBTConnection(session-id=None, name=master) - Creating connection
[0m18:42:21.599123 [debug] [MainThread]: Acquiring new databricks connection 'master'
[0m18:42:21.599976 [info ] [MainThread]: 
[0m18:42:21.600873 [info ] [MainThread]: Finished running 4 table models, 4 view models in 0 hours 0 minutes and 21.76 seconds (21.76s).
[0m18:42:21.602544 [debug] [MainThread]: Command end result
[0m18:42:21.645278 [debug] [MainThread]: Wrote artifact WritableManifest to /Workspace/Repos/minhthy/dbt_project/target/manifest.json
[0m18:42:21.648286 [debug] [MainThread]: Wrote artifact SemanticManifest to /Workspace/Repos/minhthy/dbt_project/target/semantic_manifest.json
[0m18:42:21.654769 [debug] [MainThread]: Wrote artifact RunExecutionResult to /Workspace/Repos/minhthy/dbt_project/target/run_results.json
[0m18:42:21.655598 [info ] [MainThread]: 
[0m18:42:21.656487 [info ] [MainThread]: [31mCompleted with 3 errors, 0 partial successes, and 0 warnings:[0m
[0m18:42:21.657442 [info ] [MainThread]: 
[0m18:42:21.658556 [error] [MainThread]: [31mFailure in model stg_rates (models/staging/stg_rates.sql)[0m
[0m18:42:21.659562 [error] [MainThread]:   Database Error in model stg_rates (models/staging/stg_rates.sql)
  
  [UNSUPPORTED_DATATYPE] Unsupported data type "FLOAT64". SQLSTATE: 0A000
  == SQL (line 12, position 18) ==
      CAST(open AS FLOAT64) AS open_price,
                   ^^^^^^^
  
  compiled code at target/run/databricks_warehouse/models/staging/stg_rates.sql
[0m18:42:21.660453 [info ] [MainThread]: 
[0m18:42:21.661726 [info ] [MainThread]:   compiled code at target/compiled/databricks_warehouse/models/staging/stg_rates.sql
[0m18:42:21.662688 [info ] [MainThread]: 
[0m18:42:21.663804 [error] [MainThread]: [31mFailure in model stg_transactions (models/staging/stg_transactions.sql)[0m
[0m18:42:21.664988 [error] [MainThread]:   Database Error in model stg_transactions (models/staging/stg_transactions.sql)
  
  [UNSUPPORTED_DATATYPE] Unsupported data type "FLOAT64". SQLSTATE: 0A000
  == SQL (line 13, position 29) ==
      CAST(source_currency AS FLOAT64) AS source_amount,
                              ^^^^^^^
  
  compiled code at target/run/databricks_warehouse/models/staging/stg_transactions.sql
[0m18:42:21.665723 [info ] [MainThread]: 
[0m18:42:21.667975 [info ] [MainThread]:   compiled code at target/compiled/databricks_warehouse/models/staging/stg_transactions.sql
[0m18:42:21.669554 [info ] [MainThread]: 
[0m18:42:21.670772 [error] [MainThread]: [31mFailure in model stg_users (models/staging/stg_users.sql)[0m
[0m18:42:21.671777 [error] [MainThread]:   Database Error in model stg_users (models/staging/stg_users.sql)
  [TABLE_OR_VIEW_NOT_FOUND] The table or view `workspace`.`bronze`.`raw_users` cannot be found. Verify the spelling and correctness of the schema and catalog.
  If you did not qualify the name with a schema, verify the current_schema() output, or qualify the name with the correct schema and catalog.
  To tolerate the error on drop use DROP VIEW IF EXISTS or DROP TABLE IF EXISTS. SQLSTATE: 42P01; line 13 pos 5
  compiled code at target/run/databricks_warehouse/models/staging/stg_users.sql
[0m18:42:21.673502 [info ] [MainThread]: 
[0m18:42:21.677827 [info ] [MainThread]:   compiled code at target/compiled/databricks_warehouse/models/staging/stg_users.sql
[0m18:42:21.679191 [info ] [MainThread]: 
[0m18:42:21.680046 [info ] [MainThread]: Done. PASS=0 WARN=0 ERROR=3 SKIP=5 NO-OP=0 TOTAL=8
[0m18:42:21.681887 [debug] [MainThread]: Resource report: {"command_name": "run", "command_success": false, "command_wall_clock_time": 27.99299, "process_in_blocks": "5272", "process_kernel_time": 0.55708, "process_mem_max_rss": "255172", "process_out_blocks": "0", "process_user_time": 7.815043}
[0m18:42:21.682838 [debug] [MainThread]: Command `dbt run` failed at 18:42:21.682710 after 27.99 seconds
[0m18:42:21.683764 [debug] [MainThread]: Sending event: {'category': 'dbt', 'action': 'invocation', 'label': 'end', 'context': [<snowplow_tracker.self_describing_json.SelfDescribingJson object at 0xff6b39974e30>, <snowplow_tracker.self_describing_json.SelfDescribingJson object at 0xff6b256a6030>, <snowplow_tracker.self_describing_json.SelfDescribingJson object at 0xff6b25518950>]}
[0m18:42:21.684645 [debug] [MainThread]: Flushing usage events
[0m18:42:21.756198 [debug] [MainThread]: An error was encountered while trying to flush usage events
[0m18:44:31.139796 [debug] [MainThread]: Sending event: {'category': 'dbt', 'action': 'invocation', 'label': 'start', 'context': [<snowplow_tracker.self_describing_json.SelfDescribingJson object at 0xffb13fbd58b0>, <snowplow_tracker.self_describing_json.SelfDescribingJson object at 0xffb140617aa0>, <snowplow_tracker.self_describing_json.SelfDescribingJson object at 0xffb140617560>]}


============================== 18:44:31.143846 | 989b6b26-7cf3-411d-962f-da54d9583a9c ==============================
[0m18:44:31.143846 [info ] [MainThread]: Running with dbt=1.10.15
[0m18:44:31.145977 [debug] [MainThread]: running dbt with arguments {'no_print': 'None', 'quiet': 'False', 'version_check': 'True', 'indirect_selection': 'eager', 'log_format': 'default', 'static_parser': 'True', 'write_json': 'True', 'send_anonymous_usage_stats': 'True', 'partial_parse': 'True', 'use_experimental_parser': 'False', 'debug': 'False', 'introspect': 'True', 'target_path': 'None', 'warn_error_options': 'WarnErrorOptionsV2(error=[], warn=[], silence=[])', 'fail_fast': 'False', 'log_cache_events': 'False', 'warn_error': 'None', 'cache_selected_only': 'False', 'profiles_dir': '/Workspace/Users/minhthy1016@gmail.com/.dbt', 'log_path': '/Workspace/Repos/minhthy/dbt_project/logs', 'printer_width': '80', 'invocation_command': 'dbt run', 'empty': 'False', 'use_colors': 'True'}
[0m18:44:31.943787 [debug] [MainThread]: Spark adapter: Setting pyhive.hive logging to ERROR
[0m18:44:31.945176 [debug] [MainThread]: Spark adapter: Setting thrift.transport logging to ERROR
[0m18:44:31.946066 [debug] [MainThread]: Spark adapter: Setting thrift.protocol logging to ERROR
[0m18:44:32.637441 [debug] [MainThread]: Sending event: {'category': 'dbt', 'action': 'project_id', 'label': '989b6b26-7cf3-411d-962f-da54d9583a9c', 'context': [<snowplow_tracker.self_describing_json.SelfDescribingJson object at 0xffb12ceb2090>]}
[0m18:44:32.733334 [debug] [MainThread]: Sending event: {'category': 'dbt', 'action': 'adapter_info', 'label': '989b6b26-7cf3-411d-962f-da54d9583a9c', 'context': [<snowplow_tracker.self_describing_json.SelfDescribingJson object at 0xffb12ff0f9b0>]}
[0m18:44:32.734853 [info ] [MainThread]: Registered adapter: databricks=1.11.0
[0m18:44:32.927915 [debug] [MainThread]: checksum: 14a228079bd6df63ba81633f9a3cf44ecfaa31056ac397c602753ec895dbf885, vars: {}, profile: , target: , version: 1.10.15
[0m18:44:34.145436 [debug] [MainThread]: Partial parsing enabled: 0 files deleted, 0 files added, 0 files changed.
[0m18:44:34.146498 [debug] [MainThread]: Partial parsing enabled, no changes found, skipping parsing
[0m18:44:34.155420 [warn ] [MainThread]: [[33mWARNING[0m]: Configuration paths exist in your dbt_project.yml file which do not apply to any resources.
There are 1 unused configuration paths:
- seeds
[0m18:44:34.213008 [debug] [MainThread]: Sending event: {'category': 'dbt', 'action': 'load_project', 'label': '989b6b26-7cf3-411d-962f-da54d9583a9c', 'context': [<snowplow_tracker.self_describing_json.SelfDescribingJson object at 0xffb12cc92780>]}
[0m18:44:34.472793 [debug] [MainThread]: Wrote artifact WritableManifest to /Workspace/Repos/minhthy/dbt_project/target/manifest.json
[0m18:44:34.505733 [debug] [MainThread]: Wrote artifact SemanticManifest to /Workspace/Repos/minhthy/dbt_project/target/semantic_manifest.json
[0m18:44:34.589960 [debug] [MainThread]: Sending event: {'category': 'dbt', 'action': 'resource_counts', 'label': '989b6b26-7cf3-411d-962f-da54d9583a9c', 'context': [<snowplow_tracker.self_describing_json.SelfDescribingJson object at 0xffb12ca83440>]}
[0m18:44:34.591038 [info ] [MainThread]: Found 8 models, 1 snapshot, 6 data tests, 3 sources, 709 macros
[0m18:44:34.592238 [debug] [MainThread]: Sending event: {'category': 'dbt', 'action': 'runnable_timing', 'label': '989b6b26-7cf3-411d-962f-da54d9583a9c', 'context': [<snowplow_tracker.self_describing_json.SelfDescribingJson object at 0xffb12d2a54c0>]}
[0m18:44:34.594842 [info ] [MainThread]: 
[0m18:44:34.595669 [info ] [MainThread]: Concurrency: 4 threads (target='dev')
[0m18:44:34.597042 [info ] [MainThread]: 
[0m18:44:34.598275 [debug] [MainThread]: Databricks adapter: DatabricksDBTConnection(session-id=None, name=master) - Creating connection
[0m18:44:34.599030 [debug] [MainThread]: Acquiring new databricks connection 'master'
[0m18:44:34.606632 [debug] [ThreadPool]: Databricks adapter: DatabricksDBTConnection(session-id=None, name=list_workspace) - Creating connection
[0m18:44:34.607501 [debug] [ThreadPool]: Databricks adapter: DatabricksDBTConnection(session-id=None, name=list_workspace) - Creating connection
[0m18:44:34.608271 [debug] [ThreadPool]: Databricks adapter: DatabricksDBTConnection(session-id=None, name=list_workspace) - Creating connection
[0m18:44:34.609164 [debug] [ThreadPool]: Acquiring new databricks connection 'list_workspace'
[0m18:44:34.610020 [debug] [ThreadPool]: Acquiring new databricks connection 'list_workspace'
[0m18:44:34.626724 [debug] [ThreadPool]: Using databricks connection "list_workspace"
[0m18:44:34.623312 [debug] [ThreadPool]: Using databricks connection "list_workspace"
[0m18:44:34.610967 [debug] [ThreadPool]: Acquiring new databricks connection 'list_workspace'
[0m18:44:34.627712 [debug] [ThreadPool]: On list_workspace: /* {"app": "dbt", "dbt_version": "1.10.15", "dbt_databricks_version": "1.11.0", "databricks_sql_connector_version": "4.1.3", "profile_name": "databricks_dwh", "target_name": "dev", "connection_name": "list_workspace"} */

    show databases
  
[0m18:44:34.628463 [debug] [ThreadPool]: On list_workspace: /* {"app": "dbt", "dbt_version": "1.10.15", "dbt_databricks_version": "1.11.0", "databricks_sql_connector_version": "4.1.3", "profile_name": "databricks_dwh", "target_name": "dev", "connection_name": "list_workspace"} */

    show databases
  
[0m18:44:34.631333 [debug] [ThreadPool]: Using databricks connection "list_workspace"
[0m18:44:34.632221 [debug] [ThreadPool]: Opening a new connection, currently in state init
[0m18:44:34.633013 [debug] [ThreadPool]: Opening a new connection, currently in state init
[0m18:44:34.633890 [debug] [ThreadPool]: On list_workspace: /* {"app": "dbt", "dbt_version": "1.10.15", "dbt_databricks_version": "1.11.0", "databricks_sql_connector_version": "4.1.3", "profile_name": "databricks_dwh", "target_name": "dev", "connection_name": "list_workspace"} */

    show databases
  
[0m18:44:34.649097 [debug] [ThreadPool]: Opening a new connection, currently in state init
[0m18:44:34.977526 [debug] [ThreadPool]: Databricks adapter: Connection(session-id=01f0c31c-4bf8-11ea-a790-65f8086b8ac9) - Created
[0m18:44:34.994050 [debug] [ThreadPool]: Databricks adapter: Connection(session-id=01f0c31c-4bfa-14eb-be8e-c753c0f3a647) - Created
[0m18:44:34.995395 [debug] [ThreadPool]: Databricks adapter: Connection(session-id=01f0c31c-4bf9-1d8e-98c0-c9e801534b6f) - Created
[0m18:44:35.482625 [debug] [ThreadPool]: SQL status: OK in 0.850 seconds
[0m18:44:35.487439 [debug] [ThreadPool]: SQL status: OK in 0.850 seconds
[0m18:44:35.488100 [debug] [ThreadPool]: SQL status: OK in 0.840 seconds
[0m18:44:35.492740 [debug] [ThreadPool]: Databricks adapter: Cursor(session-id=01f0c31c-4bf8-11ea-a790-65f8086b8ac9, command-id=01f0c31c-4bfd-15d7-b355-12dde2bf2a0c) - Closing
[0m18:44:35.494127 [debug] [ThreadPool]: Databricks adapter: Cursor(session-id=01f0c31c-4bf9-1d8e-98c0-c9e801534b6f, command-id=01f0c31c-4c00-19ef-a4f4-24ab77345bcb) - Closing
[0m18:44:35.495544 [debug] [ThreadPool]: Databricks adapter: Cursor(session-id=01f0c31c-4bfa-14eb-be8e-c753c0f3a647, command-id=01f0c31c-4c00-189b-92c3-de8d159ef907) - Closing
[0m18:44:35.496352 [debug] [ThreadPool]: On list_workspace: Close
[0m18:44:35.498131 [debug] [ThreadPool]: Databricks adapter: Connection(session-id=01f0c31c-4bf8-11ea-a790-65f8086b8ac9) - Closing
[0m18:44:35.548216 [debug] [ThreadPool]: On list_workspace: Close
[0m18:44:35.549576 [debug] [ThreadPool]: Databricks adapter: Connection(session-id=01f0c31c-4bf9-1d8e-98c0-c9e801534b6f) - Closing
[0m18:44:35.592229 [debug] [ThreadPool]: On list_workspace: Close
[0m18:44:35.593350 [debug] [ThreadPool]: Databricks adapter: Connection(session-id=01f0c31c-4bfa-14eb-be8e-c753c0f3a647) - Closing
[0m18:44:35.643444 [debug] [ThreadPool]: Databricks adapter: DatabricksDBTConnection(session-id=None, name=list_workspace_bronze_bronze) - Creating connection
[0m18:44:35.644580 [debug] [ThreadPool]: Databricks adapter: DatabricksDBTConnection(session-id=None, name=list_workspace_bronze_gold) - Creating connection
[0m18:44:35.645623 [debug] [ThreadPool]: Databricks adapter: DatabricksDBTConnection(session-id=None, name=list_workspace_silver) - Creating connection
[0m18:44:35.646350 [debug] [ThreadPool]: Databricks adapter: DatabricksDBTConnection(session-id=None, name=list_workspace_bronze_silver) - Creating connection
[0m18:44:35.647099 [debug] [ThreadPool]: Acquiring new databricks connection 'list_workspace_bronze_bronze'
[0m18:44:35.647977 [debug] [ThreadPool]: Acquiring new databricks connection 'list_workspace_bronze_gold'
[0m18:44:35.648884 [debug] [ThreadPool]: Acquiring new databricks connection 'list_workspace_silver'
[0m18:44:35.649622 [debug] [ThreadPool]: Acquiring new databricks connection 'list_workspace_bronze_silver'
[0m18:44:35.657704 [debug] [ThreadPool]: Using databricks connection "list_workspace_bronze_bronze"
[0m18:44:35.660311 [debug] [ThreadPool]: Using databricks connection "list_workspace_bronze_gold"
[0m18:44:35.662953 [debug] [ThreadPool]: Using databricks connection "list_workspace_silver"
[0m18:44:35.671265 [debug] [ThreadPool]: Using databricks connection "list_workspace_bronze_silver"
[0m18:44:35.672595 [debug] [ThreadPool]: On list_workspace_bronze_bronze: /* {"app": "dbt", "dbt_version": "1.10.15", "dbt_databricks_version": "1.11.0", "databricks_sql_connector_version": "4.1.3", "profile_name": "databricks_dwh", "target_name": "dev", "connection_name": "list_workspace_bronze_bronze"} */

    
SELECT
  table_name,
  if(table_type IN ('EXTERNAL', 'MANAGED', 'MANAGED_SHALLOW_CLONE', 'EXTERNAL_SHALLOW_CLONE'), 'table', lower(table_type)) AS table_type,
  lower(data_source_format) AS file_format,
  table_owner,
  if(
    table_type IN (
      'EXTERNAL',
      'MANAGED',
      'MANAGED_SHALLOW_CLONE',
      'EXTERNAL_SHALLOW_CLONE'
    ),
    lower(table_type),
    NULL
  ) AS databricks_table_type
FROM `system`.`information_schema`.`tables`
WHERE table_catalog = 'workspace' 
  AND table_schema = 'bronze_bronze'

  
[0m18:44:35.674058 [debug] [ThreadPool]: On list_workspace_bronze_gold: /* {"app": "dbt", "dbt_version": "1.10.15", "dbt_databricks_version": "1.11.0", "databricks_sql_connector_version": "4.1.3", "profile_name": "databricks_dwh", "target_name": "dev", "connection_name": "list_workspace_bronze_gold"} */

    
SELECT
  table_name,
  if(table_type IN ('EXTERNAL', 'MANAGED', 'MANAGED_SHALLOW_CLONE', 'EXTERNAL_SHALLOW_CLONE'), 'table', lower(table_type)) AS table_type,
  lower(data_source_format) AS file_format,
  table_owner,
  if(
    table_type IN (
      'EXTERNAL',
      'MANAGED',
      'MANAGED_SHALLOW_CLONE',
      'EXTERNAL_SHALLOW_CLONE'
    ),
    lower(table_type),
    NULL
  ) AS databricks_table_type
FROM `system`.`information_schema`.`tables`
WHERE table_catalog = 'workspace' 
  AND table_schema = 'bronze_gold'

  
[0m18:44:35.674948 [debug] [ThreadPool]: On list_workspace_silver: /* {"app": "dbt", "dbt_version": "1.10.15", "dbt_databricks_version": "1.11.0", "databricks_sql_connector_version": "4.1.3", "profile_name": "databricks_dwh", "target_name": "dev", "connection_name": "list_workspace_silver"} */

    
SELECT
  table_name,
  if(table_type IN ('EXTERNAL', 'MANAGED', 'MANAGED_SHALLOW_CLONE', 'EXTERNAL_SHALLOW_CLONE'), 'table', lower(table_type)) AS table_type,
  lower(data_source_format) AS file_format,
  table_owner,
  if(
    table_type IN (
      'EXTERNAL',
      'MANAGED',
      'MANAGED_SHALLOW_CLONE',
      'EXTERNAL_SHALLOW_CLONE'
    ),
    lower(table_type),
    NULL
  ) AS databricks_table_type
FROM `system`.`information_schema`.`tables`
WHERE table_catalog = 'workspace' 
  AND table_schema = 'silver'

  
[0m18:44:35.675786 [debug] [ThreadPool]: On list_workspace_bronze_silver: /* {"app": "dbt", "dbt_version": "1.10.15", "dbt_databricks_version": "1.11.0", "databricks_sql_connector_version": "4.1.3", "profile_name": "databricks_dwh", "target_name": "dev", "connection_name": "list_workspace_bronze_silver"} */

    
SELECT
  table_name,
  if(table_type IN ('EXTERNAL', 'MANAGED', 'MANAGED_SHALLOW_CLONE', 'EXTERNAL_SHALLOW_CLONE'), 'table', lower(table_type)) AS table_type,
  lower(data_source_format) AS file_format,
  table_owner,
  if(
    table_type IN (
      'EXTERNAL',
      'MANAGED',
      'MANAGED_SHALLOW_CLONE',
      'EXTERNAL_SHALLOW_CLONE'
    ),
    lower(table_type),
    NULL
  ) AS databricks_table_type
FROM `system`.`information_schema`.`tables`
WHERE table_catalog = 'workspace' 
  AND table_schema = 'bronze_silver'

  
[0m18:44:35.676699 [debug] [ThreadPool]: Opening a new connection, currently in state init
[0m18:44:35.677513 [debug] [ThreadPool]: Opening a new connection, currently in state init
[0m18:44:35.678243 [debug] [ThreadPool]: Opening a new connection, currently in state init
[0m18:44:35.679072 [debug] [ThreadPool]: Opening a new connection, currently in state init
[0m18:44:36.041648 [debug] [ThreadPool]: Databricks adapter: Connection(session-id=01f0c31c-4c9b-1cf8-b64c-0f55b40cadad) - Created
[0m18:44:36.106297 [debug] [ThreadPool]: Databricks adapter: Connection(session-id=01f0c31c-4ca4-1d80-b33a-b2b431e3e092) - Created
[0m18:44:36.129965 [debug] [ThreadPool]: Databricks adapter: Connection(session-id=01f0c31c-4ca7-1921-a135-0f84ac9629b2) - Created
[0m18:44:36.147215 [debug] [ThreadPool]: Databricks adapter: Connection(session-id=01f0c31c-4cab-1250-b1ca-4e6ac4dc557e) - Created
[0m18:44:36.533783 [debug] [ThreadPool]: SQL status: OK in 0.860 seconds
[0m18:44:36.537078 [debug] [ThreadPool]: Databricks adapter: Cursor(session-id=01f0c31c-4c9b-1cf8-b64c-0f55b40cadad, command-id=01f0c31c-4ca0-1411-9192-c4f5d8032c84) - Closing
[0m18:44:36.538218 [debug] [ThreadPool]: On list_workspace_silver: Close
[0m18:44:36.538989 [debug] [ThreadPool]: Databricks adapter: Connection(session-id=01f0c31c-4c9b-1cf8-b64c-0f55b40cadad) - Closing
[0m18:44:36.621162 [debug] [ThreadPool]: SQL status: OK in 0.940 seconds
[0m18:44:36.623853 [debug] [ThreadPool]: Databricks adapter: Cursor(session-id=01f0c31c-4ca7-1921-a135-0f84ac9629b2, command-id=01f0c31c-4cad-1860-ae15-04f4e5f2a8f9) - Closing
[0m18:44:36.624948 [debug] [ThreadPool]: On list_workspace_bronze_bronze: Close
[0m18:44:36.625777 [debug] [ThreadPool]: Databricks adapter: Connection(session-id=01f0c31c-4ca7-1921-a135-0f84ac9629b2) - Closing
[0m18:44:36.800419 [debug] [ThreadPool]: SQL status: OK in 1.120 seconds
[0m18:44:36.803432 [debug] [ThreadPool]: Databricks adapter: Cursor(session-id=01f0c31c-4ca4-1d80-b33a-b2b431e3e092, command-id=01f0c31c-4ca9-1bd4-b2bc-f5c126e4bb91) - Closing
[0m18:44:36.804677 [debug] [ThreadPool]: On list_workspace_bronze_gold: Close
[0m18:44:36.805745 [debug] [ThreadPool]: Databricks adapter: Connection(session-id=01f0c31c-4ca4-1d80-b33a-b2b431e3e092) - Closing
[0m18:44:36.842841 [debug] [ThreadPool]: SQL status: OK in 1.160 seconds
[0m18:44:36.846077 [debug] [ThreadPool]: Databricks adapter: Cursor(session-id=01f0c31c-4cab-1250-b1ca-4e6ac4dc557e, command-id=01f0c31c-4caf-1d36-b7f9-45a824e36d8f) - Closing
[0m18:44:36.851415 [debug] [ThreadPool]: On list_workspace_bronze_silver: Close
[0m18:44:36.852456 [debug] [ThreadPool]: Databricks adapter: Connection(session-id=01f0c31c-4cab-1250-b1ca-4e6ac4dc557e) - Closing
[0m18:44:36.905808 [debug] [MainThread]: Sending event: {'category': 'dbt', 'action': 'runnable_timing', 'label': '989b6b26-7cf3-411d-962f-da54d9583a9c', 'context': [<snowplow_tracker.self_describing_json.SelfDescribingJson object at 0xffb13d88d4c0>]}
[0m18:44:36.910189 [debug] [Thread-3 (]: Began running node model.databricks_warehouse.stg_rates
[0m18:44:36.910880 [debug] [Thread-4 (]: Began running node model.databricks_warehouse.stg_transactions
[0m18:44:36.911471 [debug] [Thread-5 (]: Began running node model.databricks_warehouse.stg_users
[0m18:44:36.912800 [info ] [Thread-3 (]: 1 of 8 START sql view model bronze_bronze.stg_rates ............................ [RUN]
[0m18:44:36.914012 [info ] [Thread-4 (]: 2 of 8 START sql view model bronze_bronze.stg_transactions ..................... [RUN]
[0m18:44:36.915117 [info ] [Thread-5 (]: 3 of 8 START sql view model bronze_bronze.stg_users ............................ [RUN]
[0m18:44:36.916400 [debug] [Thread-3 (]: Databricks adapter: DatabricksDBTConnection(session-id=None, name=model.databricks_warehouse.stg_rates) - Creating connection
[0m18:44:36.917630 [debug] [Thread-4 (]: Databricks adapter: DatabricksDBTConnection(session-id=None, name=model.databricks_warehouse.stg_transactions) - Creating connection
[0m18:44:36.918661 [debug] [Thread-5 (]: Databricks adapter: DatabricksDBTConnection(session-id=None, name=model.databricks_warehouse.stg_users) - Creating connection
[0m18:44:36.919445 [debug] [Thread-3 (]: Acquiring new databricks connection 'model.databricks_warehouse.stg_rates'
[0m18:44:36.920389 [debug] [Thread-4 (]: Acquiring new databricks connection 'model.databricks_warehouse.stg_transactions'
[0m18:44:36.923428 [debug] [Thread-4 (]: Began compiling node model.databricks_warehouse.stg_transactions
[0m18:44:36.922452 [debug] [Thread-3 (]: Began compiling node model.databricks_warehouse.stg_rates
[0m18:44:36.921483 [debug] [Thread-5 (]: Acquiring new databricks connection 'model.databricks_warehouse.stg_users'
[0m18:44:36.941298 [debug] [Thread-5 (]: Began compiling node model.databricks_warehouse.stg_users
[0m18:44:36.938015 [debug] [Thread-3 (]: Writing injected SQL for node "model.databricks_warehouse.stg_rates"
[0m18:44:36.931960 [debug] [Thread-4 (]: Writing injected SQL for node "model.databricks_warehouse.stg_transactions"
[0m18:44:36.945482 [debug] [Thread-5 (]: Writing injected SQL for node "model.databricks_warehouse.stg_users"
[0m18:44:37.204797 [debug] [Thread-3 (]: Began executing node model.databricks_warehouse.stg_rates
[0m18:44:37.220683 [debug] [Thread-3 (]: MATERIALIZING VIEW
[0m18:44:37.223466 [warn ] [Thread-3 (]: [[33mWARNING[0m]: Use revamped materializations based on separating create and insert.  This allows more performant column comments, as well as new column features.
You may opt into the new behavior sooner by setting `flags.use_materialization_v2` to `True` in `dbt_project.yml`.
Visit https://docs.getdbt.com/reference/global-configs/behavior-changes for more information.
[0m18:44:37.224776 [debug] [Thread-3 (]: Sending event: {'category': 'dbt', 'action': 'BehaviorChangeEvent', 'label': '989b6b26-7cf3-411d-962f-da54d9583a9c', 'context': [<snowplow_tracker.self_describing_json.SelfDescribingJson object at 0xffb12c92c410>]}
[0m18:44:37.240175 [debug] [Thread-3 (]: Creating view workspace.bronze_bronze.stg_rates
[0m18:44:37.251757 [debug] [Thread-3 (]: Writing runtime sql for node "model.databricks_warehouse.stg_rates"
[0m18:44:37.252816 [debug] [Thread-4 (]: Began executing node model.databricks_warehouse.stg_transactions
[0m18:44:37.255714 [debug] [Thread-4 (]: MATERIALIZING VIEW
[0m18:44:37.257925 [debug] [Thread-4 (]: Creating view workspace.bronze_bronze.stg_transactions
[0m18:44:37.259702 [debug] [Thread-4 (]: Writing runtime sql for node "model.databricks_warehouse.stg_transactions"
[0m18:44:37.283596 [debug] [Thread-5 (]: Began executing node model.databricks_warehouse.stg_users
[0m18:44:37.286478 [debug] [Thread-5 (]: MATERIALIZING VIEW
[0m18:44:37.288661 [debug] [Thread-5 (]: Creating view workspace.bronze_bronze.stg_users
[0m18:44:37.290285 [debug] [Thread-5 (]: Writing runtime sql for node "model.databricks_warehouse.stg_users"
[0m18:44:37.391168 [debug] [Thread-3 (]: Using databricks connection "model.databricks_warehouse.stg_rates"
[0m18:44:37.392293 [debug] [Thread-3 (]: On model.databricks_warehouse.stg_rates: /* {"app": "dbt", "dbt_version": "1.10.15", "dbt_databricks_version": "1.11.0", "databricks_sql_connector_version": "4.1.3", "profile_name": "databricks_dwh", "target_name": "dev", "node_id": "model.databricks_warehouse.stg_rates"} */

  
  
  create or replace view workspace.bronze_bronze.stg_rates
  
  as (
    SELECT
    symbol,
    CAST(open_time AS TIMESTAMP) AS open_time,
    CAST(close_time AS TIMESTAMP) AS close_time,
    CAST(open AS FLOAT64) AS open_price,
    CAST(close AS FLOAT64) AS close_price,
    CAST(volume AS FLOAT64) AS volume,
    CAST(quote_asset_volume AS FLOAT64) AS quote_volume, 
    CAST(num_trades AS FLOAT64) AS num_trades,
    CAST(taker_buy_base AS FLOAT64) AS taker_buy_base,
    CAST(taker_buy_quote AS FLOAT64) AS taker_buy_quote    
FROM `workspace`.`bronze`.`raw_rates`
WHERE symbol IS NOT NULL 
AND close_price IS NOT NULL
  )

[0m18:44:37.393206 [debug] [Thread-3 (]: Opening a new connection, currently in state init
[0m18:44:37.425691 [debug] [Thread-5 (]: Using databricks connection "model.databricks_warehouse.stg_users"
[0m18:44:37.426868 [debug] [Thread-5 (]: On model.databricks_warehouse.stg_users: /* {"app": "dbt", "dbt_version": "1.10.15", "dbt_databricks_version": "1.11.0", "databricks_sql_connector_version": "4.1.3", "profile_name": "databricks_dwh", "target_name": "dev", "node_id": "model.databricks_warehouse.stg_users"} */

  
  
  create or replace view workspace.bronze_bronze.stg_users
  
  as (
    select
    CAST(user_id AS STRING) AS user_id,
    upper(trim(kyc_level)) as kyc_level,
    CAST(created_at AS TIMESTAMP) AS created_at,
    CAST(updated_at AS TIMESTAMP) AS updated_at
from `workspace`.`bronze`.`raw_users`
where user_id is not null
  )

[0m18:44:37.427827 [debug] [Thread-5 (]: Opening a new connection, currently in state init
[0m18:44:37.460995 [debug] [Thread-4 (]: Using databricks connection "model.databricks_warehouse.stg_transactions"
[0m18:44:37.473218 [debug] [Thread-4 (]: On model.databricks_warehouse.stg_transactions: /* {"app": "dbt", "dbt_version": "1.10.15", "dbt_databricks_version": "1.11.0", "databricks_sql_connector_version": "4.1.3", "profile_name": "databricks_dwh", "target_name": "dev", "node_id": "model.databricks_warehouse.stg_transactions"} */

  
  
  create or replace view workspace.bronze_bronze.stg_transactions
  
  as (
    SELECT
    tx_id as transaction_id,
    customer_id as user_id,
    source_currency,
    destination_currency,
    CAST(source_currency AS FLOAT64) AS source_amount,
    CAST(destination_currency AS FLOAT64) AS destination_currency,
   -- TIMESTAMP(created_at) AS created_at,
    CAST(created_at AS TIMESTAMP) AS created_at,
    UPPER(status) AS status
FROM `workspace`.`bronze`.`raw_transactions`
WHERE tx_id IS NOT NULL
  )

[0m18:44:37.474384 [debug] [Thread-4 (]: Opening a new connection, currently in state init
[0m18:44:37.640950 [debug] [Thread-3 (]: Databricks adapter: Connection(session-id=01f0c31c-4d89-1472-8131-8b1eca82205c) - Created
[0m18:44:37.720069 [debug] [Thread-5 (]: Databricks adapter: Connection(session-id=01f0c31c-4d9b-1599-8c6b-469724977707) - Created
[0m18:44:37.726864 [debug] [Thread-4 (]: Databricks adapter: Connection(session-id=01f0c31c-4d9c-1dc5-bcb7-d2e153fa5f6e) - Created
[0m18:44:37.775341 [debug] [Thread-3 (]: Databricks adapter: Exception while trying to execute query
/* {"app": "dbt", "dbt_version": "1.10.15", "dbt_databricks_version": "1.11.0", "databricks_sql_connector_version": "4.1.3", "profile_name": "databricks_dwh", "target_name": "dev", "node_id": "model.databricks_warehouse.stg_rates"} */

  
  
  create or replace view workspace.bronze_bronze.stg_rates
  
  as (
    SELECT
    symbol,
    CAST(open_time AS TIMESTAMP) AS open_time,
    CAST(close_time AS TIMESTAMP) AS close_time,
    CAST(open AS FLOAT64) AS open_price,
    CAST(close AS FLOAT64) AS close_price,
    CAST(volume AS FLOAT64) AS volume,
    CAST(quote_asset_volume AS FLOAT64) AS quote_volume, 
    CAST(num_trades AS FLOAT64) AS num_trades,
    CAST(taker_buy_base AS FLOAT64) AS taker_buy_base,
    CAST(taker_buy_quote AS FLOAT64) AS taker_buy_quote    
FROM `workspace`.`bronze`.`raw_rates`
WHERE symbol IS NOT NULL 
AND close_price IS NOT NULL
  )

: 
[UNSUPPORTED_DATATYPE] Unsupported data type "FLOAT64". SQLSTATE: 0A000
== SQL (line 12, position 18) ==
    CAST(open AS FLOAT64) AS open_price,
                 ^^^^^^^

Error properties: diagnostic-info=org.apache.hive.service.cli.HiveSQLException: Error running query: [UNSUPPORTED_DATATYPE] org.apache.spark.sql.catalyst.parser.ParseException: 
[UNSUPPORTED_DATATYPE] Unsupported data type "FLOAT64". SQLSTATE: 0A000
== SQL (line 12, position 18) ==
    CAST(open AS FLOAT64) AS open_price,
                 ^^^^^^^

	at org.apache.spark.sql.hive.thriftserver.HiveThriftServerErrors$.runningQueryError(HiveThriftServerErrors.scala:49)
	at org.apache.spark.sql.hive.thriftserver.SparkExecuteStatementOperation.$anonfun$execute$1(SparkExecuteStatementOperation.scala:1040)
	at scala.runtime.java8.JFunction0$mcV$sp.apply(JFunction0$mcV$sp.scala:18)
	at com.databricks.unity.UCSEphemeralState$Handle.runWith(UCSEphemeralState.scala:51)
	at com.databricks.unity.HandleImpl.runWith(UCSHandle.scala:104)
	at org.apache.spark.sql.hive.thriftserver.SparkExecuteStatementOperation.org$apache$spark$sql$hive$thriftserver$SparkExecuteStatementOperation$$execute(SparkExecuteStatementOperation.scala:778)
	at org.apache.spark.sql.hive.thriftserver.SparkExecuteStatementOperation$$anon$2$$anon$3.$anonfun$run$5(SparkExecuteStatementOperation.scala:569)
	at scala.runtime.java8.JFunction0$mcV$sp.apply(JFunction0$mcV$sp.scala:18)
	at org.apache.spark.sql.execution.SQLExecution$.withRootExecution(SQLExecution.scala:853)
	at org.apache.spark.sql.hive.thriftserver.SparkExecuteStatementOperation$$anon$2$$anon$3.$anonfun$run$2(SparkExecuteStatementOperation.scala:569)
	at scala.runtime.java8.JFunction0$mcV$sp.apply(JFunction0$mcV$sp.scala:18)
	at com.databricks.logging.AttributionContextTracing.$anonfun$withAttributionContext$1(AttributionContextTracing.scala:49)
	at com.databricks.logging.AttributionContext$.$anonfun$withValue$1(AttributionContext.scala:328)
	at scala.util.DynamicVariable.withValue(DynamicVariable.scala:59)
	at com.databricks.logging.AttributionContext$.withValue(AttributionContext.scala:324)
	at com.databricks.logging.AttributionContextTracing.withAttributionContext(AttributionContextTracing.scala:47)
	at com.databricks.logging.AttributionContextTracing.withAttributionContext$(AttributionContextTracing.scala:44)
	at com.databricks.spark.util.DatabricksTracingHelper.withAttributionContext(DatabricksSparkTracingHelper.scala:65)
	at com.databricks.spark.util.DatabricksTracingHelper.withSpanFromRequest(DatabricksSparkTracingHelper.scala:92)
	at com.databricks.spark.util.DBRTracing$.withSpanFromRequest(DBRTracing.scala:43)
	at org.apache.spark.sql.hive.thriftserver.ThriftLocalProperties.$anonfun$withLocalProperties$15(ThriftLocalProperties.scala:238)
	at com.databricks.logging.AttributionContextTracing.$anonfun$withAttributionContext$1(AttributionContextTracing.scala:49)
	at com.databricks.logging.AttributionContext$.$anonfun$withValue$1(AttributionContext.scala:328)
	at scala.util.DynamicVariable.withValue(DynamicVariable.scala:59)
	at com.databricks.logging.AttributionContext$.withValue(AttributionContext.scala:324)
	at com.databricks.logging.AttributionContextTracing.withAttributionContext(AttributionContextTracing.scala:47)
	at com.databricks.logging.AttributionContextTracing.withAttributionContext$(AttributionContextTracing.scala:44)
	at com.databricks.spark.util.PublicDBLogging.withAttributionContext(DatabricksSparkUsageLogger.scala:30)
	at com.databricks.logging.AttributionContextTracing.withAttributionTags(AttributionContextTracing.scala:96)
	at com.databricks.logging.AttributionContextTracing.withAttributionTags$(AttributionContextTracing.scala:77)
	at com.databricks.spark.util.PublicDBLogging.withAttributionTags(DatabricksSparkUsageLogger.scala:30)
	at com.databricks.spark.util.PublicDBLogging.withAttributionTags0(DatabricksSparkUsageLogger.scala:124)
	at com.databricks.spark.util.DatabricksSparkUsageLogger.withAttributionTags(DatabricksSparkUsageLogger.scala:232)
	at com.databricks.spark.util.UsageLogging.$anonfun$withAttributionTags$1(UsageLogger.scala:668)
	at com.databricks.spark.util.UsageLogging$.withAttributionTags(UsageLogger.scala:780)
	at com.databricks.spark.util.UsageLogging$.withAttributionTags(UsageLogger.scala:789)
	at com.databricks.spark.util.UsageLogging.withAttributionTags(UsageLogger.scala:668)
	at com.databricks.spark.util.UsageLogging.withAttributionTags$(UsageLogger.scala:666)
	at org.apache.spark.sql.hive.thriftserver.SparkExecuteStatementOperation.withAttributionTags(SparkExecuteStatementOperation.scala:76)
	at org.apache.spark.sql.hive.thriftserver.ThriftLocalProperties.$anonfun$withLocalProperties$12(ThriftLocalProperties.scala:233)
	at com.databricks.spark.util.IdentityClaim$.withClaim(IdentityClaim.scala:48)
	at org.apache.spark.sql.hive.thriftserver.ThriftLocalProperties.withLocalProperties(ThriftLocalProperties.scala:229)
	at org.apache.spark.sql.hive.thriftserver.ThriftLocalProperties.withLocalProperties$(ThriftLocalProperties.scala:89)
	at org.apache.spark.sql.hive.thriftserver.SparkExecuteStatementOperation.withLocalProperties(SparkExecuteStatementOperation.scala:76)
	at org.apache.spark.sql.hive.thriftserver.SparkExecuteStatementOperation$$anon$2$$anon$3.run(SparkExecuteStatementOperation.scala:546)
	at org.apache.spark.sql.hive.thriftserver.SparkExecuteStatementOperation$$anon$2$$anon$3.run(SparkExecuteStatementOperation.scala:532)
	at java.base/java.security.AccessController.doPrivileged(AccessController.java:712)
	at java.base/javax.security.auth.Subject.doAs(Subject.java:439)
	at org.apache.hadoop.security.UserGroupInformation.doAs(UserGroupInformation.java:1953)
	at org.apache.spark.sql.hive.thriftserver.SparkExecuteStatementOperation$$anon$2.run(SparkExecuteStatementOperation.scala:582)
	at java.base/java.util.concurrent.Executors$RunnableAdapter.call(Executors.java:539)
	at java.base/java.util.concurrent.FutureTask.run(FutureTask.java:264)
	at java.base/java.util.concurrent.ThreadPoolExecutor.runWorker(ThreadPoolExecutor.java:1136)
	at java.base/java.util.concurrent.ThreadPoolExecutor$Worker.run(ThreadPoolExecutor.java:635)
	at java.base/java.lang.Thread.run(Thread.java:840)
Caused by: org.apache.spark.sql.catalyst.parser.ParseException: 
[UNSUPPORTED_DATATYPE] Unsupported data type "FLOAT64". SQLSTATE: 0A000
== SQL (line 12, position 18) ==
    CAST(open AS FLOAT64) AS open_price,
                 ^^^^^^^

	at org.apache.spark.sql.errors.QueryParsingErrors$.dataTypeUnsupportedError(QueryParsingErrors.scala:353)
	at org.apache.spark.sql.catalyst.parser.DataTypeAstBuilder.$anonfun$visitPrimitiveDataType$1(DataTypeAstBuilder.scala:407)
	at org.apache.spark.sql.catalyst.util.SparkParserUtils.withOrigin(SparkParserUtils.scala:198)
	at org.apache.spark.sql.catalyst.util.SparkParserUtils.withOrigin$(SparkParserUtils.scala:183)
	at org.apache.spark.sql.catalyst.util.SparkParserUtils$.withOrigin(SparkParserUtils.scala:229)
	at org.apache.spark.sql.catalyst.parser.DataTypeAstBuilder.visitPrimitiveDataType(DataTypeAstBuilder.scala:281)
	at org.apache.spark.sql.catalyst.parser.DataTypeAstBuilder.visitPrimitiveDataType(DataTypeAstBuilder.scala:38)
	at org.apache.spark.sql.catalyst.parser.SqlBaseParser$PrimitiveDataTypeContext.accept(SqlBaseParser.java:49973)
	at org.apache.spark.sql.catalyst.parser.DataTypeAstBuilder.typedVisit(DataTypeAstBuilder.scala:40)
	at org.apache.spark.sql.catalyst.parser.AstBuilder.$anonfun$visitCast$1(AstBuilder.scala:3938)
	at org.apache.spark.sql.catalyst.util.SparkParserUtils.withOrigin(SparkParserUtils.scala:198)
	at org.apache.spark.sql.catalyst.util.SparkParserUtils.withOrigin$(SparkParserUtils.scala:183)
	at org.apache.spark.sql.catalyst.parser.ParserUtils$.withOrigin(ParserUtils.scala:41)
	at org.apache.spark.sql.catalyst.parser.AstBuilder.visitCast(AstBuilder.scala:3937)
	at org.apache.spark.sql.catalyst.parser.AstBuilder.visitCast(AstBuilder.scala:90)
	at org.apache.spark.sql.catalyst.parser.SqlBaseParser$CastContext.accept(SqlBaseParser.java:45631)
	at org.apache.spark.sql.catalyst.parser.AstBuilder.visitChildren(AstBuilder.scala:169)
	at org.apache.spark.sql.catalyst.parser.SqlBaseParserBaseVisitor.visitValueExpressionDefault(SqlBaseParserBaseVisitor.java:4088)
	at org.apache.spark.sql.catalyst.parser.SqlBaseParser$ValueExpressionDefaultContext.accept(SqlBaseParser.java:44893)
	at org.apache.spark.sql.catalyst.parser.DataTypeAstBuilder.typedVisit(DataTypeAstBuilder.scala:40)
	at org.apache.spark.sql.catalyst.parser.AstBuilder.expression(AstBuilder.scala:3470)
	at org.apache.spark.sql.catalyst.parser.AstBuilder.$anonfun$visitPredicated$1(AstBuilder.scala:3663)
	at org.apache.spark.sql.catalyst.util.SparkParserUtils.withOrigin(SparkParserUtils.scala:198)
	at org.apache.spark.sql.catalyst.util.SparkParserUtils.withOrigin$(SparkParserUtils.scala:183)
	at org.apache.spark.sql.catalyst.parser.ParserUtils$.withOrigin(ParserUtils.scala:41)
	at org.apache.spark.sql.catalyst.parser.AstBuilder.visitPredicated(AstBuilder.scala:3662)
	at org.apache.spark.sql.catalyst.parser.AstBuilder.visitPredicated(AstBuilder.scala:90)
	at org.apache.spark.sql.catalyst.parser.SqlBaseParser$PredicatedContext.accept(SqlBaseParser.java:44242)
	at org.apache.spark.sql.catalyst.parser.AstBuilder.visitChildren(AstBuilder.scala:169)
	at org.apache.spark.sql.catalyst.parser.SqlBaseParserBaseVisitor.visitExpression(SqlBaseParserBaseVisitor.java:4018)
	at org.apache.spark.sql.catalyst.parser.SqlBaseParser$ExpressionContext.accept(SqlBaseParser.java:43978)
	at org.apache.spark.sql.catalyst.parser.DataTypeAstBuilder.typedVisit(DataTypeAstBuilder.scala:40)
	at org.apache.spark.sql.catalyst.parser.AstBuilder.expression(AstBuilder.scala:3470)
	at org.apache.spark.sql.catalyst.parser.AstBuilder.$anonfun$visitNamedExpression$1(AstBuilder.scala:3549)
	at org.apache.spark.sql.catalyst.util.SparkParserUtils.withOrigin(SparkParserUtils.scala:198)
	at org.apache.spark.sql.catalyst.util.SparkParserUtils.withOrigin$(SparkParserUtils.scala:183)
	at org.apache.spark.sql.catalyst.parser.ParserUtils$.withOrigin(ParserUtils.scala:41)
	at org.apache.spark.sql.catalyst.parser.AstBuilder.visitNamedExpression(AstBuilder.scala:3548)
	at org.apache.spark.sql.catalyst.parser.AstBuilder.visitNamedExpression(AstBuilder.scala:90)
	at org.apache.spark.sql.catalyst.parser.SqlBaseParser$NamedExpressionContext.accept(SqlBaseParser.java:43470)
	at org.apache.spark.sql.catalyst.parser.DataTypeAstBuilder.typedVisit(DataTypeAstBuilder.scala:40)
	at org.apache.spark.sql.catalyst.parser.AstBuilder.$anonfun$visitNamedExpressionSeq$2(AstBuilder.scala:2086)
	at scala.collection.immutable.List.map(List.scala:251)
	at scala.collection.immutable.List.map(List.scala:79)
	at org.apache.spark.sql.catalyst.parser.AstBuilder.visitNamedExpressionSeq(AstBuilder.scala:2086)
	at org.apache.spark.sql.catalyst.parser.AstBuilder.$anonfun$withSelectQuerySpecification$1(AstBuilder.scala:2211)
	at org.apache.spark.sql.catalyst.util.SparkParserUtils.withOrigin(SparkParserUtils.scala:198)
	at org.apache.spark.sql.catalyst.util.SparkParserUtils.withOrigin$(SparkParserUtils.scala:183)
	at org.apache.spark.sql.catalyst.parser.ParserUtils$.withOrigin(ParserUtils.scala:41)
	at org.apache.spark.sql.catalyst.parser.AstBuilder.withSelectQuerySpecification(AstBuilder.scala:2205)
	at org.apache.spark.sql.catalyst.parser.AstBuilder.$anonfun$visitRegularQuerySpecification$1(AstBuilder.scala:2070)
	at org.apache.spark.sql.catalyst.util.SparkParserUtils.withOrigin(SparkParserUtils.scala:198)
	at org.apache.spark.sql.catalyst.util.SparkParserUtils.withOrigin$(SparkParserUtils.scala:183)
	at org.apache.spark.sql.catalyst.parser.ParserUtils$.withOrigin(ParserUtils.scala:41)
	at org.apache.spark.sql.catalyst.parser.AstBuilder.visitRegularQuerySpecification(AstBuilder.scala:2056)
	at org.apache.spark.sql.catalyst.parser.AstBuilder.visitRegularQuerySpecification(AstBuilder.scala:90)
	at org.apache.spark.sql.catalyst.parser.SqlBaseParser$RegularQuerySpecificationContext.accept(SqlBaseParser.java:36697)
	at org.apache.spark.sql.catalyst.parser.AstBuilder.visitChildren(AstBuilder.scala:169)
	at org.apache.spark.sql.catalyst.parser.SqlBaseParserBaseVisitor.visitQueryPrimaryDefault(SqlBaseParserBaseVisitor.java:3353)
	at org.apache.spark.sql.catalyst.parser.SqlBaseParser$QueryPrimaryDefaultContext.accept(SqlBaseParser.java:36182)
	at org.apache.spark.sql.catalyst.parser.AstBuilder.visitChildren(AstBuilder.scala:169)
	at org.apache.spark.sql.catalyst.parser.SqlBaseParserBaseVisitor.visitQueryTermDefault(SqlBaseParserBaseVisitor.java:3339)
	at org.apache.spark.sql.catalyst.parser.SqlBaseParser$QueryTermDefaultContext.accept(SqlBaseParser.java:35932)
	at org.apache.spark.sql.catalyst.parser.DataTypeAstBuilder.typedVisit(DataTypeAstBuilder.scala:40)
	at org.apache.spark.sql.catalyst.parser.AstBuilder.plan(AstBuilder.scala:1085)
	at org.apache.spark.sql.catalyst.parser.AstBuilder.$anonfun$visitNoWithQuery$1(AstBuilder.scala:1192)
	at org.apache.spark.sql.catalyst.util.SparkParserUtils.withOrigin(SparkParserUtils.scala:198)
	at org.apache.spark.sql.catalyst.util.SparkParserUtils.withOrigin$(SparkParserUtils.scala:183)
	at org.apache.spark.sql.catalyst.parser.ParserUtils$.withOrigin(ParserUtils.scala:41)
	at org.apache.spark.sql.catalyst.parser.AstBuilder.visitNoWithQuery(AstBuilder.scala:1192)
	at org.apache.spark.sql.catalyst.parser.AstBuilder.visitNoWithQuery(AstBuilder.scala:90)
	at org.apache.spark.sql.catalyst.parser.SqlBaseParser$NoWithQueryContext.accept(SqlBaseParser.java:35294)
	at org.apache.spark.sql.catalyst.parser.DataTypeAstBuilder.typedVisit(DataTypeAstBuilder.scala:40)
	at org.apache.spark.sql.catalyst.parser.AstBuilder.plan(AstBuilder.scala:1085)
	at org.apache.spark.sql.catalyst.parser.AstBuilder.$anonfun$visitQuery$1(AstBuilder.scala:1095)
	at org.apache.spark.sql.catalyst.util.SparkParserUtils.withOrigin(SparkParserUtils.scala:198)
	at org.apache.spark.sql.catalyst.util.SparkParserUtils.withOrigin$(SparkParserUtils.scala:183)
	at org.apache.spark.sql.catalyst.parser.ParserUtils$.withOrigin(ParserUtils.scala:41)
	at org.apache.spark.sql.catalyst.parser.AstBuilder.visitQuery(AstBuilder.scala:1094)
	at org.apache.spark.sql.catalyst.parser.AstBuilder.visitQuery(AstBuilder.scala:90)
	at org.apache.spark.sql.catalyst.parser.SqlBaseParser$QueryContext.accept(SqlBaseParser.java:28032)
	at org.apache.spark.sql.catalyst.parser.DataTypeAstBuilder.typedVisit(DataTypeAstBuilder.scala:40)
	at org.apache.spark.sql.catalyst.parser.AstBuilder.plan(AstBuilder.scala:1085)
	at org.apache.spark.sql.catalyst.parser.AstBuilder.$anonfun$visitSubquery$1(AstBuilder.scala:3043)
	at org.apache.spark.sql.catalyst.util.SparkParserUtils.withOrigin(SparkParserUtils.scala:198)
	at org.apache.spark.sql.catalyst.util.SparkParserUtils.withOrigin$(SparkParserUtils.scala:183)
	at org.apache.spark.sql.catalyst.parser.ParserUtils$.withOrigin(ParserUtils.scala:41)
	at org.apache.spark.sql.catalyst.parser.AstBuilder.visitSubquery(AstBuilder.scala:3043)
	at org.apache.spark.sql.catalyst.parser.AstBuilder.visitSubquery(AstBuilder.scala:90)
	at org.apache.spark.sql.catalyst.parser.SqlBaseParser$SubqueryContext.accept(SqlBaseParser.java:36162)
	at org.apache.spark.sql.catalyst.parser.AstBuilder.visitChildren(AstBuilder.scala:169)
	at org.apache.spark.sql.catalyst.parser.SqlBaseParserBaseVisitor.visitQueryTermDefault(SqlBaseParserBaseVisitor.java:3339)
	at org.apache.spark.sql.catalyst.parser.SqlBaseParser$QueryTermDefaultContext.accept(SqlBaseParser.java:35932)
	at org.apache.spark.sql.catalyst.parser.DataTypeAstBuilder.typedVisit(DataTypeAstBuilder.scala:40)
	at org.apache.spark.sql.catalyst.parser.AstBuilder.plan(AstBuilder.scala:1085)
	at org.apache.spark.sql.catalyst.parser.AstBuilder.$anonfun$visitNoWithQuery$1(AstBuilder.scala:1192)
	at org.apache.spark.sql.catalyst.util.SparkParserUtils.withOrigin(SparkParserUtils.scala:198)
	at org.apache.spark.sql.catalyst.util.SparkParserUtils.withOrigin$(SparkParserUtils.scala:183)
	at org.apache.spark.sql.catalyst.parser.ParserUtils$.withOrigin(ParserUtils.scala:41)
	at org.apache.spark.sql.catalyst.parser.AstBuilder.visitNoWithQuery(AstBuilder.scala:1192)
	at org.apache.spark.sql.catalyst.parser.AstBuilder.visitNoWithQuery(AstBuilder.scala:90)
	at org.apache.spark.sql.catalyst.parser.SqlBaseParser$NoWithQueryContext.accept(SqlBaseParser.java:35294)
	at org.apache.spark.sql.catalyst.parser.DataTypeAstBuilder.typedVisit(DataTypeAstBuilder.scala:40)
	at org.apache.spark.sql.catalyst.parser.AstBuilder.plan(AstBuilder.scala:1085)
	at org.apache.spark.sql.catalyst.parser.AstBuilder.$anonfun$visitQuery$1(AstBuilder.scala:1095)
	at org.apache.spark.sql.catalyst.util.SparkParserUtils.withOrigin(SparkParserUtils.scala:198)
	at org.apache.spark.sql.catalyst.util.SparkParserUtils.withOrigin$(SparkParserUtils.scala:183)
	at org.apache.spark.sql.catalyst.parser.ParserUtils$.withOrigin(ParserUtils.scala:41)
	at org.apache.spark.sql.catalyst.parser.AstBuilder.visitQuery(AstBuilder.scala:1094)
	at org.apache.spark.sql.catalyst.parser.AstBuilder.visitQuery(AstBuilder.scala:90)
	at org.apache.spark.sql.catalyst.parser.SqlBaseParser$QueryContext.accept(SqlBaseParser.java:28032)
	at org.apache.spark.sql.catalyst.parser.DataTypeAstBuilder.typedVisit(DataTypeAstBuilder.scala:40)
	at org.apache.spark.sql.catalyst.parser.AstBuilder.plan(AstBuilder.scala:1085)
	at org.apache.spark.sql.execution.SparkSqlAstBuilder.$anonfun$visitCreateView$1(SparkSqlParser.scala:1870)
	at org.apache.spark.sql.catalyst.util.SparkParserUtils.withOrigin(SparkParserUtils.scala:198)
	at org.apache.spark.sql.catalyst.util.SparkParserUtils.withOrigin$(SparkParserUtils.scala:183)
	at org.apache.spark.sql.catalyst.parser.ParserUtils$.withOrigin(ParserUtils.scala:41)
	at org.apache.spark.sql.execution.SparkSqlAstBuilder.visitCreateView(SparkSqlParser.scala:1833)
	at org.apache.spark.sql.execution.SparkSqlAstBuilder.visitCreateView(SparkSqlParser.scala:184)
	at org.apache.spark.sql.catalyst.parser.SqlBaseParser$CreateViewContext.accept(SqlBaseParser.java:10187)
	at org.antlr.v4.runtime.tree.AbstractParseTreeVisitor.visit(AbstractParseTreeVisitor.java:18)
	at org.apache.spark.sql.catalyst.parser.AstBuilder.$anonfun$visitSingleStatement$3(AstBuilder.scala:1059)
	at scala.Option.map(Option.scala:242)
	at org.apache.spark.sql.catalyst.parser.AstBuilder.$anonfun$visitSingleStatement$1(AstBuilder.scala:1059)
	at org.apache.spark.sql.catalyst.util.SparkParserUtils.withOrigin(SparkParserUtils.scala:198)
	at org.apache.spark.sql.catalyst.util.SparkParserUtils.withOrigin$(SparkParserUtils.scala:183)
	at org.apache.spark.sql.catalyst.parser.ParserUtils$.withOrigin(ParserUtils.scala:41)
	at org.apache.spark.sql.catalyst.parser.AstBuilder.visitSingleStatement(AstBuilder.scala:1060)
	at org.apache.spark.sql.catalyst.parser.AstBuilder.$anonfun$visitCompoundOrSingleStatement$3(AstBuilder.scala:183)
	at scala.Option.getOrElse(Option.scala:201)
	at org.apache.spark.sql.catalyst.parser.AstBuilder.$anonfun$visitCompoundOrSingleStatement$1(AstBuilder.scala:183)
	at org.apache.spark.sql.catalyst.util.SparkParserUtils.withOrigin(SparkParserUtils.scala:198)
	at org.apache.spark.sql.catalyst.util.SparkParserUtils.withOrigin$(SparkParserUtils.scala:183)
	at org.apache.spark.sql.catalyst.parser.ParserUtils$.withOrigin(ParserUtils.scala:41)
	at org.apache.spark.sql.catalyst.parser.AstBuilder.visitCompoundOrSingleStatement(AstBuilder.scala:182)
	at org.apache.spark.sql.catalyst.parser.AbstractSqlParser.$anonfun$parsePlan$2(AbstractSqlParser.scala:121)
	at org.apache.spark.sql.catalyst.parser.AbstractSqlParser.$anonfun$withErrorHandling$1(AbstractSqlParser.scala:164)
	at org.apache.spark.sql.catalyst.util.SparkParserUtils.withOrigin(SparkParserUtils.scala:198)
	at org.apache.spark.sql.catalyst.util.SparkParserUtils.withOrigin$(SparkParserUtils.scala:183)
	at org.apache.spark.sql.catalyst.parser.ParserUtils$.withOrigin(ParserUtils.scala:41)
	at org.apache.spark.sql.catalyst.parser.AbstractSqlParser.withErrorHandling(AbstractSqlParser.scala:163)
	at org.apache.spark.sql.catalyst.parser.AbstractSqlParser.$anonfun$parsePlan$1(AbstractSqlParser.scala:121)
	at org.apache.spark.sql.catalyst.parser.AbstractParser.parse(parsers.scala:103)
	at org.apache.spark.sql.execution.SparkSqlParser.parse(SparkSqlParser.scala:163)
	at org.apache.spark.sql.catalyst.parser.AbstractSqlParser.parsePlan(AbstractSqlParser.scala:118)
	at com.databricks.sql.QueryRuntimePredictionUtils$.$anonfun$getParsedPlanWithTracking$4(QueryRuntimePrediction.scala:446)
	at com.databricks.spark.util.FrameProfiler$.$anonfun$record$1(FrameProfiler.scala:114)
	at com.databricks.spark.util.FrameProfilerExporter$.maybeExportFrameProfiler(FrameProfilerExporter.scala:200)
	at com.databricks.spark.util.FrameProfiler$.record(FrameProfiler.scala:105)
	at org.apache.spark.sql.catalyst.QueryPlanningTracker.measurePhase(QueryPlanningTracker.scala:697)
	at com.databricks.sql.QueryRuntimePredictionUtils$.$anonfun$getParsedPlanWithTracking$3(QueryRuntimePrediction.scala:445)
	at org.apache.spark.sql.catalyst.QueryPlanningTracker$.withTracker(QueryPlanningTracker.scala:267)
	at com.databricks.sql.QueryRuntimePredictionUtils$.$anonfun$getParsedPlanWithTracking$2(QueryRuntimePrediction.scala:445)
	at org.apache.spark.sql.execution.SQLExecution$.$anonfun$withExecutionPhase$1(SQLExecution.scala:158)
	at com.databricks.logging.AttributionContext$.$anonfun$withValue$1(AttributionContext.scala:328)
	at scala.util.DynamicVariable.withValue(DynamicVariable.scala:59)
	at com.databricks.logging.AttributionContext$.withValue(AttributionContext.scala:324)
	at com.databricks.util.TracingSpanUtils$.$anonfun$withTracing$4(TracingSpanUtils.scala:235)
	at com.databricks.util.TracingSpanUtils$.withTracing(TracingSpanUtils.scala:129)
	at com.databricks.util.TracingSpanUtils$.withTracing(TracingSpanUtils.scala:233)
	at com.databricks.tracing.TracingUtils$.withTracing(TracingUtils.scala:296)
	at com.databricks.spark.util.DatabricksTracingHelper.withSpan(DatabricksSparkTracingHelper.scala:115)
	at com.databricks.spark.util.DBRTracing$.withSpan(DBRTracing.scala:47)
	at org.apache.spark.sql.execution.SQLExecution$.withExecutionPhase(SQLExecution.scala:139)
	at com.databricks.sql.QueryRuntimePredictionUtils$.$anonfun$getParsedPlanWithTracking$1(QueryRuntimePrediction.scala:444)
	at com.databricks.sql.util.MemoryTrackerHelper.withMemoryTracking(MemoryTrackerHelper.scala:111)
	at com.databricks.sql.QueryRuntimePredictionUtils$.getParsedPlanWithTracking(QueryRuntimePrediction.scala:440)
	at com.databricks.sql.QueryRuntimePrediction.$anonfun$getQueryExecutionWithParsedPlan$1(QueryRuntimePrediction.scala:790)
	at org.apache.spark.sql.SparkSession.withActive(SparkSession.scala:860)
	at com.databricks.sql.QueryRuntimePrediction.getQueryExecutionWithParsedPlan(QueryRuntimePrediction.scala:781)
	at com.databricks.sql.QueryRuntimePrediction.getRuntimeCategory(QueryRuntimePrediction.scala:569)
	at com.databricks.sql.ClusterLoadMonitor.$anonfun$getRuntimeCategory$3(ClusterLoadMonitor.scala:886)
	at com.databricks.unity.UCSEphemeralState$Handle.runWith(UCSEphemeralState.scala:51)
	at com.databricks.unity.HandleImpl.runWith(UCSHandle.scala:104)
	at com.databricks.unity.HandleImpl.$anonfun$runWithAndClose$1(UCSHandle.scala:109)
	at scala.util.Using$.resource(Using.scala:296)
	at com.databricks.unity.HandleImpl.runWithAndClose(UCSHandle.scala:108)
	at com.databricks.sql.ClusterLoadMonitor.$anonfun$getRuntimeCategory$2(ClusterLoadMonitor.scala:881)
	at java.base/java.util.concurrent.CompletableFuture$AsyncSupply.run(CompletableFuture.java:1768)
	at org.apache.spark.util.threads.SparkThreadLocalCapturingRunnable.$anonfun$run$1(SparkThreadLocalForwardingThreadPoolExecutor.scala:165)
	at scala.runtime.java8.JFunction0$mcV$sp.apply(JFunction0$mcV$sp.scala:18)
	at com.databricks.util.LexicalThreadLocal$Handle.runWith(LexicalThreadLocal.scala:63)
	at org.apache.spark.util.threads.SparkThreadLocalCapturingHelper.$anonfun$runWithCaptured$6(SparkThreadLocalForwardingThreadPoolExecutor.scala:119)
	at com.databricks.sql.transaction.tahoe.mst.MSTThreadHelper$.runWithMstTxnId(MSTThreadHelper.scala:57)
	at org.apache.spark.util.threads.SparkThreadLocalCapturingHelper.$anonfun$runWithCaptured$5(SparkThreadLocalForwardingThreadPoolExecutor.scala:118)
	at com.databricks.spark.util.IdentityClaim$.withClaim(IdentityClaim.scala:48)
	at org.apache.spark.util.threads.SparkThreadLocalCapturingHelper.$anonfun$runWithCaptured$4(SparkThreadLocalForwardingThreadPoolExecutor.scala:117)
	at com.databricks.unity.UCSEphemeralState$Handle.runWith(UCSEphemeralState.scala:51)
	at org.apache.spark.util.threads.SparkThreadLocalCapturingHelper.runWithCaptured(SparkThreadLocalForwardingThreadPoolExecutor.scala:116)
	at org.apache.spark.util.threads.SparkThreadLocalCapturingHelper.runWithCaptured$(SparkThreadLocalForwardingThreadPoolExecutor.scala:93)
	at org.apache.spark.util.threads.SparkThreadLocalCapturingRunnable.runWithCaptured(SparkThreadLocalForwardingThreadPoolExecutor.scala:162)
	at org.apache.spark.util.threads.SparkThreadLocalCapturingRunnable.run(SparkThreadLocalForwardingThreadPoolExecutor.scala:165)
	... 3 more
, operation-id=01f0c31c-4d94-1477-a2f7-15c620460b68
[0m18:44:37.777644 [debug] [Thread-3 (]: On model.databricks_warehouse.stg_rates: Close
[0m18:44:37.778587 [debug] [Thread-3 (]: Databricks adapter: Connection(session-id=01f0c31c-4d89-1472-8131-8b1eca82205c) - Closing
[0m18:44:37.836156 [debug] [Thread-3 (]: Database Error in model stg_rates (models/staging/stg_rates.sql)
  
  [UNSUPPORTED_DATATYPE] Unsupported data type "FLOAT64". SQLSTATE: 0A000
  == SQL (line 12, position 18) ==
      CAST(open AS FLOAT64) AS open_price,
                   ^^^^^^^
  
  compiled code at target/run/databricks_warehouse/models/staging/stg_rates.sql
[0m18:44:37.838749 [debug] [Thread-3 (]: Sending event: {'category': 'dbt', 'action': 'run_model', 'label': '989b6b26-7cf3-411d-962f-da54d9583a9c', 'context': [<snowplow_tracker.self_describing_json.SelfDescribingJson object at 0xffb12cc92f30>]}
[0m18:44:37.839997 [error] [Thread-3 (]: 1 of 8 ERROR creating sql view model bronze_bronze.stg_rates ................... [[31mERROR[0m in 0.92s]
[0m18:44:37.841235 [debug] [Thread-3 (]: Finished running node model.databricks_warehouse.stg_rates
[0m18:44:37.842317 [debug] [Thread-9 (]: Marking all children of 'model.databricks_warehouse.stg_rates' to be skipped because of status 'error'.  Reason: Database Error in model stg_rates (models/staging/stg_rates.sql)
  
  [UNSUPPORTED_DATATYPE] Unsupported data type "FLOAT64". SQLSTATE: 0A000
  == SQL (line 12, position 18) ==
      CAST(open AS FLOAT64) AS open_price,
                   ^^^^^^^
  
  compiled code at target/run/databricks_warehouse/models/staging/stg_rates.sql.
[0m18:44:38.065397 [debug] [Thread-4 (]: Databricks adapter: Exception while trying to execute query
/* {"app": "dbt", "dbt_version": "1.10.15", "dbt_databricks_version": "1.11.0", "databricks_sql_connector_version": "4.1.3", "profile_name": "databricks_dwh", "target_name": "dev", "node_id": "model.databricks_warehouse.stg_transactions"} */

  
  
  create or replace view workspace.bronze_bronze.stg_transactions
  
  as (
    SELECT
    tx_id as transaction_id,
    customer_id as user_id,
    source_currency,
    destination_currency,
    CAST(source_currency AS FLOAT64) AS source_amount,
    CAST(destination_currency AS FLOAT64) AS destination_currency,
   -- TIMESTAMP(created_at) AS created_at,
    CAST(created_at AS TIMESTAMP) AS created_at,
    UPPER(status) AS status
FROM `workspace`.`bronze`.`raw_transactions`
WHERE tx_id IS NOT NULL
  )

: 
[UNSUPPORTED_DATATYPE] Unsupported data type "FLOAT64". SQLSTATE: 0A000
== SQL (line 13, position 29) ==
    CAST(source_currency AS FLOAT64) AS source_amount,
                            ^^^^^^^

Error properties: diagnostic-info=org.apache.hive.service.cli.HiveSQLException: Error running query: [UNSUPPORTED_DATATYPE] org.apache.spark.sql.catalyst.parser.ParseException: 
[UNSUPPORTED_DATATYPE] Unsupported data type "FLOAT64". SQLSTATE: 0A000
== SQL (line 13, position 29) ==
    CAST(source_currency AS FLOAT64) AS source_amount,
                            ^^^^^^^

	at org.apache.spark.sql.hive.thriftserver.HiveThriftServerErrors$.runningQueryError(HiveThriftServerErrors.scala:49)
	at org.apache.spark.sql.hive.thriftserver.SparkExecuteStatementOperation.$anonfun$execute$1(SparkExecuteStatementOperation.scala:1040)
	at scala.runtime.java8.JFunction0$mcV$sp.apply(JFunction0$mcV$sp.scala:18)
	at com.databricks.unity.UCSEphemeralState$Handle.runWith(UCSEphemeralState.scala:51)
	at com.databricks.unity.HandleImpl.runWith(UCSHandle.scala:104)
	at org.apache.spark.sql.hive.thriftserver.SparkExecuteStatementOperation.org$apache$spark$sql$hive$thriftserver$SparkExecuteStatementOperation$$execute(SparkExecuteStatementOperation.scala:778)
	at org.apache.spark.sql.hive.thriftserver.SparkExecuteStatementOperation$$anon$2$$anon$3.$anonfun$run$5(SparkExecuteStatementOperation.scala:569)
	at scala.runtime.java8.JFunction0$mcV$sp.apply(JFunction0$mcV$sp.scala:18)
	at org.apache.spark.sql.execution.SQLExecution$.withRootExecution(SQLExecution.scala:853)
	at org.apache.spark.sql.hive.thriftserver.SparkExecuteStatementOperation$$anon$2$$anon$3.$anonfun$run$2(SparkExecuteStatementOperation.scala:569)
	at scala.runtime.java8.JFunction0$mcV$sp.apply(JFunction0$mcV$sp.scala:18)
	at com.databricks.logging.AttributionContextTracing.$anonfun$withAttributionContext$1(AttributionContextTracing.scala:49)
	at com.databricks.logging.AttributionContext$.$anonfun$withValue$1(AttributionContext.scala:328)
	at scala.util.DynamicVariable.withValue(DynamicVariable.scala:59)
	at com.databricks.logging.AttributionContext$.withValue(AttributionContext.scala:324)
	at com.databricks.logging.AttributionContextTracing.withAttributionContext(AttributionContextTracing.scala:47)
	at com.databricks.logging.AttributionContextTracing.withAttributionContext$(AttributionContextTracing.scala:44)
	at com.databricks.spark.util.DatabricksTracingHelper.withAttributionContext(DatabricksSparkTracingHelper.scala:65)
	at com.databricks.spark.util.DatabricksTracingHelper.withSpanFromRequest(DatabricksSparkTracingHelper.scala:92)
	at com.databricks.spark.util.DBRTracing$.withSpanFromRequest(DBRTracing.scala:43)
	at org.apache.spark.sql.hive.thriftserver.ThriftLocalProperties.$anonfun$withLocalProperties$15(ThriftLocalProperties.scala:238)
	at com.databricks.logging.AttributionContextTracing.$anonfun$withAttributionContext$1(AttributionContextTracing.scala:49)
	at com.databricks.logging.AttributionContext$.$anonfun$withValue$1(AttributionContext.scala:328)
	at scala.util.DynamicVariable.withValue(DynamicVariable.scala:59)
	at com.databricks.logging.AttributionContext$.withValue(AttributionContext.scala:324)
	at com.databricks.logging.AttributionContextTracing.withAttributionContext(AttributionContextTracing.scala:47)
	at com.databricks.logging.AttributionContextTracing.withAttributionContext$(AttributionContextTracing.scala:44)
	at com.databricks.spark.util.PublicDBLogging.withAttributionContext(DatabricksSparkUsageLogger.scala:30)
	at com.databricks.logging.AttributionContextTracing.withAttributionTags(AttributionContextTracing.scala:96)
	at com.databricks.logging.AttributionContextTracing.withAttributionTags$(AttributionContextTracing.scala:77)
	at com.databricks.spark.util.PublicDBLogging.withAttributionTags(DatabricksSparkUsageLogger.scala:30)
	at com.databricks.spark.util.PublicDBLogging.withAttributionTags0(DatabricksSparkUsageLogger.scala:124)
	at com.databricks.spark.util.DatabricksSparkUsageLogger.withAttributionTags(DatabricksSparkUsageLogger.scala:232)
	at com.databricks.spark.util.UsageLogging.$anonfun$withAttributionTags$1(UsageLogger.scala:668)
	at com.databricks.spark.util.UsageLogging$.withAttributionTags(UsageLogger.scala:780)
	at com.databricks.spark.util.UsageLogging$.withAttributionTags(UsageLogger.scala:789)
	at com.databricks.spark.util.UsageLogging.withAttributionTags(UsageLogger.scala:668)
	at com.databricks.spark.util.UsageLogging.withAttributionTags$(UsageLogger.scala:666)
	at org.apache.spark.sql.hive.thriftserver.SparkExecuteStatementOperation.withAttributionTags(SparkExecuteStatementOperation.scala:76)
	at org.apache.spark.sql.hive.thriftserver.ThriftLocalProperties.$anonfun$withLocalProperties$12(ThriftLocalProperties.scala:233)
	at com.databricks.spark.util.IdentityClaim$.withClaim(IdentityClaim.scala:48)
	at org.apache.spark.sql.hive.thriftserver.ThriftLocalProperties.withLocalProperties(ThriftLocalProperties.scala:229)
	at org.apache.spark.sql.hive.thriftserver.ThriftLocalProperties.withLocalProperties$(ThriftLocalProperties.scala:89)
	at org.apache.spark.sql.hive.thriftserver.SparkExecuteStatementOperation.withLocalProperties(SparkExecuteStatementOperation.scala:76)
	at org.apache.spark.sql.hive.thriftserver.SparkExecuteStatementOperation$$anon$2$$anon$3.run(SparkExecuteStatementOperation.scala:546)
	at org.apache.spark.sql.hive.thriftserver.SparkExecuteStatementOperation$$anon$2$$anon$3.run(SparkExecuteStatementOperation.scala:532)
	at java.base/java.security.AccessController.doPrivileged(AccessController.java:712)
	at java.base/javax.security.auth.Subject.doAs(Subject.java:439)
	at org.apache.hadoop.security.UserGroupInformation.doAs(UserGroupInformation.java:1953)
	at org.apache.spark.sql.hive.thriftserver.SparkExecuteStatementOperation$$anon$2.run(SparkExecuteStatementOperation.scala:582)
	at java.base/java.util.concurrent.Executors$RunnableAdapter.call(Executors.java:539)
	at java.base/java.util.concurrent.FutureTask.run(FutureTask.java:264)
	at java.base/java.util.concurrent.ThreadPoolExecutor.runWorker(ThreadPoolExecutor.java:1136)
	at java.base/java.util.concurrent.ThreadPoolExecutor$Worker.run(ThreadPoolExecutor.java:635)
	at java.base/java.lang.Thread.run(Thread.java:840)
Caused by: org.apache.spark.sql.catalyst.parser.ParseException: 
[UNSUPPORTED_DATATYPE] Unsupported data type "FLOAT64". SQLSTATE: 0A000
== SQL (line 13, position 29) ==
    CAST(source_currency AS FLOAT64) AS source_amount,
                            ^^^^^^^

	at org.apache.spark.sql.errors.QueryParsingErrors$.dataTypeUnsupportedError(QueryParsingErrors.scala:353)
	at org.apache.spark.sql.catalyst.parser.DataTypeAstBuilder.$anonfun$visitPrimitiveDataType$1(DataTypeAstBuilder.scala:407)
	at org.apache.spark.sql.catalyst.util.SparkParserUtils.withOrigin(SparkParserUtils.scala:198)
	at org.apache.spark.sql.catalyst.util.SparkParserUtils.withOrigin$(SparkParserUtils.scala:183)
	at org.apache.spark.sql.catalyst.util.SparkParserUtils$.withOrigin(SparkParserUtils.scala:229)
	at org.apache.spark.sql.catalyst.parser.DataTypeAstBuilder.visitPrimitiveDataType(DataTypeAstBuilder.scala:281)
	at org.apache.spark.sql.catalyst.parser.DataTypeAstBuilder.visitPrimitiveDataType(DataTypeAstBuilder.scala:38)
	at org.apache.spark.sql.catalyst.parser.SqlBaseParser$PrimitiveDataTypeContext.accept(SqlBaseParser.java:49973)
	at org.apache.spark.sql.catalyst.parser.DataTypeAstBuilder.typedVisit(DataTypeAstBuilder.scala:40)
	at org.apache.spark.sql.catalyst.parser.AstBuilder.$anonfun$visitCast$1(AstBuilder.scala:3938)
	at org.apache.spark.sql.catalyst.util.SparkParserUtils.withOrigin(SparkParserUtils.scala:198)
	at org.apache.spark.sql.catalyst.util.SparkParserUtils.withOrigin$(SparkParserUtils.scala:183)
	at org.apache.spark.sql.catalyst.parser.ParserUtils$.withOrigin(ParserUtils.scala:41)
	at org.apache.spark.sql.catalyst.parser.AstBuilder.visitCast(AstBuilder.scala:3937)
	at org.apache.spark.sql.catalyst.parser.AstBuilder.visitCast(AstBuilder.scala:90)
	at org.apache.spark.sql.catalyst.parser.SqlBaseParser$CastContext.accept(SqlBaseParser.java:45631)
	at org.apache.spark.sql.catalyst.parser.AstBuilder.visitChildren(AstBuilder.scala:169)
	at org.apache.spark.sql.catalyst.parser.SqlBaseParserBaseVisitor.visitValueExpressionDefault(SqlBaseParserBaseVisitor.java:4088)
	at org.apache.spark.sql.catalyst.parser.SqlBaseParser$ValueExpressionDefaultContext.accept(SqlBaseParser.java:44893)
	at org.apache.spark.sql.catalyst.parser.DataTypeAstBuilder.typedVisit(DataTypeAstBuilder.scala:40)
	at org.apache.spark.sql.catalyst.parser.AstBuilder.expression(AstBuilder.scala:3470)
	at org.apache.spark.sql.catalyst.parser.AstBuilder.$anonfun$visitPredicated$1(AstBuilder.scala:3663)
	at org.apache.spark.sql.catalyst.util.SparkParserUtils.withOrigin(SparkParserUtils.scala:198)
	at org.apache.spark.sql.catalyst.util.SparkParserUtils.withOrigin$(SparkParserUtils.scala:183)
	at org.apache.spark.sql.catalyst.parser.ParserUtils$.withOrigin(ParserUtils.scala:41)
	at org.apache.spark.sql.catalyst.parser.AstBuilder.visitPredicated(AstBuilder.scala:3662)
	at org.apache.spark.sql.catalyst.parser.AstBuilder.visitPredicated(AstBuilder.scala:90)
	at org.apache.spark.sql.catalyst.parser.SqlBaseParser$PredicatedContext.accept(SqlBaseParser.java:44242)
	at org.apache.spark.sql.catalyst.parser.AstBuilder.visitChildren(AstBuilder.scala:169)
	at org.apache.spark.sql.catalyst.parser.SqlBaseParserBaseVisitor.visitExpression(SqlBaseParserBaseVisitor.java:4018)
	at org.apache.spark.sql.catalyst.parser.SqlBaseParser$ExpressionContext.accept(SqlBaseParser.java:43978)
	at org.apache.spark.sql.catalyst.parser.DataTypeAstBuilder.typedVisit(DataTypeAstBuilder.scala:40)
	at org.apache.spark.sql.catalyst.parser.AstBuilder.expression(AstBuilder.scala:3470)
	at org.apache.spark.sql.catalyst.parser.AstBuilder.$anonfun$visitNamedExpression$1(AstBuilder.scala:3549)
	at org.apache.spark.sql.catalyst.util.SparkParserUtils.withOrigin(SparkParserUtils.scala:198)
	at org.apache.spark.sql.catalyst.util.SparkParserUtils.withOrigin$(SparkParserUtils.scala:183)
	at org.apache.spark.sql.catalyst.parser.ParserUtils$.withOrigin(ParserUtils.scala:41)
	at org.apache.spark.sql.catalyst.parser.AstBuilder.visitNamedExpression(AstBuilder.scala:3548)
	at org.apache.spark.sql.catalyst.parser.AstBuilder.visitNamedExpression(AstBuilder.scala:90)
	at org.apache.spark.sql.catalyst.parser.SqlBaseParser$NamedExpressionContext.accept(SqlBaseParser.java:43470)
	at org.apache.spark.sql.catalyst.parser.DataTypeAstBuilder.typedVisit(DataTypeAstBuilder.scala:40)
	at org.apache.spark.sql.catalyst.parser.AstBuilder.$anonfun$visitNamedExpressionSeq$2(AstBuilder.scala:2086)
	at scala.collection.immutable.List.map(List.scala:251)
	at scala.collection.immutable.List.map(List.scala:79)
	at org.apache.spark.sql.catalyst.parser.AstBuilder.visitNamedExpressionSeq(AstBuilder.scala:2086)
	at org.apache.spark.sql.catalyst.parser.AstBuilder.$anonfun$withSelectQuerySpecification$1(AstBuilder.scala:2211)
	at org.apache.spark.sql.catalyst.util.SparkParserUtils.withOrigin(SparkParserUtils.scala:198)
	at org.apache.spark.sql.catalyst.util.SparkParserUtils.withOrigin$(SparkParserUtils.scala:183)
	at org.apache.spark.sql.catalyst.parser.ParserUtils$.withOrigin(ParserUtils.scala:41)
	at org.apache.spark.sql.catalyst.parser.AstBuilder.withSelectQuerySpecification(AstBuilder.scala:2205)
	at org.apache.spark.sql.catalyst.parser.AstBuilder.$anonfun$visitRegularQuerySpecification$1(AstBuilder.scala:2070)
	at org.apache.spark.sql.catalyst.util.SparkParserUtils.withOrigin(SparkParserUtils.scala:198)
	at org.apache.spark.sql.catalyst.util.SparkParserUtils.withOrigin$(SparkParserUtils.scala:183)
	at org.apache.spark.sql.catalyst.parser.ParserUtils$.withOrigin(ParserUtils.scala:41)
	at org.apache.spark.sql.catalyst.parser.AstBuilder.visitRegularQuerySpecification(AstBuilder.scala:2056)
	at org.apache.spark.sql.catalyst.parser.AstBuilder.visitRegularQuerySpecification(AstBuilder.scala:90)
	at org.apache.spark.sql.catalyst.parser.SqlBaseParser$RegularQuerySpecificationContext.accept(SqlBaseParser.java:36697)
	at org.apache.spark.sql.catalyst.parser.AstBuilder.visitChildren(AstBuilder.scala:169)
	at org.apache.spark.sql.catalyst.parser.SqlBaseParserBaseVisitor.visitQueryPrimaryDefault(SqlBaseParserBaseVisitor.java:3353)
	at org.apache.spark.sql.catalyst.parser.SqlBaseParser$QueryPrimaryDefaultContext.accept(SqlBaseParser.java:36182)
	at org.apache.spark.sql.catalyst.parser.AstBuilder.visitChildren(AstBuilder.scala:169)
	at org.apache.spark.sql.catalyst.parser.SqlBaseParserBaseVisitor.visitQueryTermDefault(SqlBaseParserBaseVisitor.java:3339)
	at org.apache.spark.sql.catalyst.parser.SqlBaseParser$QueryTermDefaultContext.accept(SqlBaseParser.java:35932)
	at org.apache.spark.sql.catalyst.parser.DataTypeAstBuilder.typedVisit(DataTypeAstBuilder.scala:40)
	at org.apache.spark.sql.catalyst.parser.AstBuilder.plan(AstBuilder.scala:1085)
	at org.apache.spark.sql.catalyst.parser.AstBuilder.$anonfun$visitNoWithQuery$1(AstBuilder.scala:1192)
	at org.apache.spark.sql.catalyst.util.SparkParserUtils.withOrigin(SparkParserUtils.scala:198)
	at org.apache.spark.sql.catalyst.util.SparkParserUtils.withOrigin$(SparkParserUtils.scala:183)
	at org.apache.spark.sql.catalyst.parser.ParserUtils$.withOrigin(ParserUtils.scala:41)
	at org.apache.spark.sql.catalyst.parser.AstBuilder.visitNoWithQuery(AstBuilder.scala:1192)
	at org.apache.spark.sql.catalyst.parser.AstBuilder.visitNoWithQuery(AstBuilder.scala:90)
	at org.apache.spark.sql.catalyst.parser.SqlBaseParser$NoWithQueryContext.accept(SqlBaseParser.java:35294)
	at org.apache.spark.sql.catalyst.parser.DataTypeAstBuilder.typedVisit(DataTypeAstBuilder.scala:40)
	at org.apache.spark.sql.catalyst.parser.AstBuilder.plan(AstBuilder.scala:1085)
	at org.apache.spark.sql.catalyst.parser.AstBuilder.$anonfun$visitQuery$1(AstBuilder.scala:1095)
	at org.apache.spark.sql.catalyst.util.SparkParserUtils.withOrigin(SparkParserUtils.scala:198)
	at org.apache.spark.sql.catalyst.util.SparkParserUtils.withOrigin$(SparkParserUtils.scala:183)
	at org.apache.spark.sql.catalyst.parser.ParserUtils$.withOrigin(ParserUtils.scala:41)
	at org.apache.spark.sql.catalyst.parser.AstBuilder.visitQuery(AstBuilder.scala:1094)
	at org.apache.spark.sql.catalyst.parser.AstBuilder.visitQuery(AstBuilder.scala:90)
	at org.apache.spark.sql.catalyst.parser.SqlBaseParser$QueryContext.accept(SqlBaseParser.java:28032)
	at org.apache.spark.sql.catalyst.parser.DataTypeAstBuilder.typedVisit(DataTypeAstBuilder.scala:40)
	at org.apache.spark.sql.catalyst.parser.AstBuilder.plan(AstBuilder.scala:1085)
	at org.apache.spark.sql.catalyst.parser.AstBuilder.$anonfun$visitSubquery$1(AstBuilder.scala:3043)
	at org.apache.spark.sql.catalyst.util.SparkParserUtils.withOrigin(SparkParserUtils.scala:198)
	at org.apache.spark.sql.catalyst.util.SparkParserUtils.withOrigin$(SparkParserUtils.scala:183)
	at org.apache.spark.sql.catalyst.parser.ParserUtils$.withOrigin(ParserUtils.scala:41)
	at org.apache.spark.sql.catalyst.parser.AstBuilder.visitSubquery(AstBuilder.scala:3043)
	at org.apache.spark.sql.catalyst.parser.AstBuilder.visitSubquery(AstBuilder.scala:90)
	at org.apache.spark.sql.catalyst.parser.SqlBaseParser$SubqueryContext.accept(SqlBaseParser.java:36162)
	at org.apache.spark.sql.catalyst.parser.AstBuilder.visitChildren(AstBuilder.scala:169)
	at org.apache.spark.sql.catalyst.parser.SqlBaseParserBaseVisitor.visitQueryTermDefault(SqlBaseParserBaseVisitor.java:3339)
	at org.apache.spark.sql.catalyst.parser.SqlBaseParser$QueryTermDefaultContext.accept(SqlBaseParser.java:35932)
	at org.apache.spark.sql.catalyst.parser.DataTypeAstBuilder.typedVisit(DataTypeAstBuilder.scala:40)
	at org.apache.spark.sql.catalyst.parser.AstBuilder.plan(AstBuilder.scala:1085)
	at org.apache.spark.sql.catalyst.parser.AstBuilder.$anonfun$visitNoWithQuery$1(AstBuilder.scala:1192)
	at org.apache.spark.sql.catalyst.util.SparkParserUtils.withOrigin(SparkParserUtils.scala:198)
	at org.apache.spark.sql.catalyst.util.SparkParserUtils.withOrigin$(SparkParserUtils.scala:183)
	at org.apache.spark.sql.catalyst.parser.ParserUtils$.withOrigin(ParserUtils.scala:41)
	at org.apache.spark.sql.catalyst.parser.AstBuilder.visitNoWithQuery(AstBuilder.scala:1192)
	at org.apache.spark.sql.catalyst.parser.AstBuilder.visitNoWithQuery(AstBuilder.scala:90)
	at org.apache.spark.sql.catalyst.parser.SqlBaseParser$NoWithQueryContext.accept(SqlBaseParser.java:35294)
	at org.apache.spark.sql.catalyst.parser.DataTypeAstBuilder.typedVisit(DataTypeAstBuilder.scala:40)
	at org.apache.spark.sql.catalyst.parser.AstBuilder.plan(AstBuilder.scala:1085)
	at org.apache.spark.sql.catalyst.parser.AstBuilder.$anonfun$visitQuery$1(AstBuilder.scala:1095)
	at org.apache.spark.sql.catalyst.util.SparkParserUtils.withOrigin(SparkParserUtils.scala:198)
	at org.apache.spark.sql.catalyst.util.SparkParserUtils.withOrigin$(SparkParserUtils.scala:183)
	at org.apache.spark.sql.catalyst.parser.ParserUtils$.withOrigin(ParserUtils.scala:41)
	at org.apache.spark.sql.catalyst.parser.AstBuilder.visitQuery(AstBuilder.scala:1094)
	at org.apache.spark.sql.catalyst.parser.AstBuilder.visitQuery(AstBuilder.scala:90)
	at org.apache.spark.sql.catalyst.parser.SqlBaseParser$QueryContext.accept(SqlBaseParser.java:28032)
	at org.apache.spark.sql.catalyst.parser.DataTypeAstBuilder.typedVisit(DataTypeAstBuilder.scala:40)
	at org.apache.spark.sql.catalyst.parser.AstBuilder.plan(AstBuilder.scala:1085)
	at org.apache.spark.sql.execution.SparkSqlAstBuilder.$anonfun$visitCreateView$1(SparkSqlParser.scala:1870)
	at org.apache.spark.sql.catalyst.util.SparkParserUtils.withOrigin(SparkParserUtils.scala:198)
	at org.apache.spark.sql.catalyst.util.SparkParserUtils.withOrigin$(SparkParserUtils.scala:183)
	at org.apache.spark.sql.catalyst.parser.ParserUtils$.withOrigin(ParserUtils.scala:41)
	at org.apache.spark.sql.execution.SparkSqlAstBuilder.visitCreateView(SparkSqlParser.scala:1833)
	at org.apache.spark.sql.execution.SparkSqlAstBuilder.visitCreateView(SparkSqlParser.scala:184)
	at org.apache.spark.sql.catalyst.parser.SqlBaseParser$CreateViewContext.accept(SqlBaseParser.java:10187)
	at org.antlr.v4.runtime.tree.AbstractParseTreeVisitor.visit(AbstractParseTreeVisitor.java:18)
	at org.apache.spark.sql.catalyst.parser.AstBuilder.$anonfun$visitSingleStatement$3(AstBuilder.scala:1059)
	at scala.Option.map(Option.scala:242)
	at org.apache.spark.sql.catalyst.parser.AstBuilder.$anonfun$visitSingleStatement$1(AstBuilder.scala:1059)
	at org.apache.spark.sql.catalyst.util.SparkParserUtils.withOrigin(SparkParserUtils.scala:198)
	at org.apache.spark.sql.catalyst.util.SparkParserUtils.withOrigin$(SparkParserUtils.scala:183)
	at org.apache.spark.sql.catalyst.parser.ParserUtils$.withOrigin(ParserUtils.scala:41)
	at org.apache.spark.sql.catalyst.parser.AstBuilder.visitSingleStatement(AstBuilder.scala:1060)
	at org.apache.spark.sql.catalyst.parser.AstBuilder.$anonfun$visitCompoundOrSingleStatement$3(AstBuilder.scala:183)
	at scala.Option.getOrElse(Option.scala:201)
	at org.apache.spark.sql.catalyst.parser.AstBuilder.$anonfun$visitCompoundOrSingleStatement$1(AstBuilder.scala:183)
	at org.apache.spark.sql.catalyst.util.SparkParserUtils.withOrigin(SparkParserUtils.scala:198)
	at org.apache.spark.sql.catalyst.util.SparkParserUtils.withOrigin$(SparkParserUtils.scala:183)
	at org.apache.spark.sql.catalyst.parser.ParserUtils$.withOrigin(ParserUtils.scala:41)
	at org.apache.spark.sql.catalyst.parser.AstBuilder.visitCompoundOrSingleStatement(AstBuilder.scala:182)
	at org.apache.spark.sql.catalyst.parser.AbstractSqlParser.$anonfun$parsePlan$2(AbstractSqlParser.scala:121)
	at org.apache.spark.sql.catalyst.parser.AbstractSqlParser.$anonfun$withErrorHandling$1(AbstractSqlParser.scala:164)
	at org.apache.spark.sql.catalyst.util.SparkParserUtils.withOrigin(SparkParserUtils.scala:198)
	at org.apache.spark.sql.catalyst.util.SparkParserUtils.withOrigin$(SparkParserUtils.scala:183)
	at org.apache.spark.sql.catalyst.parser.ParserUtils$.withOrigin(ParserUtils.scala:41)
	at org.apache.spark.sql.catalyst.parser.AbstractSqlParser.withErrorHandling(AbstractSqlParser.scala:163)
	at org.apache.spark.sql.catalyst.parser.AbstractSqlParser.$anonfun$parsePlan$1(AbstractSqlParser.scala:121)
	at org.apache.spark.sql.catalyst.parser.AbstractParser.parse(parsers.scala:103)
	at org.apache.spark.sql.execution.SparkSqlParser.parse(SparkSqlParser.scala:163)
	at org.apache.spark.sql.catalyst.parser.AbstractSqlParser.parsePlan(AbstractSqlParser.scala:118)
	at com.databricks.sql.QueryRuntimePredictionUtils$.$anonfun$getParsedPlanWithTracking$4(QueryRuntimePrediction.scala:446)
	at com.databricks.spark.util.FrameProfiler$.$anonfun$record$1(FrameProfiler.scala:114)
	at com.databricks.spark.util.FrameProfilerExporter$.maybeExportFrameProfiler(FrameProfilerExporter.scala:200)
	at com.databricks.spark.util.FrameProfiler$.record(FrameProfiler.scala:105)
	at org.apache.spark.sql.catalyst.QueryPlanningTracker.measurePhase(QueryPlanningTracker.scala:697)
	at com.databricks.sql.QueryRuntimePredictionUtils$.$anonfun$getParsedPlanWithTracking$3(QueryRuntimePrediction.scala:445)
	at org.apache.spark.sql.catalyst.QueryPlanningTracker$.withTracker(QueryPlanningTracker.scala:267)
	at com.databricks.sql.QueryRuntimePredictionUtils$.$anonfun$getParsedPlanWithTracking$2(QueryRuntimePrediction.scala:445)
	at org.apache.spark.sql.execution.SQLExecution$.$anonfun$withExecutionPhase$1(SQLExecution.scala:158)
	at com.databricks.logging.AttributionContext$.$anonfun$withValue$1(AttributionContext.scala:328)
	at scala.util.DynamicVariable.withValue(DynamicVariable.scala:59)
	at com.databricks.logging.AttributionContext$.withValue(AttributionContext.scala:324)
	at com.databricks.util.TracingSpanUtils$.$anonfun$withTracing$4(TracingSpanUtils.scala:235)
	at com.databricks.util.TracingSpanUtils$.withTracing(TracingSpanUtils.scala:129)
	at com.databricks.util.TracingSpanUtils$.withTracing(TracingSpanUtils.scala:233)
	at com.databricks.tracing.TracingUtils$.withTracing(TracingUtils.scala:296)
	at com.databricks.spark.util.DatabricksTracingHelper.withSpan(DatabricksSparkTracingHelper.scala:115)
	at com.databricks.spark.util.DBRTracing$.withSpan(DBRTracing.scala:47)
	at org.apache.spark.sql.execution.SQLExecution$.withExecutionPhase(SQLExecution.scala:139)
	at com.databricks.sql.QueryRuntimePredictionUtils$.$anonfun$getParsedPlanWithTracking$1(QueryRuntimePrediction.scala:444)
	at com.databricks.sql.util.MemoryTrackerHelper.withMemoryTracking(MemoryTrackerHelper.scala:111)
	at com.databricks.sql.QueryRuntimePredictionUtils$.getParsedPlanWithTracking(QueryRuntimePrediction.scala:440)
	at com.databricks.sql.QueryRuntimePrediction.$anonfun$getQueryExecutionWithParsedPlan$1(QueryRuntimePrediction.scala:790)
	at org.apache.spark.sql.SparkSession.withActive(SparkSession.scala:860)
	at com.databricks.sql.QueryRuntimePrediction.getQueryExecutionWithParsedPlan(QueryRuntimePrediction.scala:781)
	at com.databricks.sql.QueryRuntimePrediction.getRuntimeCategory(QueryRuntimePrediction.scala:569)
	at com.databricks.sql.ClusterLoadMonitor.$anonfun$getRuntimeCategory$3(ClusterLoadMonitor.scala:886)
	at com.databricks.unity.UCSEphemeralState$Handle.runWith(UCSEphemeralState.scala:51)
	at com.databricks.unity.HandleImpl.runWith(UCSHandle.scala:104)
	at com.databricks.unity.HandleImpl.$anonfun$runWithAndClose$1(UCSHandle.scala:109)
	at scala.util.Using$.resource(Using.scala:296)
	at com.databricks.unity.HandleImpl.runWithAndClose(UCSHandle.scala:108)
	at com.databricks.sql.ClusterLoadMonitor.$anonfun$getRuntimeCategory$2(ClusterLoadMonitor.scala:881)
	at java.base/java.util.concurrent.CompletableFuture$AsyncSupply.run(CompletableFuture.java:1768)
	at org.apache.spark.util.threads.SparkThreadLocalCapturingRunnable.$anonfun$run$1(SparkThreadLocalForwardingThreadPoolExecutor.scala:165)
	at scala.runtime.java8.JFunction0$mcV$sp.apply(JFunction0$mcV$sp.scala:18)
	at com.databricks.util.LexicalThreadLocal$Handle.runWith(LexicalThreadLocal.scala:63)
	at org.apache.spark.util.threads.SparkThreadLocalCapturingHelper.$anonfun$runWithCaptured$6(SparkThreadLocalForwardingThreadPoolExecutor.scala:119)
	at com.databricks.sql.transaction.tahoe.mst.MSTThreadHelper$.runWithMstTxnId(MSTThreadHelper.scala:57)
	at org.apache.spark.util.threads.SparkThreadLocalCapturingHelper.$anonfun$runWithCaptured$5(SparkThreadLocalForwardingThreadPoolExecutor.scala:118)
	at com.databricks.spark.util.IdentityClaim$.withClaim(IdentityClaim.scala:48)
	at org.apache.spark.util.threads.SparkThreadLocalCapturingHelper.$anonfun$runWithCaptured$4(SparkThreadLocalForwardingThreadPoolExecutor.scala:117)
	at com.databricks.unity.UCSEphemeralState$Handle.runWith(UCSEphemeralState.scala:51)
	at org.apache.spark.util.threads.SparkThreadLocalCapturingHelper.runWithCaptured(SparkThreadLocalForwardingThreadPoolExecutor.scala:116)
	at org.apache.spark.util.threads.SparkThreadLocalCapturingHelper.runWithCaptured$(SparkThreadLocalForwardingThreadPoolExecutor.scala:93)
	at org.apache.spark.util.threads.SparkThreadLocalCapturingRunnable.runWithCaptured(SparkThreadLocalForwardingThreadPoolExecutor.scala:162)
	at org.apache.spark.util.threads.SparkThreadLocalCapturingRunnable.run(SparkThreadLocalForwardingThreadPoolExecutor.scala:165)
	... 3 more
, operation-id=01f0c31c-4da1-161a-9910-86a9d61f9153
[0m18:44:38.067869 [debug] [Thread-4 (]: On model.databricks_warehouse.stg_transactions: Close
[0m18:44:38.069141 [debug] [Thread-4 (]: Databricks adapter: Connection(session-id=01f0c31c-4d9c-1dc5-bcb7-d2e153fa5f6e) - Closing
[0m18:44:38.116488 [debug] [Thread-4 (]: Database Error in model stg_transactions (models/staging/stg_transactions.sql)
  
  [UNSUPPORTED_DATATYPE] Unsupported data type "FLOAT64". SQLSTATE: 0A000
  == SQL (line 13, position 29) ==
      CAST(source_currency AS FLOAT64) AS source_amount,
                              ^^^^^^^
  
  compiled code at target/run/databricks_warehouse/models/staging/stg_transactions.sql
[0m18:44:38.117784 [debug] [Thread-4 (]: Sending event: {'category': 'dbt', 'action': 'run_model', 'label': '989b6b26-7cf3-411d-962f-da54d9583a9c', 'context': [<snowplow_tracker.self_describing_json.SelfDescribingJson object at 0xffb12c9b5e50>]}
[0m18:44:38.119023 [error] [Thread-4 (]: 2 of 8 ERROR creating sql view model bronze_bronze.stg_transactions ............ [[31mERROR[0m in 1.20s]
[0m18:44:38.120192 [debug] [Thread-4 (]: Finished running node model.databricks_warehouse.stg_transactions
[0m18:44:38.121285 [debug] [Thread-9 (]: Marking all children of 'model.databricks_warehouse.stg_transactions' to be skipped because of status 'error'.  Reason: Database Error in model stg_transactions (models/staging/stg_transactions.sql)
  
  [UNSUPPORTED_DATATYPE] Unsupported data type "FLOAT64". SQLSTATE: 0A000
  == SQL (line 13, position 29) ==
      CAST(source_currency AS FLOAT64) AS source_amount,
                              ^^^^^^^
  
  compiled code at target/run/databricks_warehouse/models/staging/stg_transactions.sql.
[0m18:44:38.213003 [debug] [Thread-5 (]: Databricks adapter: Exception while trying to execute query
/* {"app": "dbt", "dbt_version": "1.10.15", "dbt_databricks_version": "1.11.0", "databricks_sql_connector_version": "4.1.3", "profile_name": "databricks_dwh", "target_name": "dev", "node_id": "model.databricks_warehouse.stg_users"} */

  
  
  create or replace view workspace.bronze_bronze.stg_users
  
  as (
    select
    CAST(user_id AS STRING) AS user_id,
    upper(trim(kyc_level)) as kyc_level,
    CAST(created_at AS TIMESTAMP) AS created_at,
    CAST(updated_at AS TIMESTAMP) AS updated_at
from `workspace`.`bronze`.`raw_users`
where user_id is not null
  )

: [TABLE_OR_VIEW_NOT_FOUND] The table or view `workspace`.`bronze`.`raw_users` cannot be found. Verify the spelling and correctness of the schema and catalog.
If you did not qualify the name with a schema, verify the current_schema() output, or qualify the name with the correct schema and catalog.
To tolerate the error on drop use DROP VIEW IF EXISTS or DROP TABLE IF EXISTS. SQLSTATE: 42P01; line 13 pos 5
Error properties: diagnostic-info=org.apache.hive.service.cli.HiveSQLException: Error running query: [TABLE_OR_VIEW_NOT_FOUND] org.apache.spark.sql.catalyst.ExtendedAnalysisException: [TABLE_OR_VIEW_NOT_FOUND] The table or view `workspace`.`bronze`.`raw_users` cannot be found. Verify the spelling and correctness of the schema and catalog.
If you did not qualify the name with a schema, verify the current_schema() output, or qualify the name with the correct schema and catalog.
To tolerate the error on drop use DROP VIEW IF EXISTS or DROP TABLE IF EXISTS. SQLSTATE: 42P01; line 13 pos 5
	at org.apache.spark.sql.hive.thriftserver.HiveThriftServerErrors$.runningQueryError(HiveThriftServerErrors.scala:49)
	at org.apache.spark.sql.hive.thriftserver.SparkExecuteStatementOperation.$anonfun$execute$1(SparkExecuteStatementOperation.scala:1040)
	at scala.runtime.java8.JFunction0$mcV$sp.apply(JFunction0$mcV$sp.scala:18)
	at com.databricks.unity.UCSEphemeralState$Handle.runWith(UCSEphemeralState.scala:51)
	at com.databricks.unity.HandleImpl.runWith(UCSHandle.scala:104)
	at org.apache.spark.sql.hive.thriftserver.SparkExecuteStatementOperation.org$apache$spark$sql$hive$thriftserver$SparkExecuteStatementOperation$$execute(SparkExecuteStatementOperation.scala:778)
	at org.apache.spark.sql.hive.thriftserver.SparkExecuteStatementOperation$$anon$2$$anon$3.$anonfun$run$5(SparkExecuteStatementOperation.scala:569)
	at scala.runtime.java8.JFunction0$mcV$sp.apply(JFunction0$mcV$sp.scala:18)
	at org.apache.spark.sql.execution.SQLExecution$.withRootExecution(SQLExecution.scala:853)
	at org.apache.spark.sql.hive.thriftserver.SparkExecuteStatementOperation$$anon$2$$anon$3.$anonfun$run$2(SparkExecuteStatementOperation.scala:569)
	at scala.runtime.java8.JFunction0$mcV$sp.apply(JFunction0$mcV$sp.scala:18)
	at com.databricks.logging.AttributionContextTracing.$anonfun$withAttributionContext$1(AttributionContextTracing.scala:49)
	at com.databricks.logging.AttributionContext$.$anonfun$withValue$1(AttributionContext.scala:328)
	at scala.util.DynamicVariable.withValue(DynamicVariable.scala:59)
	at com.databricks.logging.AttributionContext$.withValue(AttributionContext.scala:324)
	at com.databricks.logging.AttributionContextTracing.withAttributionContext(AttributionContextTracing.scala:47)
	at com.databricks.logging.AttributionContextTracing.withAttributionContext$(AttributionContextTracing.scala:44)
	at com.databricks.spark.util.DatabricksTracingHelper.withAttributionContext(DatabricksSparkTracingHelper.scala:65)
	at com.databricks.spark.util.DatabricksTracingHelper.withSpanFromRequest(DatabricksSparkTracingHelper.scala:92)
	at com.databricks.spark.util.DBRTracing$.withSpanFromRequest(DBRTracing.scala:43)
	at org.apache.spark.sql.hive.thriftserver.ThriftLocalProperties.$anonfun$withLocalProperties$15(ThriftLocalProperties.scala:238)
	at com.databricks.logging.AttributionContextTracing.$anonfun$withAttributionContext$1(AttributionContextTracing.scala:49)
	at com.databricks.logging.AttributionContext$.$anonfun$withValue$1(AttributionContext.scala:328)
	at scala.util.DynamicVariable.withValue(DynamicVariable.scala:59)
	at com.databricks.logging.AttributionContext$.withValue(AttributionContext.scala:324)
	at com.databricks.logging.AttributionContextTracing.withAttributionContext(AttributionContextTracing.scala:47)
	at com.databricks.logging.AttributionContextTracing.withAttributionContext$(AttributionContextTracing.scala:44)
	at com.databricks.spark.util.PublicDBLogging.withAttributionContext(DatabricksSparkUsageLogger.scala:30)
	at com.databricks.logging.AttributionContextTracing.withAttributionTags(AttributionContextTracing.scala:96)
	at com.databricks.logging.AttributionContextTracing.withAttributionTags$(AttributionContextTracing.scala:77)
	at com.databricks.spark.util.PublicDBLogging.withAttributionTags(DatabricksSparkUsageLogger.scala:30)
	at com.databricks.spark.util.PublicDBLogging.withAttributionTags0(DatabricksSparkUsageLogger.scala:124)
	at com.databricks.spark.util.DatabricksSparkUsageLogger.withAttributionTags(DatabricksSparkUsageLogger.scala:232)
	at com.databricks.spark.util.UsageLogging.$anonfun$withAttributionTags$1(UsageLogger.scala:668)
	at com.databricks.spark.util.UsageLogging$.withAttributionTags(UsageLogger.scala:780)
	at com.databricks.spark.util.UsageLogging$.withAttributionTags(UsageLogger.scala:789)
	at com.databricks.spark.util.UsageLogging.withAttributionTags(UsageLogger.scala:668)
	at com.databricks.spark.util.UsageLogging.withAttributionTags$(UsageLogger.scala:666)
	at org.apache.spark.sql.hive.thriftserver.SparkExecuteStatementOperation.withAttributionTags(SparkExecuteStatementOperation.scala:76)
	at org.apache.spark.sql.hive.thriftserver.ThriftLocalProperties.$anonfun$withLocalProperties$12(ThriftLocalProperties.scala:233)
	at com.databricks.spark.util.IdentityClaim$.withClaim(IdentityClaim.scala:48)
	at org.apache.spark.sql.hive.thriftserver.ThriftLocalProperties.withLocalProperties(ThriftLocalProperties.scala:229)
	at org.apache.spark.sql.hive.thriftserver.ThriftLocalProperties.withLocalProperties$(ThriftLocalProperties.scala:89)
	at org.apache.spark.sql.hive.thriftserver.SparkExecuteStatementOperation.withLocalProperties(SparkExecuteStatementOperation.scala:76)
	at org.apache.spark.sql.hive.thriftserver.SparkExecuteStatementOperation$$anon$2$$anon$3.run(SparkExecuteStatementOperation.scala:546)
	at org.apache.spark.sql.hive.thriftserver.SparkExecuteStatementOperation$$anon$2$$anon$3.run(SparkExecuteStatementOperation.scala:532)
	at java.base/java.security.AccessController.doPrivileged(AccessController.java:712)
	at java.base/javax.security.auth.Subject.doAs(Subject.java:439)
	at org.apache.hadoop.security.UserGroupInformation.doAs(UserGroupInformation.java:1953)
	at org.apache.spark.sql.hive.thriftserver.SparkExecuteStatementOperation$$anon$2.run(SparkExecuteStatementOperation.scala:582)
	at java.base/java.util.concurrent.Executors$RunnableAdapter.call(Executors.java:539)
	at java.base/java.util.concurrent.FutureTask.run(FutureTask.java:264)
	at java.base/java.util.concurrent.ThreadPoolExecutor.runWorker(ThreadPoolExecutor.java:1136)
	at java.base/java.util.concurrent.ThreadPoolExecutor$Worker.run(ThreadPoolExecutor.java:635)
	at java.base/java.lang.Thread.run(Thread.java:840)
Caused by: org.apache.spark.sql.catalyst.ExtendedAnalysisException: [TABLE_OR_VIEW_NOT_FOUND] The table or view `workspace`.`bronze`.`raw_users` cannot be found. Verify the spelling and correctness of the schema and catalog.
If you did not qualify the name with a schema, verify the current_schema() output, or qualify the name with the correct schema and catalog.
To tolerate the error on drop use DROP VIEW IF EXISTS or DROP TABLE IF EXISTS. SQLSTATE: 42P01; line 13 pos 5
	at org.apache.spark.sql.catalyst.ExtendedAnalysisException.copyPlan(ExtendedAnalysisException.scala:96)
	at org.apache.spark.sql.hive.thriftserver.SparkExecuteStatementOperation.$anonfun$execute$1(SparkExecuteStatementOperation.scala:1001)
	... 53 more
, operation-id=01f0c31c-4da1-1a63-823a-bc5a09c9ebe7
[0m18:44:38.214638 [debug] [Thread-5 (]: On model.databricks_warehouse.stg_users: Close
[0m18:44:38.215427 [debug] [Thread-5 (]: Databricks adapter: Connection(session-id=01f0c31c-4d9b-1599-8c6b-469724977707) - Closing
[0m18:44:38.259006 [debug] [Thread-5 (]: Database Error in model stg_users (models/staging/stg_users.sql)
  [TABLE_OR_VIEW_NOT_FOUND] The table or view `workspace`.`bronze`.`raw_users` cannot be found. Verify the spelling and correctness of the schema and catalog.
  If you did not qualify the name with a schema, verify the current_schema() output, or qualify the name with the correct schema and catalog.
  To tolerate the error on drop use DROP VIEW IF EXISTS or DROP TABLE IF EXISTS. SQLSTATE: 42P01; line 13 pos 5
  compiled code at target/run/databricks_warehouse/models/staging/stg_users.sql
[0m18:44:38.260395 [debug] [Thread-5 (]: Sending event: {'category': 'dbt', 'action': 'run_model', 'label': '989b6b26-7cf3-411d-962f-da54d9583a9c', 'context': [<snowplow_tracker.self_describing_json.SelfDescribingJson object at 0xffb12469b650>]}
[0m18:44:38.261509 [error] [Thread-5 (]: 3 of 8 ERROR creating sql view model bronze_bronze.stg_users ................... [[31mERROR[0m in 1.34s]
[0m18:44:38.262661 [debug] [Thread-5 (]: Finished running node model.databricks_warehouse.stg_users
[0m18:44:38.263691 [debug] [Thread-9 (]: Marking all children of 'model.databricks_warehouse.stg_users' to be skipped because of status 'error'.  Reason: Database Error in model stg_users (models/staging/stg_users.sql)
  [TABLE_OR_VIEW_NOT_FOUND] The table or view `workspace`.`bronze`.`raw_users` cannot be found. Verify the spelling and correctness of the schema and catalog.
  If you did not qualify the name with a schema, verify the current_schema() output, or qualify the name with the correct schema and catalog.
  To tolerate the error on drop use DROP VIEW IF EXISTS or DROP TABLE IF EXISTS. SQLSTATE: 42P01; line 13 pos 5
  compiled code at target/run/databricks_warehouse/models/staging/stg_users.sql.
[0m18:44:38.264831 [debug] [Thread-6 (]: Began running node model.databricks_warehouse.int_transactions_enriched
[0m18:44:38.265924 [info ] [Thread-6 (]: 4 of 8 SKIP relation bronze_silver.int_transactions_enriched ................... [[33mSKIP[0m]
[0m18:44:38.266989 [debug] [Thread-6 (]: Finished running node model.databricks_warehouse.int_transactions_enriched
[0m18:44:38.268073 [debug] [Thread-4 (]: Began running node model.databricks_warehouse.fact_transactions
[0m18:44:38.268918 [info ] [Thread-4 (]: 5 of 8 SKIP relation bronze_gold.fact_transactions ............................. [[33mSKIP[0m]
[0m18:44:38.269831 [debug] [Thread-4 (]: Finished running node model.databricks_warehouse.fact_transactions
[0m18:44:38.271070 [debug] [Thread-3 (]: Began running node model.databricks_warehouse.agg_transactions_daily
[0m18:44:38.271681 [debug] [Thread-6 (]: Began running node model.databricks_warehouse.agg_transactions_monthly
[0m18:44:38.272210 [debug] [Thread-5 (]: Began running node model.databricks_warehouse.agg_transactions_quarterly
[0m18:44:38.273042 [info ] [Thread-3 (]: 6 of 8 SKIP relation bronze_gold.agg_transactions_daily ........................ [[33mSKIP[0m]
[0m18:44:38.275925 [debug] [Thread-3 (]: Finished running node model.databricks_warehouse.agg_transactions_daily
[0m18:44:38.274811 [info ] [Thread-5 (]: 8 of 8 SKIP relation bronze_gold.agg_transactions_quarterly .................... [[33mSKIP[0m]
[0m18:44:38.273892 [info ] [Thread-6 (]: 7 of 8 SKIP relation bronze_gold.agg_transactions_monthly ...................... [[33mSKIP[0m]
[0m18:44:38.277314 [debug] [Thread-5 (]: Finished running node model.databricks_warehouse.agg_transactions_quarterly
[0m18:44:38.278183 [debug] [Thread-6 (]: Finished running node model.databricks_warehouse.agg_transactions_monthly
[0m18:44:38.280287 [debug] [MainThread]: Databricks adapter: DatabricksDBTConnection(session-id=None, name=master) - Creating connection
[0m18:44:38.281203 [debug] [MainThread]: Acquiring new databricks connection 'master'
[0m18:44:38.282146 [info ] [MainThread]: 
[0m18:44:38.283183 [info ] [MainThread]: Finished running 4 table models, 4 view models in 0 hours 0 minutes and 3.68 seconds (3.68s).
[0m18:44:38.284960 [debug] [MainThread]: Command end result
[0m18:44:38.417313 [debug] [MainThread]: Wrote artifact WritableManifest to /Workspace/Repos/minhthy/dbt_project/target/manifest.json
[0m18:44:38.420364 [debug] [MainThread]: Wrote artifact SemanticManifest to /Workspace/Repos/minhthy/dbt_project/target/semantic_manifest.json
[0m18:44:38.466584 [debug] [MainThread]: Wrote artifact RunExecutionResult to /Workspace/Repos/minhthy/dbt_project/target/run_results.json
[0m18:44:38.467492 [info ] [MainThread]: 
[0m18:44:38.469333 [info ] [MainThread]: [31mCompleted with 3 errors, 0 partial successes, and 0 warnings:[0m
[0m18:44:38.470202 [info ] [MainThread]: 
[0m18:44:38.471383 [error] [MainThread]: [31mFailure in model stg_rates (models/staging/stg_rates.sql)[0m
[0m18:44:38.472334 [error] [MainThread]:   Database Error in model stg_rates (models/staging/stg_rates.sql)
  
  [UNSUPPORTED_DATATYPE] Unsupported data type "FLOAT64". SQLSTATE: 0A000
  == SQL (line 12, position 18) ==
      CAST(open AS FLOAT64) AS open_price,
                   ^^^^^^^
  
  compiled code at target/run/databricks_warehouse/models/staging/stg_rates.sql
[0m18:44:38.473373 [info ] [MainThread]: 
[0m18:44:38.474541 [info ] [MainThread]:   compiled code at target/compiled/databricks_warehouse/models/staging/stg_rates.sql
[0m18:44:38.475661 [info ] [MainThread]: 
[0m18:44:38.476881 [error] [MainThread]: [31mFailure in model stg_transactions (models/staging/stg_transactions.sql)[0m
[0m18:44:38.478509 [error] [MainThread]:   Database Error in model stg_transactions (models/staging/stg_transactions.sql)
  
  [UNSUPPORTED_DATATYPE] Unsupported data type "FLOAT64". SQLSTATE: 0A000
  == SQL (line 13, position 29) ==
      CAST(source_currency AS FLOAT64) AS source_amount,
                              ^^^^^^^
  
  compiled code at target/run/databricks_warehouse/models/staging/stg_transactions.sql
[0m18:44:38.480395 [info ] [MainThread]: 
[0m18:44:38.481720 [info ] [MainThread]:   compiled code at target/compiled/databricks_warehouse/models/staging/stg_transactions.sql
[0m18:44:38.483994 [info ] [MainThread]: 
[0m18:44:38.485220 [error] [MainThread]: [31mFailure in model stg_users (models/staging/stg_users.sql)[0m
[0m18:44:38.486589 [error] [MainThread]:   Database Error in model stg_users (models/staging/stg_users.sql)
  [TABLE_OR_VIEW_NOT_FOUND] The table or view `workspace`.`bronze`.`raw_users` cannot be found. Verify the spelling and correctness of the schema and catalog.
  If you did not qualify the name with a schema, verify the current_schema() output, or qualify the name with the correct schema and catalog.
  To tolerate the error on drop use DROP VIEW IF EXISTS or DROP TABLE IF EXISTS. SQLSTATE: 42P01; line 13 pos 5
  compiled code at target/run/databricks_warehouse/models/staging/stg_users.sql
[0m18:44:38.487727 [info ] [MainThread]: 
[0m18:44:38.490563 [info ] [MainThread]:   compiled code at target/compiled/databricks_warehouse/models/staging/stg_users.sql
[0m18:44:38.491677 [info ] [MainThread]: 
[0m18:44:38.493390 [info ] [MainThread]: Done. PASS=0 WARN=0 ERROR=3 SKIP=5 NO-OP=0 TOTAL=8
[0m18:44:38.495670 [debug] [MainThread]: Resource report: {"command_name": "run", "command_success": false, "command_wall_clock_time": 7.9816628, "process_in_blocks": "136", "process_kernel_time": 0.446685, "process_mem_max_rss": "243620", "process_out_blocks": "0", "process_user_time": 5.573507}
[0m18:44:38.496905 [debug] [MainThread]: Command `dbt run` failed at 18:44:38.496761 after 7.98 seconds
[0m18:44:38.497752 [debug] [MainThread]: Sending event: {'category': 'dbt', 'action': 'invocation', 'label': 'end', 'context': [<snowplow_tracker.self_describing_json.SelfDescribingJson object at 0xffb144188440>, <snowplow_tracker.self_describing_json.SelfDescribingJson object at 0xffb12c9db6b0>, <snowplow_tracker.self_describing_json.SelfDescribingJson object at 0xffb12c9da090>]}
[0m18:44:38.498586 [debug] [MainThread]: Flushing usage events
[0m18:44:38.566811 [debug] [MainThread]: An error was encountered while trying to flush usage events
[0m18:44:40.574922 [debug] [MainThread]: Sending event: {'category': 'dbt', 'action': 'invocation', 'label': 'start', 'context': [<snowplow_tracker.self_describing_json.SelfDescribingJson object at 0xff9ebecef710>, <snowplow_tracker.self_describing_json.SelfDescribingJson object at 0xff9ec0087fe0>, <snowplow_tracker.self_describing_json.SelfDescribingJson object at 0xff9ebe97b5c0>]}


============================== 18:44:40.578935 | fb970e90-27c2-4930-94ad-3c5d53e16d7f ==============================
[0m18:44:40.578935 [info ] [MainThread]: Running with dbt=1.10.15
[0m18:44:40.579915 [debug] [MainThread]: running dbt with arguments {'indirect_selection': 'eager', 'use_experimental_parser': 'False', 'cache_selected_only': 'False', 'log_path': '/Workspace/Repos/minhthy/dbt_project/logs', 'version_check': 'True', 'target_path': 'None', 'introspect': 'True', 'profiles_dir': '/Workspace/Users/minhthy1016@gmail.com/.dbt', 'empty': 'False', 'log_format': 'default', 'debug': 'False', 'invocation_command': 'dbt snapshot', 'send_anonymous_usage_stats': 'True', 'static_parser': 'True', 'log_cache_events': 'False', 'write_json': 'True', 'no_print': 'None', 'warn_error_options': 'WarnErrorOptionsV2(error=[], warn=[], silence=[])', 'warn_error': 'None', 'quiet': 'False', 'fail_fast': 'False', 'use_colors': 'True', 'partial_parse': 'True', 'printer_width': '80'}
[0m18:44:41.365095 [debug] [MainThread]: Spark adapter: Setting pyhive.hive logging to ERROR
[0m18:44:41.366286 [debug] [MainThread]: Spark adapter: Setting thrift.transport logging to ERROR
[0m18:44:41.367281 [debug] [MainThread]: Spark adapter: Setting thrift.protocol logging to ERROR
[0m18:44:42.065526 [debug] [MainThread]: Sending event: {'category': 'dbt', 'action': 'project_id', 'label': 'fb970e90-27c2-4930-94ad-3c5d53e16d7f', 'context': [<snowplow_tracker.self_describing_json.SelfDescribingJson object at 0xff9eab2a2c60>]}
[0m18:44:42.129496 [debug] [MainThread]: Sending event: {'category': 'dbt', 'action': 'adapter_info', 'label': 'fb970e90-27c2-4930-94ad-3c5d53e16d7f', 'context': [<snowplow_tracker.self_describing_json.SelfDescribingJson object at 0xff9eacfe2ba0>]}
[0m18:44:42.130885 [info ] [MainThread]: Registered adapter: databricks=1.11.0
[0m18:44:42.299982 [debug] [MainThread]: checksum: 14a228079bd6df63ba81633f9a3cf44ecfaa31056ac397c602753ec895dbf885, vars: {}, profile: , target: , version: 1.10.15
[0m18:44:42.441262 [debug] [MainThread]: Partial parsing enabled: 0 files deleted, 0 files added, 0 files changed.
[0m18:44:42.442297 [debug] [MainThread]: Partial parsing enabled, no changes found, skipping parsing
[0m18:44:42.450482 [warn ] [MainThread]: [[33mWARNING[0m]: Configuration paths exist in your dbt_project.yml file which do not apply to any resources.
There are 1 unused configuration paths:
- seeds
[0m18:44:42.499982 [debug] [MainThread]: Sending event: {'category': 'dbt', 'action': 'load_project', 'label': 'fb970e90-27c2-4930-94ad-3c5d53e16d7f', 'context': [<snowplow_tracker.self_describing_json.SelfDescribingJson object at 0xff9eaa9f0a70>]}
[0m18:44:42.608887 [debug] [MainThread]: Wrote artifact WritableManifest to /Workspace/Repos/minhthy/dbt_project/target/manifest.json
[0m18:44:42.612041 [debug] [MainThread]: Wrote artifact SemanticManifest to /Workspace/Repos/minhthy/dbt_project/target/semantic_manifest.json
[0m18:44:42.623575 [debug] [MainThread]: Sending event: {'category': 'dbt', 'action': 'resource_counts', 'label': 'fb970e90-27c2-4930-94ad-3c5d53e16d7f', 'context': [<snowplow_tracker.self_describing_json.SelfDescribingJson object at 0xff9eaa6bb140>]}
[0m18:44:42.624543 [info ] [MainThread]: Found 8 models, 1 snapshot, 6 data tests, 3 sources, 709 macros
[0m18:44:42.625729 [debug] [MainThread]: Sending event: {'category': 'dbt', 'action': 'runnable_timing', 'label': 'fb970e90-27c2-4930-94ad-3c5d53e16d7f', 'context': [<snowplow_tracker.self_describing_json.SelfDescribingJson object at 0xff9ebed4bfe0>]}
[0m18:44:42.628044 [info ] [MainThread]: 
[0m18:44:42.628858 [info ] [MainThread]: Concurrency: 4 threads (target='dev')
[0m18:44:42.629683 [info ] [MainThread]: 
[0m18:44:42.630768 [debug] [MainThread]: Databricks adapter: DatabricksDBTConnection(session-id=None, name=master) - Creating connection
[0m18:44:42.631494 [debug] [MainThread]: Acquiring new databricks connection 'master'
[0m18:44:42.632883 [debug] [ThreadPool]: Databricks adapter: DatabricksDBTConnection(session-id=None, name=list_workspace) - Creating connection
[0m18:44:42.633783 [debug] [ThreadPool]: Acquiring new databricks connection 'list_workspace'
[0m18:44:42.646121 [debug] [ThreadPool]: Using databricks connection "list_workspace"
[0m18:44:42.647205 [debug] [ThreadPool]: On list_workspace: /* {"app": "dbt", "dbt_version": "1.10.15", "dbt_databricks_version": "1.11.0", "databricks_sql_connector_version": "4.1.3", "profile_name": "databricks_dwh", "target_name": "dev", "connection_name": "list_workspace"} */

    show databases
  
[0m18:44:42.647988 [debug] [ThreadPool]: Opening a new connection, currently in state init
[0m18:44:42.778549 [debug] [ThreadPool]: Databricks adapter: Connection(session-id=01f0c31c-509e-1db6-86cb-93b1337ba3f0) - Created
[0m18:44:43.088586 [debug] [ThreadPool]: SQL status: OK in 0.440 seconds
[0m18:44:43.093865 [debug] [ThreadPool]: Databricks adapter: Cursor(session-id=01f0c31c-509e-1db6-86cb-93b1337ba3f0, command-id=01f0c31c-50a4-1aff-8e38-c19225d33e17) - Closing
[0m18:44:43.095075 [debug] [ThreadPool]: On list_workspace: Close
[0m18:44:43.095831 [debug] [ThreadPool]: Databricks adapter: Connection(session-id=01f0c31c-509e-1db6-86cb-93b1337ba3f0) - Closing
[0m18:44:43.151151 [debug] [ThreadPool]: Databricks adapter: DatabricksDBTConnection(session-id=None, name=list_workspace_bronze_bronze) - Creating connection
[0m18:44:43.151970 [debug] [ThreadPool]: Databricks adapter: DatabricksDBTConnection(session-id=None, name=list_workspace_bronze_gold) - Creating connection
[0m18:44:43.152784 [debug] [ThreadPool]: Databricks adapter: DatabricksDBTConnection(session-id=None, name=list_workspace_silver) - Creating connection
[0m18:44:43.153558 [debug] [ThreadPool]: Databricks adapter: DatabricksDBTConnection(session-id=None, name=list_workspace_bronze_silver) - Creating connection
[0m18:44:43.154224 [debug] [ThreadPool]: Acquiring new databricks connection 'list_workspace_bronze_bronze'
[0m18:44:43.155020 [debug] [ThreadPool]: Acquiring new databricks connection 'list_workspace_bronze_gold'
[0m18:44:43.155793 [debug] [ThreadPool]: Acquiring new databricks connection 'list_workspace_silver'
[0m18:44:43.156548 [debug] [ThreadPool]: Acquiring new databricks connection 'list_workspace_bronze_silver'
[0m18:44:43.166660 [debug] [ThreadPool]: Using databricks connection "list_workspace_bronze_bronze"
[0m18:44:43.169305 [debug] [ThreadPool]: Using databricks connection "list_workspace_bronze_gold"
[0m18:44:43.171943 [debug] [ThreadPool]: Using databricks connection "list_workspace_silver"
[0m18:44:43.174586 [debug] [ThreadPool]: Using databricks connection "list_workspace_bronze_silver"
[0m18:44:43.175500 [debug] [ThreadPool]: On list_workspace_bronze_bronze: /* {"app": "dbt", "dbt_version": "1.10.15", "dbt_databricks_version": "1.11.0", "databricks_sql_connector_version": "4.1.3", "profile_name": "databricks_dwh", "target_name": "dev", "connection_name": "list_workspace_bronze_bronze"} */

    
SELECT
  table_name,
  if(table_type IN ('EXTERNAL', 'MANAGED', 'MANAGED_SHALLOW_CLONE', 'EXTERNAL_SHALLOW_CLONE'), 'table', lower(table_type)) AS table_type,
  lower(data_source_format) AS file_format,
  table_owner,
  if(
    table_type IN (
      'EXTERNAL',
      'MANAGED',
      'MANAGED_SHALLOW_CLONE',
      'EXTERNAL_SHALLOW_CLONE'
    ),
    lower(table_type),
    NULL
  ) AS databricks_table_type
FROM `system`.`information_schema`.`tables`
WHERE table_catalog = 'workspace' 
  AND table_schema = 'bronze_bronze'

  
[0m18:44:43.176477 [debug] [ThreadPool]: On list_workspace_bronze_gold: /* {"app": "dbt", "dbt_version": "1.10.15", "dbt_databricks_version": "1.11.0", "databricks_sql_connector_version": "4.1.3", "profile_name": "databricks_dwh", "target_name": "dev", "connection_name": "list_workspace_bronze_gold"} */

    
SELECT
  table_name,
  if(table_type IN ('EXTERNAL', 'MANAGED', 'MANAGED_SHALLOW_CLONE', 'EXTERNAL_SHALLOW_CLONE'), 'table', lower(table_type)) AS table_type,
  lower(data_source_format) AS file_format,
  table_owner,
  if(
    table_type IN (
      'EXTERNAL',
      'MANAGED',
      'MANAGED_SHALLOW_CLONE',
      'EXTERNAL_SHALLOW_CLONE'
    ),
    lower(table_type),
    NULL
  ) AS databricks_table_type
FROM `system`.`information_schema`.`tables`
WHERE table_catalog = 'workspace' 
  AND table_schema = 'bronze_gold'

  
[0m18:44:43.177490 [debug] [ThreadPool]: On list_workspace_silver: /* {"app": "dbt", "dbt_version": "1.10.15", "dbt_databricks_version": "1.11.0", "databricks_sql_connector_version": "4.1.3", "profile_name": "databricks_dwh", "target_name": "dev", "connection_name": "list_workspace_silver"} */

    
SELECT
  table_name,
  if(table_type IN ('EXTERNAL', 'MANAGED', 'MANAGED_SHALLOW_CLONE', 'EXTERNAL_SHALLOW_CLONE'), 'table', lower(table_type)) AS table_type,
  lower(data_source_format) AS file_format,
  table_owner,
  if(
    table_type IN (
      'EXTERNAL',
      'MANAGED',
      'MANAGED_SHALLOW_CLONE',
      'EXTERNAL_SHALLOW_CLONE'
    ),
    lower(table_type),
    NULL
  ) AS databricks_table_type
FROM `system`.`information_schema`.`tables`
WHERE table_catalog = 'workspace' 
  AND table_schema = 'silver'

  
[0m18:44:43.180907 [debug] [ThreadPool]: On list_workspace_bronze_silver: /* {"app": "dbt", "dbt_version": "1.10.15", "dbt_databricks_version": "1.11.0", "databricks_sql_connector_version": "4.1.3", "profile_name": "databricks_dwh", "target_name": "dev", "connection_name": "list_workspace_bronze_silver"} */

    
SELECT
  table_name,
  if(table_type IN ('EXTERNAL', 'MANAGED', 'MANAGED_SHALLOW_CLONE', 'EXTERNAL_SHALLOW_CLONE'), 'table', lower(table_type)) AS table_type,
  lower(data_source_format) AS file_format,
  table_owner,
  if(
    table_type IN (
      'EXTERNAL',
      'MANAGED',
      'MANAGED_SHALLOW_CLONE',
      'EXTERNAL_SHALLOW_CLONE'
    ),
    lower(table_type),
    NULL
  ) AS databricks_table_type
FROM `system`.`information_schema`.`tables`
WHERE table_catalog = 'workspace' 
  AND table_schema = 'bronze_silver'

  
[0m18:44:43.181849 [debug] [ThreadPool]: Opening a new connection, currently in state init
[0m18:44:43.182649 [debug] [ThreadPool]: Opening a new connection, currently in state init
[0m18:44:43.183421 [debug] [ThreadPool]: Opening a new connection, currently in state init
[0m18:44:43.184185 [debug] [ThreadPool]: Opening a new connection, currently in state init
[0m18:44:43.638685 [debug] [ThreadPool]: Databricks adapter: Connection(session-id=01f0c31c-511e-172e-beb8-f191f84ecaa6) - Created
[0m18:44:43.680189 [debug] [ThreadPool]: Databricks adapter: Connection(session-id=01f0c31c-5128-1d6d-8c21-e36f23682a22) - Created
[0m18:44:43.684703 [debug] [ThreadPool]: Databricks adapter: Connection(session-id=01f0c31c-5129-1b74-b261-753b1e2fd691) - Created
[0m18:44:43.687842 [debug] [ThreadPool]: Databricks adapter: Connection(session-id=01f0c31c-5129-1b88-87ce-29003b9fe9c0) - Created
[0m18:44:44.194718 [debug] [ThreadPool]: SQL status: OK in 1.010 seconds
[0m18:44:44.197830 [debug] [ThreadPool]: Databricks adapter: Cursor(session-id=01f0c31c-511e-172e-beb8-f191f84ecaa6, command-id=01f0c31c-5127-13e5-9841-9322b4c35c97) - Closing
[0m18:44:44.199042 [debug] [ThreadPool]: On list_workspace_bronze_silver: Close
[0m18:44:44.199826 [debug] [ThreadPool]: Databricks adapter: Connection(session-id=01f0c31c-511e-172e-beb8-f191f84ecaa6) - Closing
[0m18:44:44.383068 [debug] [ThreadPool]: SQL status: OK in 1.200 seconds
[0m18:44:44.390112 [debug] [ThreadPool]: Databricks adapter: Cursor(session-id=01f0c31c-5128-1d6d-8c21-e36f23682a22, command-id=01f0c31c-512d-1734-8d19-101ae9a5cdd6) - Closing
[0m18:44:44.391555 [debug] [ThreadPool]: On list_workspace_bronze_gold: Close
[0m18:44:44.392522 [debug] [ThreadPool]: Databricks adapter: Connection(session-id=01f0c31c-5128-1d6d-8c21-e36f23682a22) - Closing
[0m18:44:44.536597 [debug] [ThreadPool]: SQL status: OK in 1.350 seconds
[0m18:44:44.539615 [debug] [ThreadPool]: Databricks adapter: Cursor(session-id=01f0c31c-5129-1b74-b261-753b1e2fd691, command-id=01f0c31c-512e-1965-abe0-fe6d7b56eadf) - Closing
[0m18:44:44.540772 [debug] [ThreadPool]: On list_workspace_bronze_bronze: Close
[0m18:44:44.541723 [debug] [ThreadPool]: Databricks adapter: Connection(session-id=01f0c31c-5129-1b74-b261-753b1e2fd691) - Closing
[0m18:44:44.583050 [debug] [ThreadPool]: SQL status: OK in 1.400 seconds
[0m18:44:44.585731 [debug] [ThreadPool]: Databricks adapter: Cursor(session-id=01f0c31c-5129-1b88-87ce-29003b9fe9c0, command-id=01f0c31c-512e-1bab-957c-b477a174a329) - Closing
[0m18:44:44.593453 [debug] [ThreadPool]: On list_workspace_silver: Close
[0m18:44:44.594567 [debug] [ThreadPool]: Databricks adapter: Connection(session-id=01f0c31c-5129-1b88-87ce-29003b9fe9c0) - Closing
[0m18:44:44.640495 [debug] [MainThread]: Sending event: {'category': 'dbt', 'action': 'runnable_timing', 'label': 'fb970e90-27c2-4930-94ad-3c5d53e16d7f', 'context': [<snowplow_tracker.self_describing_json.SelfDescribingJson object at 0xff9eaad57a70>]}
[0m18:44:44.644638 [debug] [Thread-3 (]: Began running node snapshot.databricks_warehouse.kyc_users
[0m18:44:44.646044 [info ] [Thread-3 (]: 1 of 1 START snapshot silver.kyc_users ......................................... [RUN]
[0m18:44:44.647391 [debug] [Thread-3 (]: Databricks adapter: DatabricksDBTConnection(session-id=None, name=snapshot.databricks_warehouse.kyc_users) - Creating connection
[0m18:44:44.648279 [debug] [Thread-3 (]: Acquiring new databricks connection 'snapshot.databricks_warehouse.kyc_users'
[0m18:44:44.649268 [debug] [Thread-3 (]: Began compiling node snapshot.databricks_warehouse.kyc_users
[0m18:44:44.668235 [debug] [Thread-3 (]: Began executing node snapshot.databricks_warehouse.kyc_users
[0m18:44:44.726839 [warn ] [Thread-3 (]: [[33mWARNING[0m]: Use managed Iceberg tables when table_format is iceberg. When this flag is disabled, UniForm is used instead.
You may opt into the new behavior sooner by setting `flags.use_managed_iceberg` to `True` in `dbt_project.yml`.
Visit https://docs.getdbt.com/reference/global-configs/behavior-changes for more information.
[0m18:44:44.728114 [debug] [Thread-3 (]: Sending event: {'category': 'dbt', 'action': 'BehaviorChangeEvent', 'label': 'fb970e90-27c2-4930-94ad-3c5d53e16d7f', 'context': [<snowplow_tracker.self_describing_json.SelfDescribingJson object at 0xff9eaa7a51c0>]}
[0m18:44:44.769520 [debug] [Thread-3 (]: Using databricks connection "snapshot.databricks_warehouse.kyc_users"
[0m18:44:44.770589 [debug] [Thread-3 (]: On snapshot.databricks_warehouse.kyc_users: /* {"app": "dbt", "dbt_version": "1.10.15", "dbt_databricks_version": "1.11.0", "databricks_sql_connector_version": "4.1.3", "profile_name": "databricks_dwh", "target_name": "dev", "node_id": "snapshot.databricks_warehouse.kyc_users"} */
select * from (
        
    

    select *,
        md5(coalesce(cast(user_id as string ), '')
         || '|' || coalesce(cast(updated_at as string ), '')
        ) as dbt_scd_id,
        updated_at as dbt_updated_at,
        updated_at as dbt_valid_from,
        
  
  coalesce(nullif(updated_at, updated_at), null)
  as dbt_valid_to
from (
        select
  user_id,
  kyc_level,
  created_at,
  updated_at
from workspace.bronze_bronze.stg_users
    ) sbq



    ) as __dbt_sbq
    where false
    limit 0

[0m18:44:44.771364 [debug] [Thread-3 (]: Opening a new connection, currently in state init
[0m18:44:44.898116 [debug] [Thread-3 (]: Databricks adapter: Connection(session-id=01f0c31c-51e2-14d1-bb3a-b79837762720) - Created
[0m18:44:45.179924 [debug] [Thread-3 (]: Databricks adapter: Exception while trying to execute query
/* {"app": "dbt", "dbt_version": "1.10.15", "dbt_databricks_version": "1.11.0", "databricks_sql_connector_version": "4.1.3", "profile_name": "databricks_dwh", "target_name": "dev", "node_id": "snapshot.databricks_warehouse.kyc_users"} */
select * from (
        
    

    select *,
        md5(coalesce(cast(user_id as string ), '')
         || '|' || coalesce(cast(updated_at as string ), '')
        ) as dbt_scd_id,
        updated_at as dbt_updated_at,
        updated_at as dbt_valid_from,
        
  
  coalesce(nullif(updated_at, updated_at), null)
  as dbt_valid_to
from (
        select
  user_id,
  kyc_level,
  created_at,
  updated_at
from workspace.bronze_bronze.stg_users
    ) sbq



    ) as __dbt_sbq
    where false
    limit 0

: [TABLE_OR_VIEW_NOT_FOUND] The table or view `workspace`.`bronze_bronze`.`stg_users` cannot be found. Verify the spelling and correctness of the schema and catalog.
If you did not qualify the name with a schema, verify the current_schema() output, or qualify the name with the correct schema and catalog.
To tolerate the error on drop use DROP VIEW IF EXISTS or DROP TABLE IF EXISTS. SQLSTATE: 42P01; line 22 pos 5
Error properties: diagnostic-info=org.apache.hive.service.cli.HiveSQLException: Error running query: [TABLE_OR_VIEW_NOT_FOUND] org.apache.spark.sql.catalyst.ExtendedAnalysisException: [TABLE_OR_VIEW_NOT_FOUND] The table or view `workspace`.`bronze_bronze`.`stg_users` cannot be found. Verify the spelling and correctness of the schema and catalog.
If you did not qualify the name with a schema, verify the current_schema() output, or qualify the name with the correct schema and catalog.
To tolerate the error on drop use DROP VIEW IF EXISTS or DROP TABLE IF EXISTS. SQLSTATE: 42P01; line 22 pos 5
	at org.apache.spark.sql.hive.thriftserver.HiveThriftServerErrors$.runningQueryError(HiveThriftServerErrors.scala:49)
	at org.apache.spark.sql.hive.thriftserver.SparkExecuteStatementOperation.$anonfun$execute$1(SparkExecuteStatementOperation.scala:1040)
	at scala.runtime.java8.JFunction0$mcV$sp.apply(JFunction0$mcV$sp.scala:18)
	at com.databricks.unity.UCSEphemeralState$Handle.runWith(UCSEphemeralState.scala:51)
	at com.databricks.unity.HandleImpl.runWith(UCSHandle.scala:104)
	at org.apache.spark.sql.hive.thriftserver.SparkExecuteStatementOperation.org$apache$spark$sql$hive$thriftserver$SparkExecuteStatementOperation$$execute(SparkExecuteStatementOperation.scala:778)
	at org.apache.spark.sql.hive.thriftserver.SparkExecuteStatementOperation$$anon$2$$anon$3.$anonfun$run$5(SparkExecuteStatementOperation.scala:569)
	at scala.runtime.java8.JFunction0$mcV$sp.apply(JFunction0$mcV$sp.scala:18)
	at org.apache.spark.sql.execution.SQLExecution$.withRootExecution(SQLExecution.scala:853)
	at org.apache.spark.sql.hive.thriftserver.SparkExecuteStatementOperation$$anon$2$$anon$3.$anonfun$run$2(SparkExecuteStatementOperation.scala:569)
	at scala.runtime.java8.JFunction0$mcV$sp.apply(JFunction0$mcV$sp.scala:18)
	at com.databricks.logging.AttributionContextTracing.$anonfun$withAttributionContext$1(AttributionContextTracing.scala:49)
	at com.databricks.logging.AttributionContext$.$anonfun$withValue$1(AttributionContext.scala:328)
	at scala.util.DynamicVariable.withValue(DynamicVariable.scala:59)
	at com.databricks.logging.AttributionContext$.withValue(AttributionContext.scala:324)
	at com.databricks.logging.AttributionContextTracing.withAttributionContext(AttributionContextTracing.scala:47)
	at com.databricks.logging.AttributionContextTracing.withAttributionContext$(AttributionContextTracing.scala:44)
	at com.databricks.spark.util.DatabricksTracingHelper.withAttributionContext(DatabricksSparkTracingHelper.scala:65)
	at com.databricks.spark.util.DatabricksTracingHelper.withSpanFromRequest(DatabricksSparkTracingHelper.scala:92)
	at com.databricks.spark.util.DBRTracing$.withSpanFromRequest(DBRTracing.scala:43)
	at org.apache.spark.sql.hive.thriftserver.ThriftLocalProperties.$anonfun$withLocalProperties$15(ThriftLocalProperties.scala:238)
	at com.databricks.logging.AttributionContextTracing.$anonfun$withAttributionContext$1(AttributionContextTracing.scala:49)
	at com.databricks.logging.AttributionContext$.$anonfun$withValue$1(AttributionContext.scala:328)
	at scala.util.DynamicVariable.withValue(DynamicVariable.scala:59)
	at com.databricks.logging.AttributionContext$.withValue(AttributionContext.scala:324)
	at com.databricks.logging.AttributionContextTracing.withAttributionContext(AttributionContextTracing.scala:47)
	at com.databricks.logging.AttributionContextTracing.withAttributionContext$(AttributionContextTracing.scala:44)
	at com.databricks.spark.util.PublicDBLogging.withAttributionContext(DatabricksSparkUsageLogger.scala:30)
	at com.databricks.logging.AttributionContextTracing.withAttributionTags(AttributionContextTracing.scala:96)
	at com.databricks.logging.AttributionContextTracing.withAttributionTags$(AttributionContextTracing.scala:77)
	at com.databricks.spark.util.PublicDBLogging.withAttributionTags(DatabricksSparkUsageLogger.scala:30)
	at com.databricks.spark.util.PublicDBLogging.withAttributionTags0(DatabricksSparkUsageLogger.scala:124)
	at com.databricks.spark.util.DatabricksSparkUsageLogger.withAttributionTags(DatabricksSparkUsageLogger.scala:232)
	at com.databricks.spark.util.UsageLogging.$anonfun$withAttributionTags$1(UsageLogger.scala:668)
	at com.databricks.spark.util.UsageLogging$.withAttributionTags(UsageLogger.scala:780)
	at com.databricks.spark.util.UsageLogging$.withAttributionTags(UsageLogger.scala:789)
	at com.databricks.spark.util.UsageLogging.withAttributionTags(UsageLogger.scala:668)
	at com.databricks.spark.util.UsageLogging.withAttributionTags$(UsageLogger.scala:666)
	at org.apache.spark.sql.hive.thriftserver.SparkExecuteStatementOperation.withAttributionTags(SparkExecuteStatementOperation.scala:76)
	at org.apache.spark.sql.hive.thriftserver.ThriftLocalProperties.$anonfun$withLocalProperties$12(ThriftLocalProperties.scala:233)
	at com.databricks.spark.util.IdentityClaim$.withClaim(IdentityClaim.scala:48)
	at org.apache.spark.sql.hive.thriftserver.ThriftLocalProperties.withLocalProperties(ThriftLocalProperties.scala:229)
	at org.apache.spark.sql.hive.thriftserver.ThriftLocalProperties.withLocalProperties$(ThriftLocalProperties.scala:89)
	at org.apache.spark.sql.hive.thriftserver.SparkExecuteStatementOperation.withLocalProperties(SparkExecuteStatementOperation.scala:76)
	at org.apache.spark.sql.hive.thriftserver.SparkExecuteStatementOperation$$anon$2$$anon$3.run(SparkExecuteStatementOperation.scala:546)
	at org.apache.spark.sql.hive.thriftserver.SparkExecuteStatementOperation$$anon$2$$anon$3.run(SparkExecuteStatementOperation.scala:532)
	at java.base/java.security.AccessController.doPrivileged(AccessController.java:712)
	at java.base/javax.security.auth.Subject.doAs(Subject.java:439)
	at org.apache.hadoop.security.UserGroupInformation.doAs(UserGroupInformation.java:1953)
	at org.apache.spark.sql.hive.thriftserver.SparkExecuteStatementOperation$$anon$2.run(SparkExecuteStatementOperation.scala:582)
	at java.base/java.util.concurrent.Executors$RunnableAdapter.call(Executors.java:539)
	at java.base/java.util.concurrent.FutureTask.run(FutureTask.java:264)
	at java.base/java.util.concurrent.ThreadPoolExecutor.runWorker(ThreadPoolExecutor.java:1136)
	at java.base/java.util.concurrent.ThreadPoolExecutor$Worker.run(ThreadPoolExecutor.java:635)
	at java.base/java.lang.Thread.run(Thread.java:840)
Caused by: org.apache.spark.sql.catalyst.ExtendedAnalysisException: [TABLE_OR_VIEW_NOT_FOUND] The table or view `workspace`.`bronze_bronze`.`stg_users` cannot be found. Verify the spelling and correctness of the schema and catalog.
If you did not qualify the name with a schema, verify the current_schema() output, or qualify the name with the correct schema and catalog.
To tolerate the error on drop use DROP VIEW IF EXISTS or DROP TABLE IF EXISTS. SQLSTATE: 42P01; line 22 pos 5
	at org.apache.spark.sql.catalyst.ExtendedAnalysisException.copyPlan(ExtendedAnalysisException.scala:96)
	at org.apache.spark.sql.hive.thriftserver.SparkExecuteStatementOperation.$anonfun$execute$1(SparkExecuteStatementOperation.scala:1001)
	... 53 more
, operation-id=01f0c31c-51e7-1b7f-a2b0-24a8a0a8dd8d
[0m18:44:45.181938 [debug] [Thread-3 (]: On snapshot.databricks_warehouse.kyc_users: Close
[0m18:44:45.182913 [debug] [Thread-3 (]: Databricks adapter: Connection(session-id=01f0c31c-51e2-14d1-bb3a-b79837762720) - Closing
[0m18:44:45.235425 [debug] [Thread-3 (]: Database Error in snapshot kyc_users (snapshots/kyc_users.sql)
  [TABLE_OR_VIEW_NOT_FOUND] The table or view `workspace`.`bronze_bronze`.`stg_users` cannot be found. Verify the spelling and correctness of the schema and catalog.
  If you did not qualify the name with a schema, verify the current_schema() output, or qualify the name with the correct schema and catalog.
  To tolerate the error on drop use DROP VIEW IF EXISTS or DROP TABLE IF EXISTS. SQLSTATE: 42P01; line 22 pos 5
[0m18:44:45.238212 [debug] [Thread-3 (]: Sending event: {'category': 'dbt', 'action': 'run_model', 'label': 'fb970e90-27c2-4930-94ad-3c5d53e16d7f', 'context': [<snowplow_tracker.self_describing_json.SelfDescribingJson object at 0xff9eaa9f2540>]}
[0m18:44:45.239665 [error] [Thread-3 (]: 1 of 1 ERROR snapshotting silver.kyc_users ..................................... [[31mERROR[0m in 0.59s]
[0m18:44:45.241073 [debug] [Thread-3 (]: Finished running node snapshot.databricks_warehouse.kyc_users
[0m18:44:45.242138 [debug] [Thread-9 (]: Marking all children of 'snapshot.databricks_warehouse.kyc_users' to be skipped because of status 'error'.  Reason: Database Error in snapshot kyc_users (snapshots/kyc_users.sql)
  [TABLE_OR_VIEW_NOT_FOUND] The table or view `workspace`.`bronze_bronze`.`stg_users` cannot be found. Verify the spelling and correctness of the schema and catalog.
  If you did not qualify the name with a schema, verify the current_schema() output, or qualify the name with the correct schema and catalog.
  To tolerate the error on drop use DROP VIEW IF EXISTS or DROP TABLE IF EXISTS. SQLSTATE: 42P01; line 22 pos 5.
[0m18:44:45.244478 [debug] [MainThread]: Databricks adapter: DatabricksDBTConnection(session-id=None, name=master) - Creating connection
[0m18:44:45.245409 [debug] [MainThread]: Acquiring new databricks connection 'master'
[0m18:44:45.246348 [info ] [MainThread]: 
[0m18:44:45.247260 [info ] [MainThread]: Finished running 1 snapshot in 0 hours 0 minutes and 2.62 seconds (2.62s).
[0m18:44:45.248482 [debug] [MainThread]: Command end result
[0m18:44:45.377154 [debug] [MainThread]: Wrote artifact WritableManifest to /Workspace/Repos/minhthy/dbt_project/target/manifest.json
[0m18:44:45.380181 [debug] [MainThread]: Wrote artifact SemanticManifest to /Workspace/Repos/minhthy/dbt_project/target/semantic_manifest.json
[0m18:44:45.386910 [debug] [MainThread]: Wrote artifact RunExecutionResult to /Workspace/Repos/minhthy/dbt_project/target/run_results.json
[0m18:44:45.387665 [info ] [MainThread]: 
[0m18:44:45.388784 [info ] [MainThread]: [31mCompleted with 1 error, 0 partial successes, and 0 warnings:[0m
[0m18:44:45.389774 [info ] [MainThread]: 
[0m18:44:45.390799 [error] [MainThread]: [31mFailure in snapshot kyc_users (snapshots/kyc_users.sql)[0m
[0m18:44:45.391740 [error] [MainThread]:   Database Error in snapshot kyc_users (snapshots/kyc_users.sql)
  [TABLE_OR_VIEW_NOT_FOUND] The table or view `workspace`.`bronze_bronze`.`stg_users` cannot be found. Verify the spelling and correctness of the schema and catalog.
  If you did not qualify the name with a schema, verify the current_schema() output, or qualify the name with the correct schema and catalog.
  To tolerate the error on drop use DROP VIEW IF EXISTS or DROP TABLE IF EXISTS. SQLSTATE: 42P01; line 22 pos 5
[0m18:44:45.392874 [info ] [MainThread]: 
[0m18:44:45.394175 [info ] [MainThread]: Done. PASS=0 WARN=0 ERROR=1 SKIP=0 NO-OP=0 TOTAL=1
[0m18:44:45.396080 [debug] [MainThread]: Resource report: {"command_name": "snapshot", "command_success": false, "command_wall_clock_time": 4.883012, "process_in_blocks": "0", "process_kernel_time": 0.479184, "process_mem_max_rss": "243944", "process_out_blocks": "0", "process_user_time": 4.712644}
[0m18:44:45.397216 [debug] [MainThread]: Command `dbt snapshot` failed at 18:44:45.397089 after 4.88 seconds
[0m18:44:45.398171 [debug] [MainThread]: Sending event: {'category': 'dbt', 'action': 'invocation', 'label': 'end', 'context': [<snowplow_tracker.self_describing_json.SelfDescribingJson object at 0xff9ebec9e240>, <snowplow_tracker.self_describing_json.SelfDescribingJson object at 0xff9eaa55af60>, <snowplow_tracker.self_describing_json.SelfDescribingJson object at 0xff9eaa55acc0>]}
[0m18:44:45.399335 [debug] [MainThread]: Flushing usage events
[0m18:44:45.456889 [debug] [MainThread]: An error was encountered while trying to flush usage events
[0m18:44:47.433541 [debug] [MainThread]: Sending event: {'category': 'dbt', 'action': 'invocation', 'label': 'start', 'context': [<snowplow_tracker.self_describing_json.SelfDescribingJson object at 0xff65f50c4b30>, <snowplow_tracker.self_describing_json.SelfDescribingJson object at 0xff65f5b91ac0>, <snowplow_tracker.self_describing_json.SelfDescribingJson object at 0xff65f5b93740>]}


============================== 18:44:47.437484 | bc061d5a-7215-4fcc-8386-38d83d598264 ==============================
[0m18:44:47.437484 [info ] [MainThread]: Running with dbt=1.10.15
[0m18:44:47.439267 [debug] [MainThread]: running dbt with arguments {'write_json': 'True', 'use_colors': 'True', 'profiles_dir': '/Workspace/Users/minhthy1016@gmail.com/.dbt', 'warn_error': 'None', 'log_cache_events': 'False', 'indirect_selection': 'eager', 'static_parser': 'True', 'quiet': 'False', 'empty': 'None', 'debug': 'False', 'send_anonymous_usage_stats': 'True', 'use_experimental_parser': 'False', 'no_print': 'None', 'log_path': '/Workspace/Repos/minhthy/dbt_project/logs', 'target_path': 'None', 'version_check': 'True', 'warn_error_options': 'WarnErrorOptionsV2(error=[], warn=[], silence=[])', 'fail_fast': 'False', 'log_format': 'default', 'partial_parse': 'True', 'cache_selected_only': 'False', 'printer_width': '80', 'invocation_command': 'dbt test', 'introspect': 'True'}
[0m18:44:48.225708 [debug] [MainThread]: Spark adapter: Setting pyhive.hive logging to ERROR
[0m18:44:48.226789 [debug] [MainThread]: Spark adapter: Setting thrift.transport logging to ERROR
[0m18:44:48.227707 [debug] [MainThread]: Spark adapter: Setting thrift.protocol logging to ERROR
[0m18:44:48.937193 [debug] [MainThread]: Sending event: {'category': 'dbt', 'action': 'project_id', 'label': 'bc061d5a-7215-4fcc-8386-38d83d598264', 'context': [<snowplow_tracker.self_describing_json.SelfDescribingJson object at 0xff65f2d48b30>]}
[0m18:44:49.000401 [debug] [MainThread]: Sending event: {'category': 'dbt', 'action': 'adapter_info', 'label': 'bc061d5a-7215-4fcc-8386-38d83d598264', 'context': [<snowplow_tracker.self_describing_json.SelfDescribingJson object at 0xff65e2c1bf80>]}
[0m18:44:49.001825 [info ] [MainThread]: Registered adapter: databricks=1.11.0
[0m18:44:49.177513 [debug] [MainThread]: checksum: 14a228079bd6df63ba81633f9a3cf44ecfaa31056ac397c602753ec895dbf885, vars: {}, profile: , target: , version: 1.10.15
[0m18:44:49.320387 [debug] [MainThread]: Partial parsing enabled: 0 files deleted, 0 files added, 0 files changed.
[0m18:44:49.321487 [debug] [MainThread]: Partial parsing enabled, no changes found, skipping parsing
[0m18:44:49.329654 [warn ] [MainThread]: [[33mWARNING[0m]: Configuration paths exist in your dbt_project.yml file which do not apply to any resources.
There are 1 unused configuration paths:
- seeds
[0m18:44:49.379320 [debug] [MainThread]: Sending event: {'category': 'dbt', 'action': 'load_project', 'label': 'bc061d5a-7215-4fcc-8386-38d83d598264', 'context': [<snowplow_tracker.self_describing_json.SelfDescribingJson object at 0xff65f696ce30>]}
[0m18:44:49.491278 [debug] [MainThread]: Wrote artifact WritableManifest to /Workspace/Repos/minhthy/dbt_project/target/manifest.json
[0m18:44:49.494605 [debug] [MainThread]: Wrote artifact SemanticManifest to /Workspace/Repos/minhthy/dbt_project/target/semantic_manifest.json
[0m18:44:49.515160 [debug] [MainThread]: Sending event: {'category': 'dbt', 'action': 'resource_counts', 'label': 'bc061d5a-7215-4fcc-8386-38d83d598264', 'context': [<snowplow_tracker.self_describing_json.SelfDescribingJson object at 0xff65e1e90ce0>]}
[0m18:44:49.516206 [info ] [MainThread]: Found 8 models, 1 snapshot, 6 data tests, 3 sources, 709 macros
[0m18:44:49.517143 [debug] [MainThread]: Sending event: {'category': 'dbt', 'action': 'runnable_timing', 'label': 'bc061d5a-7215-4fcc-8386-38d83d598264', 'context': [<snowplow_tracker.self_describing_json.SelfDescribingJson object at 0xff65e22dacc0>]}
[0m18:44:49.519747 [info ] [MainThread]: 
[0m18:44:49.520614 [info ] [MainThread]: Concurrency: 4 threads (target='dev')
[0m18:44:49.521716 [info ] [MainThread]: 
[0m18:44:49.522891 [debug] [MainThread]: Databricks adapter: DatabricksDBTConnection(session-id=None, name=master) - Creating connection
[0m18:44:49.523688 [debug] [MainThread]: Acquiring new databricks connection 'master'
[0m18:44:49.531003 [debug] [ThreadPool]: Databricks adapter: DatabricksDBTConnection(session-id=None, name=list_workspace_bronze_bronze) - Creating connection
[0m18:44:49.531827 [debug] [ThreadPool]: Databricks adapter: DatabricksDBTConnection(session-id=None, name=list_workspace_bronze_gold) - Creating connection
[0m18:44:49.532778 [debug] [ThreadPool]: Databricks adapter: DatabricksDBTConnection(session-id=None, name=list_workspace_silver) - Creating connection
[0m18:44:49.533568 [debug] [ThreadPool]: Databricks adapter: DatabricksDBTConnection(session-id=None, name=list_workspace_bronze_silver) - Creating connection
[0m18:44:49.534143 [debug] [ThreadPool]: Acquiring new databricks connection 'list_workspace_bronze_bronze'
[0m18:44:49.534966 [debug] [ThreadPool]: Acquiring new databricks connection 'list_workspace_bronze_gold'
[0m18:44:49.535801 [debug] [ThreadPool]: Acquiring new databricks connection 'list_workspace_silver'
[0m18:44:49.536587 [debug] [ThreadPool]: Acquiring new databricks connection 'list_workspace_bronze_silver'
[0m18:44:49.550078 [debug] [ThreadPool]: Using databricks connection "list_workspace_bronze_bronze"
[0m18:44:49.552474 [debug] [ThreadPool]: Using databricks connection "list_workspace_bronze_gold"
[0m18:44:49.555753 [debug] [ThreadPool]: Using databricks connection "list_workspace_silver"
[0m18:44:49.560038 [debug] [ThreadPool]: Using databricks connection "list_workspace_bronze_silver"
[0m18:44:49.563734 [debug] [ThreadPool]: On list_workspace_bronze_silver: /* {"app": "dbt", "dbt_version": "1.10.15", "dbt_databricks_version": "1.11.0", "databricks_sql_connector_version": "4.1.3", "profile_name": "databricks_dwh", "target_name": "dev", "connection_name": "list_workspace_bronze_silver"} */

    
SELECT
  table_name,
  if(table_type IN ('EXTERNAL', 'MANAGED', 'MANAGED_SHALLOW_CLONE', 'EXTERNAL_SHALLOW_CLONE'), 'table', lower(table_type)) AS table_type,
  lower(data_source_format) AS file_format,
  table_owner,
  if(
    table_type IN (
      'EXTERNAL',
      'MANAGED',
      'MANAGED_SHALLOW_CLONE',
      'EXTERNAL_SHALLOW_CLONE'
    ),
    lower(table_type),
    NULL
  ) AS databricks_table_type
FROM `system`.`information_schema`.`tables`
WHERE table_catalog = 'workspace' 
  AND table_schema = 'bronze_silver'

  
[0m18:44:49.562021 [debug] [ThreadPool]: On list_workspace_bronze_gold: /* {"app": "dbt", "dbt_version": "1.10.15", "dbt_databricks_version": "1.11.0", "databricks_sql_connector_version": "4.1.3", "profile_name": "databricks_dwh", "target_name": "dev", "connection_name": "list_workspace_bronze_gold"} */

    
SELECT
  table_name,
  if(table_type IN ('EXTERNAL', 'MANAGED', 'MANAGED_SHALLOW_CLONE', 'EXTERNAL_SHALLOW_CLONE'), 'table', lower(table_type)) AS table_type,
  lower(data_source_format) AS file_format,
  table_owner,
  if(
    table_type IN (
      'EXTERNAL',
      'MANAGED',
      'MANAGED_SHALLOW_CLONE',
      'EXTERNAL_SHALLOW_CLONE'
    ),
    lower(table_type),
    NULL
  ) AS databricks_table_type
FROM `system`.`information_schema`.`tables`
WHERE table_catalog = 'workspace' 
  AND table_schema = 'bronze_gold'

  
[0m18:44:49.571252 [debug] [ThreadPool]: Opening a new connection, currently in state init
[0m18:44:49.561034 [debug] [ThreadPool]: On list_workspace_bronze_bronze: /* {"app": "dbt", "dbt_version": "1.10.15", "dbt_databricks_version": "1.11.0", "databricks_sql_connector_version": "4.1.3", "profile_name": "databricks_dwh", "target_name": "dev", "connection_name": "list_workspace_bronze_bronze"} */

    
SELECT
  table_name,
  if(table_type IN ('EXTERNAL', 'MANAGED', 'MANAGED_SHALLOW_CLONE', 'EXTERNAL_SHALLOW_CLONE'), 'table', lower(table_type)) AS table_type,
  lower(data_source_format) AS file_format,
  table_owner,
  if(
    table_type IN (
      'EXTERNAL',
      'MANAGED',
      'MANAGED_SHALLOW_CLONE',
      'EXTERNAL_SHALLOW_CLONE'
    ),
    lower(table_type),
    NULL
  ) AS databricks_table_type
FROM `system`.`information_schema`.`tables`
WHERE table_catalog = 'workspace' 
  AND table_schema = 'bronze_bronze'

  
[0m18:44:49.567920 [debug] [ThreadPool]: Opening a new connection, currently in state init
[0m18:44:49.562914 [debug] [ThreadPool]: On list_workspace_silver: /* {"app": "dbt", "dbt_version": "1.10.15", "dbt_databricks_version": "1.11.0", "databricks_sql_connector_version": "4.1.3", "profile_name": "databricks_dwh", "target_name": "dev", "connection_name": "list_workspace_silver"} */

    
SELECT
  table_name,
  if(table_type IN ('EXTERNAL', 'MANAGED', 'MANAGED_SHALLOW_CLONE', 'EXTERNAL_SHALLOW_CLONE'), 'table', lower(table_type)) AS table_type,
  lower(data_source_format) AS file_format,
  table_owner,
  if(
    table_type IN (
      'EXTERNAL',
      'MANAGED',
      'MANAGED_SHALLOW_CLONE',
      'EXTERNAL_SHALLOW_CLONE'
    ),
    lower(table_type),
    NULL
  ) AS databricks_table_type
FROM `system`.`information_schema`.`tables`
WHERE table_catalog = 'workspace' 
  AND table_schema = 'silver'

  
[0m18:44:49.572663 [debug] [ThreadPool]: Opening a new connection, currently in state init
[0m18:44:49.577017 [debug] [ThreadPool]: Opening a new connection, currently in state init
[0m18:44:49.999160 [debug] [ThreadPool]: Databricks adapter: Connection(session-id=01f0c31c-54ed-1515-acf8-0cd1831d5078) - Created
[0m18:44:50.015756 [debug] [ThreadPool]: Databricks adapter: Connection(session-id=01f0c31c-54ef-1261-a845-923b312b3c51) - Created
[0m18:44:50.019973 [debug] [ThreadPool]: Databricks adapter: Connection(session-id=01f0c31c-54ef-1fcc-97c7-acf7c8bb2d59) - Created
[0m18:44:50.030300 [debug] [ThreadPool]: Databricks adapter: Connection(session-id=01f0c31c-54f2-10b9-b1d2-f30fe8f05a91) - Created
[0m18:44:50.436991 [debug] [ThreadPool]: SQL status: OK in 0.860 seconds
[0m18:44:50.442522 [debug] [ThreadPool]: Databricks adapter: Cursor(session-id=01f0c31c-54ed-1515-acf8-0cd1831d5078, command-id=01f0c31c-54f1-1ad6-b9c2-acf5d6c2b5fa) - Closing
[0m18:44:50.443826 [debug] [ThreadPool]: On list_workspace_bronze_bronze: Close
[0m18:44:50.444705 [debug] [ThreadPool]: Databricks adapter: Connection(session-id=01f0c31c-54ed-1515-acf8-0cd1831d5078) - Closing
[0m18:44:50.548831 [debug] [ThreadPool]: SQL status: OK in 0.980 seconds
[0m18:44:50.551930 [debug] [ThreadPool]: Databricks adapter: Cursor(session-id=01f0c31c-54ef-1261-a845-923b312b3c51, command-id=01f0c31c-54f4-178c-948c-520cde578bf7) - Closing
[0m18:44:50.553109 [debug] [ThreadPool]: On list_workspace_bronze_gold: Close
[0m18:44:50.553991 [debug] [ThreadPool]: Databricks adapter: Connection(session-id=01f0c31c-54ef-1261-a845-923b312b3c51) - Closing
[0m18:44:50.633434 [debug] [ThreadPool]: SQL status: OK in 1.060 seconds
[0m18:44:50.636717 [debug] [ThreadPool]: Databricks adapter: Cursor(session-id=01f0c31c-54ef-1fcc-97c7-acf7c8bb2d59, command-id=01f0c31c-54f5-10a3-91a9-258022452924) - Closing
[0m18:44:50.645556 [debug] [ThreadPool]: On list_workspace_silver: Close
[0m18:44:50.646575 [debug] [ThreadPool]: Databricks adapter: Connection(session-id=01f0c31c-54ef-1fcc-97c7-acf7c8bb2d59) - Closing
[0m18:44:50.655187 [debug] [ThreadPool]: SQL status: OK in 1.090 seconds
[0m18:44:50.659189 [debug] [ThreadPool]: Databricks adapter: Cursor(session-id=01f0c31c-54f2-10b9-b1d2-f30fe8f05a91, command-id=01f0c31c-54f6-1bd7-a5e4-19d57e8c64ad) - Closing
[0m18:44:50.694137 [debug] [ThreadPool]: On list_workspace_bronze_silver: Close
[0m18:44:50.695508 [debug] [ThreadPool]: Databricks adapter: Connection(session-id=01f0c31c-54f2-10b9-b1d2-f30fe8f05a91) - Closing
[0m18:44:50.756704 [debug] [MainThread]: Sending event: {'category': 'dbt', 'action': 'runnable_timing', 'label': 'bc061d5a-7215-4fcc-8386-38d83d598264', 'context': [<snowplow_tracker.self_describing_json.SelfDescribingJson object at 0xff65f2d4bfe0>]}
[0m18:44:50.760655 [debug] [Thread-2 (]: Began running node test.databricks_warehouse.not_null_fact_transactions_transaction_id.e79bae8750
[0m18:44:50.761310 [debug] [Thread-3 (]: Began running node test.databricks_warehouse.not_null_stg_transactions_symbol.acdb122538
[0m18:44:50.762141 [debug] [Thread-4 (]: Began running node test.databricks_warehouse.not_null_stg_users_user_id.980dfc1b77
[0m18:44:50.763012 [debug] [Thread-5 (]: Began running node test.databricks_warehouse.unique_agg_transactions_daily_user_id.86c030a04a
[0m18:44:50.763815 [info ] [Thread-2 (]: 1 of 6 START test not_null_fact_transactions_transaction_id .................... [RUN]
[0m18:44:50.764759 [info ] [Thread-3 (]: 2 of 6 START test not_null_stg_transactions_symbol ............................. [RUN]
[0m18:44:50.766037 [info ] [Thread-4 (]: 3 of 6 START test not_null_stg_users_user_id ................................... [RUN]
[0m18:44:50.766850 [info ] [Thread-5 (]: 4 of 6 START test unique_agg_transactions_daily_user_id ........................ [RUN]
[0m18:44:50.768137 [debug] [Thread-2 (]: Databricks adapter: DatabricksDBTConnection(session-id=None, name=test.databricks_warehouse.not_null_fact_transactions_transaction_id.e79bae8750) - Creating connection
[0m18:44:50.769230 [debug] [Thread-3 (]: Databricks adapter: DatabricksDBTConnection(session-id=None, name=test.databricks_warehouse.not_null_stg_transactions_symbol.acdb122538) - Creating connection
[0m18:44:50.770292 [debug] [Thread-4 (]: Databricks adapter: DatabricksDBTConnection(session-id=None, name=test.databricks_warehouse.not_null_stg_users_user_id.980dfc1b77) - Creating connection
[0m18:44:50.771238 [debug] [Thread-5 (]: Databricks adapter: DatabricksDBTConnection(session-id=None, name=test.databricks_warehouse.unique_agg_transactions_daily_user_id.86c030a04a) - Creating connection
[0m18:44:50.772246 [debug] [Thread-2 (]: Acquiring new databricks connection 'test.databricks_warehouse.not_null_fact_transactions_transaction_id.e79bae8750'
[0m18:44:50.773112 [debug] [Thread-3 (]: Acquiring new databricks connection 'test.databricks_warehouse.not_null_stg_transactions_symbol.acdb122538'
[0m18:44:50.773916 [debug] [Thread-4 (]: Acquiring new databricks connection 'test.databricks_warehouse.not_null_stg_users_user_id.980dfc1b77'
[0m18:44:50.774737 [debug] [Thread-5 (]: Acquiring new databricks connection 'test.databricks_warehouse.unique_agg_transactions_daily_user_id.86c030a04a'
[0m18:44:50.775549 [debug] [Thread-2 (]: Began compiling node test.databricks_warehouse.not_null_fact_transactions_transaction_id.e79bae8750
[0m18:44:50.776240 [debug] [Thread-3 (]: Began compiling node test.databricks_warehouse.not_null_stg_transactions_symbol.acdb122538
[0m18:44:50.777099 [debug] [Thread-4 (]: Began compiling node test.databricks_warehouse.not_null_stg_users_user_id.980dfc1b77
[0m18:44:50.777853 [debug] [Thread-5 (]: Began compiling node test.databricks_warehouse.unique_agg_transactions_daily_user_id.86c030a04a
[0m18:44:50.795602 [debug] [Thread-2 (]: Writing injected SQL for node "test.databricks_warehouse.not_null_fact_transactions_transaction_id.e79bae8750"
[0m18:44:50.800800 [debug] [Thread-3 (]: Writing injected SQL for node "test.databricks_warehouse.not_null_stg_transactions_symbol.acdb122538"
[0m18:44:50.806247 [debug] [Thread-4 (]: Writing injected SQL for node "test.databricks_warehouse.not_null_stg_users_user_id.980dfc1b77"
[0m18:44:50.813842 [debug] [Thread-5 (]: Writing injected SQL for node "test.databricks_warehouse.unique_agg_transactions_daily_user_id.86c030a04a"
[0m18:44:51.196076 [debug] [Thread-5 (]: Began executing node test.databricks_warehouse.unique_agg_transactions_daily_user_id.86c030a04a
[0m18:44:51.206435 [debug] [Thread-2 (]: Began executing node test.databricks_warehouse.not_null_fact_transactions_transaction_id.e79bae8750
[0m18:44:51.217503 [debug] [Thread-3 (]: Began executing node test.databricks_warehouse.not_null_stg_transactions_symbol.acdb122538
[0m18:44:51.221984 [debug] [Thread-5 (]: Writing runtime sql for node "test.databricks_warehouse.unique_agg_transactions_daily_user_id.86c030a04a"
[0m18:44:51.225560 [debug] [Thread-2 (]: Writing runtime sql for node "test.databricks_warehouse.not_null_fact_transactions_transaction_id.e79bae8750"
[0m18:44:51.226151 [debug] [Thread-4 (]: Began executing node test.databricks_warehouse.not_null_stg_users_user_id.980dfc1b77
[0m18:44:51.323143 [debug] [Thread-3 (]: Writing runtime sql for node "test.databricks_warehouse.not_null_stg_transactions_symbol.acdb122538"
[0m18:44:51.327058 [debug] [Thread-4 (]: Writing runtime sql for node "test.databricks_warehouse.not_null_stg_users_user_id.980dfc1b77"
[0m18:44:51.484635 [debug] [Thread-5 (]: Using databricks connection "test.databricks_warehouse.unique_agg_transactions_daily_user_id.86c030a04a"
[0m18:44:51.486899 [debug] [Thread-3 (]: Using databricks connection "test.databricks_warehouse.not_null_stg_transactions_symbol.acdb122538"
[0m18:44:51.487587 [debug] [Thread-4 (]: Using databricks connection "test.databricks_warehouse.not_null_stg_users_user_id.980dfc1b77"
[0m18:44:51.488109 [debug] [Thread-2 (]: Using databricks connection "test.databricks_warehouse.not_null_fact_transactions_transaction_id.e79bae8750"
[0m18:44:51.488695 [debug] [Thread-5 (]: On test.databricks_warehouse.unique_agg_transactions_daily_user_id.86c030a04a: /* {"app": "dbt", "dbt_version": "1.10.15", "dbt_databricks_version": "1.11.0", "databricks_sql_connector_version": "4.1.3", "profile_name": "databricks_dwh", "target_name": "dev", "node_id": "test.databricks_warehouse.unique_agg_transactions_daily_user_id.86c030a04a"} */

    select
      count(*) as failures,
      count(*) != 0 as should_warn,
      count(*) != 0 as should_error
    from (
      
    
  
    
    

select
    user_id as unique_field,
    count(*) as n_records

from workspace.bronze_gold.agg_transactions_daily
where user_id is not null
group by user_id
having count(*) > 1



  
  
      
    ) dbt_internal_test
[0m18:44:51.489610 [debug] [Thread-3 (]: On test.databricks_warehouse.not_null_stg_transactions_symbol.acdb122538: /* {"app": "dbt", "dbt_version": "1.10.15", "dbt_databricks_version": "1.11.0", "databricks_sql_connector_version": "4.1.3", "profile_name": "databricks_dwh", "target_name": "dev", "node_id": "test.databricks_warehouse.not_null_stg_transactions_symbol.acdb122538"} */

    select
      count(*) as failures,
      count(*) != 0 as should_warn,
      count(*) != 0 as should_error
    from (
      
    
  
    
    



select symbol
from workspace.bronze_bronze.stg_transactions
where symbol is null



  
  
      
    ) dbt_internal_test
[0m18:44:51.490457 [debug] [Thread-4 (]: On test.databricks_warehouse.not_null_stg_users_user_id.980dfc1b77: /* {"app": "dbt", "dbt_version": "1.10.15", "dbt_databricks_version": "1.11.0", "databricks_sql_connector_version": "4.1.3", "profile_name": "databricks_dwh", "target_name": "dev", "node_id": "test.databricks_warehouse.not_null_stg_users_user_id.980dfc1b77"} */

    select
      count(*) as failures,
      count(*) != 0 as should_warn,
      count(*) != 0 as should_error
    from (
      
    
  
    
    



select user_id
from workspace.bronze_bronze.stg_users
where user_id is null



  
  
      
    ) dbt_internal_test
[0m18:44:51.491213 [debug] [Thread-2 (]: On test.databricks_warehouse.not_null_fact_transactions_transaction_id.e79bae8750: /* {"app": "dbt", "dbt_version": "1.10.15", "dbt_databricks_version": "1.11.0", "databricks_sql_connector_version": "4.1.3", "profile_name": "databricks_dwh", "target_name": "dev", "node_id": "test.databricks_warehouse.not_null_fact_transactions_transaction_id.e79bae8750"} */

    select
      count(*) as failures,
      count(*) != 0 as should_warn,
      count(*) != 0 as should_error
    from (
      
    
  
    
    



select transaction_id
from workspace.bronze_gold.fact_transactions
where transaction_id is null



  
  
      
    ) dbt_internal_test
[0m18:44:51.492102 [debug] [Thread-5 (]: Opening a new connection, currently in state init
[0m18:44:51.493170 [debug] [Thread-3 (]: Opening a new connection, currently in state init
[0m18:44:51.493994 [debug] [Thread-4 (]: Opening a new connection, currently in state init
[0m18:44:51.494791 [debug] [Thread-2 (]: Opening a new connection, currently in state init
[0m18:44:51.849054 [debug] [Thread-5 (]: Databricks adapter: Connection(session-id=01f0c31c-55ff-1dfd-9789-451cecc4705d) - Created
[0m18:44:51.886539 [debug] [Thread-3 (]: Databricks adapter: Connection(session-id=01f0c31c-560c-1f84-b474-aa1f4741a0ac) - Created
[0m18:44:51.897874 [debug] [Thread-4 (]: Databricks adapter: Connection(session-id=01f0c31c-560e-118d-b4b7-b92f97732d6b) - Created
[0m18:44:51.920229 [debug] [Thread-2 (]: Databricks adapter: Connection(session-id=01f0c31c-5611-1b1f-99a7-0819cf0c5fc0) - Created
[0m18:44:52.085017 [debug] [Thread-5 (]: Databricks adapter: Exception while trying to execute query
/* {"app": "dbt", "dbt_version": "1.10.15", "dbt_databricks_version": "1.11.0", "databricks_sql_connector_version": "4.1.3", "profile_name": "databricks_dwh", "target_name": "dev", "node_id": "test.databricks_warehouse.unique_agg_transactions_daily_user_id.86c030a04a"} */

    select
      count(*) as failures,
      count(*) != 0 as should_warn,
      count(*) != 0 as should_error
    from (
      
    
  
    
    

select
    user_id as unique_field,
    count(*) as n_records

from workspace.bronze_gold.agg_transactions_daily
where user_id is not null
group by user_id
having count(*) > 1



  
  
      
    ) dbt_internal_test
: [TABLE_OR_VIEW_NOT_FOUND] The table or view `workspace`.`bronze_gold`.`agg_transactions_daily` cannot be found. Verify the spelling and correctness of the schema and catalog.
If you did not qualify the name with a schema, verify the current_schema() output, or qualify the name with the correct schema and catalog.
To tolerate the error on drop use DROP VIEW IF EXISTS or DROP TABLE IF EXISTS. SQLSTATE: 42P01; line 18 pos 5
Error properties: diagnostic-info=org.apache.hive.service.cli.HiveSQLException: Error running query: [TABLE_OR_VIEW_NOT_FOUND] org.apache.spark.sql.catalyst.ExtendedAnalysisException: [TABLE_OR_VIEW_NOT_FOUND] The table or view `workspace`.`bronze_gold`.`agg_transactions_daily` cannot be found. Verify the spelling and correctness of the schema and catalog.
If you did not qualify the name with a schema, verify the current_schema() output, or qualify the name with the correct schema and catalog.
To tolerate the error on drop use DROP VIEW IF EXISTS or DROP TABLE IF EXISTS. SQLSTATE: 42P01; line 18 pos 5
	at org.apache.spark.sql.hive.thriftserver.HiveThriftServerErrors$.runningQueryError(HiveThriftServerErrors.scala:49)
	at org.apache.spark.sql.hive.thriftserver.SparkExecuteStatementOperation.$anonfun$execute$1(SparkExecuteStatementOperation.scala:1040)
	at scala.runtime.java8.JFunction0$mcV$sp.apply(JFunction0$mcV$sp.scala:18)
	at com.databricks.unity.UCSEphemeralState$Handle.runWith(UCSEphemeralState.scala:51)
	at com.databricks.unity.HandleImpl.runWith(UCSHandle.scala:104)
	at org.apache.spark.sql.hive.thriftserver.SparkExecuteStatementOperation.org$apache$spark$sql$hive$thriftserver$SparkExecuteStatementOperation$$execute(SparkExecuteStatementOperation.scala:778)
	at org.apache.spark.sql.hive.thriftserver.SparkExecuteStatementOperation$$anon$2$$anon$3.$anonfun$run$5(SparkExecuteStatementOperation.scala:569)
	at scala.runtime.java8.JFunction0$mcV$sp.apply(JFunction0$mcV$sp.scala:18)
	at org.apache.spark.sql.execution.SQLExecution$.withRootExecution(SQLExecution.scala:853)
	at org.apache.spark.sql.hive.thriftserver.SparkExecuteStatementOperation$$anon$2$$anon$3.$anonfun$run$2(SparkExecuteStatementOperation.scala:569)
	at scala.runtime.java8.JFunction0$mcV$sp.apply(JFunction0$mcV$sp.scala:18)
	at com.databricks.logging.AttributionContextTracing.$anonfun$withAttributionContext$1(AttributionContextTracing.scala:49)
	at com.databricks.logging.AttributionContext$.$anonfun$withValue$1(AttributionContext.scala:328)
	at scala.util.DynamicVariable.withValue(DynamicVariable.scala:59)
	at com.databricks.logging.AttributionContext$.withValue(AttributionContext.scala:324)
	at com.databricks.logging.AttributionContextTracing.withAttributionContext(AttributionContextTracing.scala:47)
	at com.databricks.logging.AttributionContextTracing.withAttributionContext$(AttributionContextTracing.scala:44)
	at com.databricks.spark.util.DatabricksTracingHelper.withAttributionContext(DatabricksSparkTracingHelper.scala:65)
	at com.databricks.spark.util.DatabricksTracingHelper.withSpanFromRequest(DatabricksSparkTracingHelper.scala:92)
	at com.databricks.spark.util.DBRTracing$.withSpanFromRequest(DBRTracing.scala:43)
	at org.apache.spark.sql.hive.thriftserver.ThriftLocalProperties.$anonfun$withLocalProperties$15(ThriftLocalProperties.scala:238)
	at com.databricks.logging.AttributionContextTracing.$anonfun$withAttributionContext$1(AttributionContextTracing.scala:49)
	at com.databricks.logging.AttributionContext$.$anonfun$withValue$1(AttributionContext.scala:328)
	at scala.util.DynamicVariable.withValue(DynamicVariable.scala:59)
	at com.databricks.logging.AttributionContext$.withValue(AttributionContext.scala:324)
	at com.databricks.logging.AttributionContextTracing.withAttributionContext(AttributionContextTracing.scala:47)
	at com.databricks.logging.AttributionContextTracing.withAttributionContext$(AttributionContextTracing.scala:44)
	at com.databricks.spark.util.PublicDBLogging.withAttributionContext(DatabricksSparkUsageLogger.scala:30)
	at com.databricks.logging.AttributionContextTracing.withAttributionTags(AttributionContextTracing.scala:96)
	at com.databricks.logging.AttributionContextTracing.withAttributionTags$(AttributionContextTracing.scala:77)
	at com.databricks.spark.util.PublicDBLogging.withAttributionTags(DatabricksSparkUsageLogger.scala:30)
	at com.databricks.spark.util.PublicDBLogging.withAttributionTags0(DatabricksSparkUsageLogger.scala:124)
	at com.databricks.spark.util.DatabricksSparkUsageLogger.withAttributionTags(DatabricksSparkUsageLogger.scala:232)
	at com.databricks.spark.util.UsageLogging.$anonfun$withAttributionTags$1(UsageLogger.scala:668)
	at com.databricks.spark.util.UsageLogging$.withAttributionTags(UsageLogger.scala:780)
	at com.databricks.spark.util.UsageLogging$.withAttributionTags(UsageLogger.scala:789)
	at com.databricks.spark.util.UsageLogging.withAttributionTags(UsageLogger.scala:668)
	at com.databricks.spark.util.UsageLogging.withAttributionTags$(UsageLogger.scala:666)
	at org.apache.spark.sql.hive.thriftserver.SparkExecuteStatementOperation.withAttributionTags(SparkExecuteStatementOperation.scala:76)
	at org.apache.spark.sql.hive.thriftserver.ThriftLocalProperties.$anonfun$withLocalProperties$12(ThriftLocalProperties.scala:233)
	at com.databricks.spark.util.IdentityClaim$.withClaim(IdentityClaim.scala:48)
	at org.apache.spark.sql.hive.thriftserver.ThriftLocalProperties.withLocalProperties(ThriftLocalProperties.scala:229)
	at org.apache.spark.sql.hive.thriftserver.ThriftLocalProperties.withLocalProperties$(ThriftLocalProperties.scala:89)
	at org.apache.spark.sql.hive.thriftserver.SparkExecuteStatementOperation.withLocalProperties(SparkExecuteStatementOperation.scala:76)
	at org.apache.spark.sql.hive.thriftserver.SparkExecuteStatementOperation$$anon$2$$anon$3.run(SparkExecuteStatementOperation.scala:546)
	at org.apache.spark.sql.hive.thriftserver.SparkExecuteStatementOperation$$anon$2$$anon$3.run(SparkExecuteStatementOperation.scala:532)
	at java.base/java.security.AccessController.doPrivileged(AccessController.java:712)
	at java.base/javax.security.auth.Subject.doAs(Subject.java:439)
	at org.apache.hadoop.security.UserGroupInformation.doAs(UserGroupInformation.java:1953)
	at org.apache.spark.sql.hive.thriftserver.SparkExecuteStatementOperation$$anon$2.run(SparkExecuteStatementOperation.scala:582)
	at java.base/java.util.concurrent.Executors$RunnableAdapter.call(Executors.java:539)
	at java.base/java.util.concurrent.FutureTask.run(FutureTask.java:264)
	at java.base/java.util.concurrent.ThreadPoolExecutor.runWorker(ThreadPoolExecutor.java:1136)
	at java.base/java.util.concurrent.ThreadPoolExecutor$Worker.run(ThreadPoolExecutor.java:635)
	at java.base/java.lang.Thread.run(Thread.java:840)
Caused by: org.apache.spark.sql.catalyst.ExtendedAnalysisException: [TABLE_OR_VIEW_NOT_FOUND] The table or view `workspace`.`bronze_gold`.`agg_transactions_daily` cannot be found. Verify the spelling and correctness of the schema and catalog.
If you did not qualify the name with a schema, verify the current_schema() output, or qualify the name with the correct schema and catalog.
To tolerate the error on drop use DROP VIEW IF EXISTS or DROP TABLE IF EXISTS. SQLSTATE: 42P01; line 18 pos 5
	at org.apache.spark.sql.catalyst.ExtendedAnalysisException.copyPlan(ExtendedAnalysisException.scala:96)
	at org.apache.spark.sql.hive.thriftserver.SparkExecuteStatementOperation.$anonfun$execute$1(SparkExecuteStatementOperation.scala:1001)
	... 53 more
, operation-id=01f0c31c-560c-1df6-8b7e-944f4ecdfda9
[0m18:44:52.089735 [debug] [Thread-5 (]: On test.databricks_warehouse.unique_agg_transactions_daily_user_id.86c030a04a: Close
[0m18:44:52.090794 [debug] [Thread-5 (]: Databricks adapter: Connection(session-id=01f0c31c-55ff-1dfd-9789-451cecc4705d) - Closing
[0m18:44:52.144698 [debug] [Thread-5 (]: Database Error in test unique_agg_transactions_daily_user_id (models/marts/schema.yml)
  [TABLE_OR_VIEW_NOT_FOUND] The table or view `workspace`.`bronze_gold`.`agg_transactions_daily` cannot be found. Verify the spelling and correctness of the schema and catalog.
  If you did not qualify the name with a schema, verify the current_schema() output, or qualify the name with the correct schema and catalog.
  To tolerate the error on drop use DROP VIEW IF EXISTS or DROP TABLE IF EXISTS. SQLSTATE: 42P01; line 18 pos 5
  compiled code at target/run/databricks_warehouse/models/marts/schema.yml/unique_agg_transactions_daily_user_id.sql
[0m18:44:52.146055 [error] [Thread-5 (]: 4 of 6 ERROR unique_agg_transactions_daily_user_id ............................. [[31mERROR[0m in 1.37s]
[0m18:44:52.147800 [debug] [Thread-5 (]: Finished running node test.databricks_warehouse.unique_agg_transactions_daily_user_id.86c030a04a
[0m18:44:52.149208 [debug] [Thread-5 (]: Began running node test.databricks_warehouse.unique_fact_transactions_transaction_id.4978e2a484
[0m18:44:52.149915 [debug] [Thread-8 (]: Marking all children of 'test.databricks_warehouse.unique_agg_transactions_daily_user_id.86c030a04a' to be skipped because of status 'error'.  Reason: Database Error in test unique_agg_transactions_daily_user_id (models/marts/schema.yml)
  [TABLE_OR_VIEW_NOT_FOUND] The table or view `workspace`.`bronze_gold`.`agg_transactions_daily` cannot be found. Verify the spelling and correctness of the schema and catalog.
  If you did not qualify the name with a schema, verify the current_schema() output, or qualify the name with the correct schema and catalog.
  To tolerate the error on drop use DROP VIEW IF EXISTS or DROP TABLE IF EXISTS. SQLSTATE: 42P01; line 18 pos 5
  compiled code at target/run/databricks_warehouse/models/marts/schema.yml/unique_agg_transactions_daily_user_id.sql.
[0m18:44:52.150892 [info ] [Thread-5 (]: 5 of 6 START test unique_fact_transactions_transaction_id ...................... [RUN]
[0m18:44:52.154037 [debug] [Thread-5 (]: Databricks adapter: DatabricksDBTConnection(session-id=None, name=test.databricks_warehouse.unique_fact_transactions_transaction_id.4978e2a484) - Creating connection
[0m18:44:52.154907 [debug] [Thread-5 (]: Acquiring new databricks connection 'test.databricks_warehouse.unique_fact_transactions_transaction_id.4978e2a484'
[0m18:44:52.155839 [debug] [Thread-5 (]: Began compiling node test.databricks_warehouse.unique_fact_transactions_transaction_id.4978e2a484
[0m18:44:52.162376 [debug] [Thread-5 (]: Writing injected SQL for node "test.databricks_warehouse.unique_fact_transactions_transaction_id.4978e2a484"
[0m18:44:52.164326 [debug] [Thread-2 (]: Databricks adapter: Exception while trying to execute query
/* {"app": "dbt", "dbt_version": "1.10.15", "dbt_databricks_version": "1.11.0", "databricks_sql_connector_version": "4.1.3", "profile_name": "databricks_dwh", "target_name": "dev", "node_id": "test.databricks_warehouse.not_null_fact_transactions_transaction_id.e79bae8750"} */

    select
      count(*) as failures,
      count(*) != 0 as should_warn,
      count(*) != 0 as should_error
    from (
      
    
  
    
    



select transaction_id
from workspace.bronze_gold.fact_transactions
where transaction_id is null



  
  
      
    ) dbt_internal_test
: [TABLE_OR_VIEW_NOT_FOUND] The table or view `workspace`.`bronze_gold`.`fact_transactions` cannot be found. Verify the spelling and correctness of the schema and catalog.
If you did not qualify the name with a schema, verify the current_schema() output, or qualify the name with the correct schema and catalog.
To tolerate the error on drop use DROP VIEW IF EXISTS or DROP TABLE IF EXISTS. SQLSTATE: 42P01; line 17 pos 5
Error properties: diagnostic-info=org.apache.hive.service.cli.HiveSQLException: Error running query: [TABLE_OR_VIEW_NOT_FOUND] org.apache.spark.sql.catalyst.ExtendedAnalysisException: [TABLE_OR_VIEW_NOT_FOUND] The table or view `workspace`.`bronze_gold`.`fact_transactions` cannot be found. Verify the spelling and correctness of the schema and catalog.
If you did not qualify the name with a schema, verify the current_schema() output, or qualify the name with the correct schema and catalog.
To tolerate the error on drop use DROP VIEW IF EXISTS or DROP TABLE IF EXISTS. SQLSTATE: 42P01; line 17 pos 5
	at org.apache.spark.sql.hive.thriftserver.HiveThriftServerErrors$.runningQueryError(HiveThriftServerErrors.scala:49)
	at org.apache.spark.sql.hive.thriftserver.SparkExecuteStatementOperation.$anonfun$execute$1(SparkExecuteStatementOperation.scala:1040)
	at scala.runtime.java8.JFunction0$mcV$sp.apply(JFunction0$mcV$sp.scala:18)
	at com.databricks.unity.UCSEphemeralState$Handle.runWith(UCSEphemeralState.scala:51)
	at com.databricks.unity.HandleImpl.runWith(UCSHandle.scala:104)
	at org.apache.spark.sql.hive.thriftserver.SparkExecuteStatementOperation.org$apache$spark$sql$hive$thriftserver$SparkExecuteStatementOperation$$execute(SparkExecuteStatementOperation.scala:778)
	at org.apache.spark.sql.hive.thriftserver.SparkExecuteStatementOperation$$anon$2$$anon$3.$anonfun$run$5(SparkExecuteStatementOperation.scala:569)
	at scala.runtime.java8.JFunction0$mcV$sp.apply(JFunction0$mcV$sp.scala:18)
	at org.apache.spark.sql.execution.SQLExecution$.withRootExecution(SQLExecution.scala:853)
	at org.apache.spark.sql.hive.thriftserver.SparkExecuteStatementOperation$$anon$2$$anon$3.$anonfun$run$2(SparkExecuteStatementOperation.scala:569)
	at scala.runtime.java8.JFunction0$mcV$sp.apply(JFunction0$mcV$sp.scala:18)
	at com.databricks.logging.AttributionContextTracing.$anonfun$withAttributionContext$1(AttributionContextTracing.scala:49)
	at com.databricks.logging.AttributionContext$.$anonfun$withValue$1(AttributionContext.scala:328)
	at scala.util.DynamicVariable.withValue(DynamicVariable.scala:59)
	at com.databricks.logging.AttributionContext$.withValue(AttributionContext.scala:324)
	at com.databricks.logging.AttributionContextTracing.withAttributionContext(AttributionContextTracing.scala:47)
	at com.databricks.logging.AttributionContextTracing.withAttributionContext$(AttributionContextTracing.scala:44)
	at com.databricks.spark.util.DatabricksTracingHelper.withAttributionContext(DatabricksSparkTracingHelper.scala:65)
	at com.databricks.spark.util.DatabricksTracingHelper.withSpanFromRequest(DatabricksSparkTracingHelper.scala:92)
	at com.databricks.spark.util.DBRTracing$.withSpanFromRequest(DBRTracing.scala:43)
	at org.apache.spark.sql.hive.thriftserver.ThriftLocalProperties.$anonfun$withLocalProperties$15(ThriftLocalProperties.scala:238)
	at com.databricks.logging.AttributionContextTracing.$anonfun$withAttributionContext$1(AttributionContextTracing.scala:49)
	at com.databricks.logging.AttributionContext$.$anonfun$withValue$1(AttributionContext.scala:328)
	at scala.util.DynamicVariable.withValue(DynamicVariable.scala:59)
	at com.databricks.logging.AttributionContext$.withValue(AttributionContext.scala:324)
	at com.databricks.logging.AttributionContextTracing.withAttributionContext(AttributionContextTracing.scala:47)
	at com.databricks.logging.AttributionContextTracing.withAttributionContext$(AttributionContextTracing.scala:44)
	at com.databricks.spark.util.PublicDBLogging.withAttributionContext(DatabricksSparkUsageLogger.scala:30)
	at com.databricks.logging.AttributionContextTracing.withAttributionTags(AttributionContextTracing.scala:96)
	at com.databricks.logging.AttributionContextTracing.withAttributionTags$(AttributionContextTracing.scala:77)
	at com.databricks.spark.util.PublicDBLogging.withAttributionTags(DatabricksSparkUsageLogger.scala:30)
	at com.databricks.spark.util.PublicDBLogging.withAttributionTags0(DatabricksSparkUsageLogger.scala:124)
	at com.databricks.spark.util.DatabricksSparkUsageLogger.withAttributionTags(DatabricksSparkUsageLogger.scala:232)
	at com.databricks.spark.util.UsageLogging.$anonfun$withAttributionTags$1(UsageLogger.scala:668)
	at com.databricks.spark.util.UsageLogging$.withAttributionTags(UsageLogger.scala:780)
	at com.databricks.spark.util.UsageLogging$.withAttributionTags(UsageLogger.scala:789)
	at com.databricks.spark.util.UsageLogging.withAttributionTags(UsageLogger.scala:668)
	at com.databricks.spark.util.UsageLogging.withAttributionTags$(UsageLogger.scala:666)
	at org.apache.spark.sql.hive.thriftserver.SparkExecuteStatementOperation.withAttributionTags(SparkExecuteStatementOperation.scala:76)
	at org.apache.spark.sql.hive.thriftserver.ThriftLocalProperties.$anonfun$withLocalProperties$12(ThriftLocalProperties.scala:233)
	at com.databricks.spark.util.IdentityClaim$.withClaim(IdentityClaim.scala:48)
	at org.apache.spark.sql.hive.thriftserver.ThriftLocalProperties.withLocalProperties(ThriftLocalProperties.scala:229)
	at org.apache.spark.sql.hive.thriftserver.ThriftLocalProperties.withLocalProperties$(ThriftLocalProperties.scala:89)
	at org.apache.spark.sql.hive.thriftserver.SparkExecuteStatementOperation.withLocalProperties(SparkExecuteStatementOperation.scala:76)
	at org.apache.spark.sql.hive.thriftserver.SparkExecuteStatementOperation$$anon$2$$anon$3.run(SparkExecuteStatementOperation.scala:546)
	at org.apache.spark.sql.hive.thriftserver.SparkExecuteStatementOperation$$anon$2$$anon$3.run(SparkExecuteStatementOperation.scala:532)
	at java.base/java.security.AccessController.doPrivileged(AccessController.java:712)
	at java.base/javax.security.auth.Subject.doAs(Subject.java:439)
	at org.apache.hadoop.security.UserGroupInformation.doAs(UserGroupInformation.java:1953)
	at org.apache.spark.sql.hive.thriftserver.SparkExecuteStatementOperation$$anon$2.run(SparkExecuteStatementOperation.scala:582)
	at java.base/java.util.concurrent.Executors$RunnableAdapter.call(Executors.java:539)
	at java.base/java.util.concurrent.FutureTask.run(FutureTask.java:264)
	at java.base/java.util.concurrent.ThreadPoolExecutor.runWorker(ThreadPoolExecutor.java:1136)
	at java.base/java.util.concurrent.ThreadPoolExecutor$Worker.run(ThreadPoolExecutor.java:635)
	at java.base/java.lang.Thread.run(Thread.java:840)
Caused by: org.apache.spark.sql.catalyst.ExtendedAnalysisException: [TABLE_OR_VIEW_NOT_FOUND] The table or view `workspace`.`bronze_gold`.`fact_transactions` cannot be found. Verify the spelling and correctness of the schema and catalog.
If you did not qualify the name with a schema, verify the current_schema() output, or qualify the name with the correct schema and catalog.
To tolerate the error on drop use DROP VIEW IF EXISTS or DROP TABLE IF EXISTS. SQLSTATE: 42P01; line 17 pos 5
	at org.apache.spark.sql.catalyst.ExtendedAnalysisException.copyPlan(ExtendedAnalysisException.scala:96)
	at org.apache.spark.sql.hive.thriftserver.SparkExecuteStatementOperation.$anonfun$execute$1(SparkExecuteStatementOperation.scala:1001)
	... 53 more
, operation-id=01f0c31c-5616-1cf3-81b8-184a528054fb
[0m18:44:52.166027 [debug] [Thread-2 (]: On test.databricks_warehouse.not_null_fact_transactions_transaction_id.e79bae8750: Close
[0m18:44:52.166846 [debug] [Thread-5 (]: Began executing node test.databricks_warehouse.unique_fact_transactions_transaction_id.4978e2a484
[0m18:44:52.167412 [debug] [Thread-2 (]: Databricks adapter: Connection(session-id=01f0c31c-5611-1b1f-99a7-0819cf0c5fc0) - Closing
[0m18:44:52.171092 [debug] [Thread-5 (]: Writing runtime sql for node "test.databricks_warehouse.unique_fact_transactions_transaction_id.4978e2a484"
[0m18:44:52.176507 [debug] [Thread-4 (]: Databricks adapter: Exception while trying to execute query
/* {"app": "dbt", "dbt_version": "1.10.15", "dbt_databricks_version": "1.11.0", "databricks_sql_connector_version": "4.1.3", "profile_name": "databricks_dwh", "target_name": "dev", "node_id": "test.databricks_warehouse.not_null_stg_users_user_id.980dfc1b77"} */

    select
      count(*) as failures,
      count(*) != 0 as should_warn,
      count(*) != 0 as should_error
    from (
      
    
  
    
    



select user_id
from workspace.bronze_bronze.stg_users
where user_id is null



  
  
      
    ) dbt_internal_test
: [TABLE_OR_VIEW_NOT_FOUND] The table or view `workspace`.`bronze_bronze`.`stg_users` cannot be found. Verify the spelling and correctness of the schema and catalog.
If you did not qualify the name with a schema, verify the current_schema() output, or qualify the name with the correct schema and catalog.
To tolerate the error on drop use DROP VIEW IF EXISTS or DROP TABLE IF EXISTS. SQLSTATE: 42P01; line 17 pos 5
Error properties: diagnostic-info=org.apache.hive.service.cli.HiveSQLException: Error running query: [TABLE_OR_VIEW_NOT_FOUND] org.apache.spark.sql.catalyst.ExtendedAnalysisException: [TABLE_OR_VIEW_NOT_FOUND] The table or view `workspace`.`bronze_bronze`.`stg_users` cannot be found. Verify the spelling and correctness of the schema and catalog.
If you did not qualify the name with a schema, verify the current_schema() output, or qualify the name with the correct schema and catalog.
To tolerate the error on drop use DROP VIEW IF EXISTS or DROP TABLE IF EXISTS. SQLSTATE: 42P01; line 17 pos 5
	at org.apache.spark.sql.hive.thriftserver.HiveThriftServerErrors$.runningQueryError(HiveThriftServerErrors.scala:49)
	at org.apache.spark.sql.hive.thriftserver.SparkExecuteStatementOperation.$anonfun$execute$1(SparkExecuteStatementOperation.scala:1040)
	at scala.runtime.java8.JFunction0$mcV$sp.apply(JFunction0$mcV$sp.scala:18)
	at com.databricks.unity.UCSEphemeralState$Handle.runWith(UCSEphemeralState.scala:51)
	at com.databricks.unity.HandleImpl.runWith(UCSHandle.scala:104)
	at org.apache.spark.sql.hive.thriftserver.SparkExecuteStatementOperation.org$apache$spark$sql$hive$thriftserver$SparkExecuteStatementOperation$$execute(SparkExecuteStatementOperation.scala:778)
	at org.apache.spark.sql.hive.thriftserver.SparkExecuteStatementOperation$$anon$2$$anon$3.$anonfun$run$5(SparkExecuteStatementOperation.scala:569)
	at scala.runtime.java8.JFunction0$mcV$sp.apply(JFunction0$mcV$sp.scala:18)
	at org.apache.spark.sql.execution.SQLExecution$.withRootExecution(SQLExecution.scala:853)
	at org.apache.spark.sql.hive.thriftserver.SparkExecuteStatementOperation$$anon$2$$anon$3.$anonfun$run$2(SparkExecuteStatementOperation.scala:569)
	at scala.runtime.java8.JFunction0$mcV$sp.apply(JFunction0$mcV$sp.scala:18)
	at com.databricks.logging.AttributionContextTracing.$anonfun$withAttributionContext$1(AttributionContextTracing.scala:49)
	at com.databricks.logging.AttributionContext$.$anonfun$withValue$1(AttributionContext.scala:328)
	at scala.util.DynamicVariable.withValue(DynamicVariable.scala:59)
	at com.databricks.logging.AttributionContext$.withValue(AttributionContext.scala:324)
	at com.databricks.logging.AttributionContextTracing.withAttributionContext(AttributionContextTracing.scala:47)
	at com.databricks.logging.AttributionContextTracing.withAttributionContext$(AttributionContextTracing.scala:44)
	at com.databricks.spark.util.DatabricksTracingHelper.withAttributionContext(DatabricksSparkTracingHelper.scala:65)
	at com.databricks.spark.util.DatabricksTracingHelper.withSpanFromRequest(DatabricksSparkTracingHelper.scala:92)
	at com.databricks.spark.util.DBRTracing$.withSpanFromRequest(DBRTracing.scala:43)
	at org.apache.spark.sql.hive.thriftserver.ThriftLocalProperties.$anonfun$withLocalProperties$15(ThriftLocalProperties.scala:238)
	at com.databricks.logging.AttributionContextTracing.$anonfun$withAttributionContext$1(AttributionContextTracing.scala:49)
	at com.databricks.logging.AttributionContext$.$anonfun$withValue$1(AttributionContext.scala:328)
	at scala.util.DynamicVariable.withValue(DynamicVariable.scala:59)
	at com.databricks.logging.AttributionContext$.withValue(AttributionContext.scala:324)
	at com.databricks.logging.AttributionContextTracing.withAttributionContext(AttributionContextTracing.scala:47)
	at com.databricks.logging.AttributionContextTracing.withAttributionContext$(AttributionContextTracing.scala:44)
	at com.databricks.spark.util.PublicDBLogging.withAttributionContext(DatabricksSparkUsageLogger.scala:30)
	at com.databricks.logging.AttributionContextTracing.withAttributionTags(AttributionContextTracing.scala:96)
	at com.databricks.logging.AttributionContextTracing.withAttributionTags$(AttributionContextTracing.scala:77)
	at com.databricks.spark.util.PublicDBLogging.withAttributionTags(DatabricksSparkUsageLogger.scala:30)
	at com.databricks.spark.util.PublicDBLogging.withAttributionTags0(DatabricksSparkUsageLogger.scala:124)
	at com.databricks.spark.util.DatabricksSparkUsageLogger.withAttributionTags(DatabricksSparkUsageLogger.scala:232)
	at com.databricks.spark.util.UsageLogging.$anonfun$withAttributionTags$1(UsageLogger.scala:668)
	at com.databricks.spark.util.UsageLogging$.withAttributionTags(UsageLogger.scala:780)
	at com.databricks.spark.util.UsageLogging$.withAttributionTags(UsageLogger.scala:789)
	at com.databricks.spark.util.UsageLogging.withAttributionTags(UsageLogger.scala:668)
	at com.databricks.spark.util.UsageLogging.withAttributionTags$(UsageLogger.scala:666)
	at org.apache.spark.sql.hive.thriftserver.SparkExecuteStatementOperation.withAttributionTags(SparkExecuteStatementOperation.scala:76)
	at org.apache.spark.sql.hive.thriftserver.ThriftLocalProperties.$anonfun$withLocalProperties$12(ThriftLocalProperties.scala:233)
	at com.databricks.spark.util.IdentityClaim$.withClaim(IdentityClaim.scala:48)
	at org.apache.spark.sql.hive.thriftserver.ThriftLocalProperties.withLocalProperties(ThriftLocalProperties.scala:229)
	at org.apache.spark.sql.hive.thriftserver.ThriftLocalProperties.withLocalProperties$(ThriftLocalProperties.scala:89)
	at org.apache.spark.sql.hive.thriftserver.SparkExecuteStatementOperation.withLocalProperties(SparkExecuteStatementOperation.scala:76)
	at org.apache.spark.sql.hive.thriftserver.SparkExecuteStatementOperation$$anon$2$$anon$3.run(SparkExecuteStatementOperation.scala:546)
	at org.apache.spark.sql.hive.thriftserver.SparkExecuteStatementOperation$$anon$2$$anon$3.run(SparkExecuteStatementOperation.scala:532)
	at java.base/java.security.AccessController.doPrivileged(AccessController.java:712)
	at java.base/javax.security.auth.Subject.doAs(Subject.java:439)
	at org.apache.hadoop.security.UserGroupInformation.doAs(UserGroupInformation.java:1953)
	at org.apache.spark.sql.hive.thriftserver.SparkExecuteStatementOperation$$anon$2.run(SparkExecuteStatementOperation.scala:582)
	at java.base/java.util.concurrent.Executors$RunnableAdapter.call(Executors.java:539)
	at java.base/java.util.concurrent.FutureTask.run(FutureTask.java:264)
	at java.base/java.util.concurrent.ThreadPoolExecutor.runWorker(ThreadPoolExecutor.java:1136)
	at java.base/java.util.concurrent.ThreadPoolExecutor$Worker.run(ThreadPoolExecutor.java:635)
	at java.base/java.lang.Thread.run(Thread.java:840)
Caused by: org.apache.spark.sql.catalyst.ExtendedAnalysisException: [TABLE_OR_VIEW_NOT_FOUND] The table or view `workspace`.`bronze_bronze`.`stg_users` cannot be found. Verify the spelling and correctness of the schema and catalog.
If you did not qualify the name with a schema, verify the current_schema() output, or qualify the name with the correct schema and catalog.
To tolerate the error on drop use DROP VIEW IF EXISTS or DROP TABLE IF EXISTS. SQLSTATE: 42P01; line 17 pos 5
	at org.apache.spark.sql.catalyst.ExtendedAnalysisException.copyPlan(ExtendedAnalysisException.scala:96)
	at org.apache.spark.sql.hive.thriftserver.SparkExecuteStatementOperation.$anonfun$execute$1(SparkExecuteStatementOperation.scala:1001)
	... 53 more
, operation-id=01f0c31c-5613-1508-93ec-8fd03035ad32
[0m18:44:52.178803 [debug] [Thread-3 (]: Databricks adapter: Exception while trying to execute query
/* {"app": "dbt", "dbt_version": "1.10.15", "dbt_databricks_version": "1.11.0", "databricks_sql_connector_version": "4.1.3", "profile_name": "databricks_dwh", "target_name": "dev", "node_id": "test.databricks_warehouse.not_null_stg_transactions_symbol.acdb122538"} */

    select
      count(*) as failures,
      count(*) != 0 as should_warn,
      count(*) != 0 as should_error
    from (
      
    
  
    
    



select symbol
from workspace.bronze_bronze.stg_transactions
where symbol is null



  
  
      
    ) dbt_internal_test
: [TABLE_OR_VIEW_NOT_FOUND] The table or view `workspace`.`bronze_bronze`.`stg_transactions` cannot be found. Verify the spelling and correctness of the schema and catalog.
If you did not qualify the name with a schema, verify the current_schema() output, or qualify the name with the correct schema and catalog.
To tolerate the error on drop use DROP VIEW IF EXISTS or DROP TABLE IF EXISTS. SQLSTATE: 42P01; line 17 pos 5
Error properties: diagnostic-info=org.apache.hive.service.cli.HiveSQLException: Error running query: [TABLE_OR_VIEW_NOT_FOUND] org.apache.spark.sql.catalyst.ExtendedAnalysisException: [TABLE_OR_VIEW_NOT_FOUND] The table or view `workspace`.`bronze_bronze`.`stg_transactions` cannot be found. Verify the spelling and correctness of the schema and catalog.
If you did not qualify the name with a schema, verify the current_schema() output, or qualify the name with the correct schema and catalog.
To tolerate the error on drop use DROP VIEW IF EXISTS or DROP TABLE IF EXISTS. SQLSTATE: 42P01; line 17 pos 5
	at org.apache.spark.sql.hive.thriftserver.HiveThriftServerErrors$.runningQueryError(HiveThriftServerErrors.scala:49)
	at org.apache.spark.sql.hive.thriftserver.SparkExecuteStatementOperation.$anonfun$execute$1(SparkExecuteStatementOperation.scala:1040)
	at scala.runtime.java8.JFunction0$mcV$sp.apply(JFunction0$mcV$sp.scala:18)
	at com.databricks.unity.UCSEphemeralState$Handle.runWith(UCSEphemeralState.scala:51)
	at com.databricks.unity.HandleImpl.runWith(UCSHandle.scala:104)
	at org.apache.spark.sql.hive.thriftserver.SparkExecuteStatementOperation.org$apache$spark$sql$hive$thriftserver$SparkExecuteStatementOperation$$execute(SparkExecuteStatementOperation.scala:778)
	at org.apache.spark.sql.hive.thriftserver.SparkExecuteStatementOperation$$anon$2$$anon$3.$anonfun$run$5(SparkExecuteStatementOperation.scala:569)
	at scala.runtime.java8.JFunction0$mcV$sp.apply(JFunction0$mcV$sp.scala:18)
	at org.apache.spark.sql.execution.SQLExecution$.withRootExecution(SQLExecution.scala:853)
	at org.apache.spark.sql.hive.thriftserver.SparkExecuteStatementOperation$$anon$2$$anon$3.$anonfun$run$2(SparkExecuteStatementOperation.scala:569)
	at scala.runtime.java8.JFunction0$mcV$sp.apply(JFunction0$mcV$sp.scala:18)
	at com.databricks.logging.AttributionContextTracing.$anonfun$withAttributionContext$1(AttributionContextTracing.scala:49)
	at com.databricks.logging.AttributionContext$.$anonfun$withValue$1(AttributionContext.scala:328)
	at scala.util.DynamicVariable.withValue(DynamicVariable.scala:59)
	at com.databricks.logging.AttributionContext$.withValue(AttributionContext.scala:324)
	at com.databricks.logging.AttributionContextTracing.withAttributionContext(AttributionContextTracing.scala:47)
	at com.databricks.logging.AttributionContextTracing.withAttributionContext$(AttributionContextTracing.scala:44)
	at com.databricks.spark.util.DatabricksTracingHelper.withAttributionContext(DatabricksSparkTracingHelper.scala:65)
	at com.databricks.spark.util.DatabricksTracingHelper.withSpanFromRequest(DatabricksSparkTracingHelper.scala:92)
	at com.databricks.spark.util.DBRTracing$.withSpanFromRequest(DBRTracing.scala:43)
	at org.apache.spark.sql.hive.thriftserver.ThriftLocalProperties.$anonfun$withLocalProperties$15(ThriftLocalProperties.scala:238)
	at com.databricks.logging.AttributionContextTracing.$anonfun$withAttributionContext$1(AttributionContextTracing.scala:49)
	at com.databricks.logging.AttributionContext$.$anonfun$withValue$1(AttributionContext.scala:328)
	at scala.util.DynamicVariable.withValue(DynamicVariable.scala:59)
	at com.databricks.logging.AttributionContext$.withValue(AttributionContext.scala:324)
	at com.databricks.logging.AttributionContextTracing.withAttributionContext(AttributionContextTracing.scala:47)
	at com.databricks.logging.AttributionContextTracing.withAttributionContext$(AttributionContextTracing.scala:44)
	at com.databricks.spark.util.PublicDBLogging.withAttributionContext(DatabricksSparkUsageLogger.scala:30)
	at com.databricks.logging.AttributionContextTracing.withAttributionTags(AttributionContextTracing.scala:96)
	at com.databricks.logging.AttributionContextTracing.withAttributionTags$(AttributionContextTracing.scala:77)
	at com.databricks.spark.util.PublicDBLogging.withAttributionTags(DatabricksSparkUsageLogger.scala:30)
	at com.databricks.spark.util.PublicDBLogging.withAttributionTags0(DatabricksSparkUsageLogger.scala:124)
	at com.databricks.spark.util.DatabricksSparkUsageLogger.withAttributionTags(DatabricksSparkUsageLogger.scala:232)
	at com.databricks.spark.util.UsageLogging.$anonfun$withAttributionTags$1(UsageLogger.scala:668)
	at com.databricks.spark.util.UsageLogging$.withAttributionTags(UsageLogger.scala:780)
	at com.databricks.spark.util.UsageLogging$.withAttributionTags(UsageLogger.scala:789)
	at com.databricks.spark.util.UsageLogging.withAttributionTags(UsageLogger.scala:668)
	at com.databricks.spark.util.UsageLogging.withAttributionTags$(UsageLogger.scala:666)
	at org.apache.spark.sql.hive.thriftserver.SparkExecuteStatementOperation.withAttributionTags(SparkExecuteStatementOperation.scala:76)
	at org.apache.spark.sql.hive.thriftserver.ThriftLocalProperties.$anonfun$withLocalProperties$12(ThriftLocalProperties.scala:233)
	at com.databricks.spark.util.IdentityClaim$.withClaim(IdentityClaim.scala:48)
	at org.apache.spark.sql.hive.thriftserver.ThriftLocalProperties.withLocalProperties(ThriftLocalProperties.scala:229)
	at org.apache.spark.sql.hive.thriftserver.ThriftLocalProperties.withLocalProperties$(ThriftLocalProperties.scala:89)
	at org.apache.spark.sql.hive.thriftserver.SparkExecuteStatementOperation.withLocalProperties(SparkExecuteStatementOperation.scala:76)
	at org.apache.spark.sql.hive.thriftserver.SparkExecuteStatementOperation$$anon$2$$anon$3.run(SparkExecuteStatementOperation.scala:546)
	at org.apache.spark.sql.hive.thriftserver.SparkExecuteStatementOperation$$anon$2$$anon$3.run(SparkExecuteStatementOperation.scala:532)
	at java.base/java.security.AccessController.doPrivileged(AccessController.java:712)
	at java.base/javax.security.auth.Subject.doAs(Subject.java:439)
	at org.apache.hadoop.security.UserGroupInformation.doAs(UserGroupInformation.java:1953)
	at org.apache.spark.sql.hive.thriftserver.SparkExecuteStatementOperation$$anon$2.run(SparkExecuteStatementOperation.scala:582)
	at java.base/java.util.concurrent.Executors$RunnableAdapter.call(Executors.java:539)
	at java.base/java.util.concurrent.FutureTask.run(FutureTask.java:264)
	at java.base/java.util.concurrent.ThreadPoolExecutor.runWorker(ThreadPoolExecutor.java:1136)
	at java.base/java.util.concurrent.ThreadPoolExecutor$Worker.run(ThreadPoolExecutor.java:635)
	at java.base/java.lang.Thread.run(Thread.java:840)
Caused by: org.apache.spark.sql.catalyst.ExtendedAnalysisException: [TABLE_OR_VIEW_NOT_FOUND] The table or view `workspace`.`bronze_bronze`.`stg_transactions` cannot be found. Verify the spelling and correctness of the schema and catalog.
If you did not qualify the name with a schema, verify the current_schema() output, or qualify the name with the correct schema and catalog.
To tolerate the error on drop use DROP VIEW IF EXISTS or DROP TABLE IF EXISTS. SQLSTATE: 42P01; line 17 pos 5
	at org.apache.spark.sql.catalyst.ExtendedAnalysisException.copyPlan(ExtendedAnalysisException.scala:96)
	at org.apache.spark.sql.hive.thriftserver.SparkExecuteStatementOperation.$anonfun$execute$1(SparkExecuteStatementOperation.scala:1001)
	... 53 more
, operation-id=01f0c31c-5612-10ae-a06d-bab5258fc637
[0m18:44:52.211328 [debug] [Thread-4 (]: On test.databricks_warehouse.not_null_stg_users_user_id.980dfc1b77: Close
[0m18:44:52.214724 [debug] [Thread-4 (]: Databricks adapter: Connection(session-id=01f0c31c-560e-118d-b4b7-b92f97732d6b) - Closing
[0m18:44:52.213737 [debug] [Thread-2 (]: Database Error in test not_null_fact_transactions_transaction_id (models/marts/schema.yml)
  [TABLE_OR_VIEW_NOT_FOUND] The table or view `workspace`.`bronze_gold`.`fact_transactions` cannot be found. Verify the spelling and correctness of the schema and catalog.
  If you did not qualify the name with a schema, verify the current_schema() output, or qualify the name with the correct schema and catalog.
  To tolerate the error on drop use DROP VIEW IF EXISTS or DROP TABLE IF EXISTS. SQLSTATE: 42P01; line 17 pos 5
  compiled code at target/run/databricks_warehouse/models/marts/schema.yml/not_null_fact_transactions_transaction_id.sql
[0m18:44:52.264923 [debug] [Thread-5 (]: Using databricks connection "test.databricks_warehouse.unique_fact_transactions_transaction_id.4978e2a484"
[0m18:44:52.265568 [debug] [Thread-3 (]: On test.databricks_warehouse.not_null_stg_transactions_symbol.acdb122538: Close
[0m18:44:52.267932 [debug] [Thread-4 (]: Database Error in test not_null_stg_users_user_id (tests/dbt_schema.yml)
  [TABLE_OR_VIEW_NOT_FOUND] The table or view `workspace`.`bronze_bronze`.`stg_users` cannot be found. Verify the spelling and correctness of the schema and catalog.
  If you did not qualify the name with a schema, verify the current_schema() output, or qualify the name with the correct schema and catalog.
  To tolerate the error on drop use DROP VIEW IF EXISTS or DROP TABLE IF EXISTS. SQLSTATE: 42P01; line 17 pos 5
  compiled code at target/run/databricks_warehouse/tests/dbt_schema.yml/not_null_stg_users_user_id.sql
[0m18:44:52.268719 [debug] [Thread-5 (]: On test.databricks_warehouse.unique_fact_transactions_transaction_id.4978e2a484: /* {"app": "dbt", "dbt_version": "1.10.15", "dbt_databricks_version": "1.11.0", "databricks_sql_connector_version": "4.1.3", "profile_name": "databricks_dwh", "target_name": "dev", "node_id": "test.databricks_warehouse.unique_fact_transactions_transaction_id.4978e2a484"} */

    select
      count(*) as failures,
      count(*) != 0 as should_warn,
      count(*) != 0 as should_error
    from (
      
    
  
    
    

select
    transaction_id as unique_field,
    count(*) as n_records

from workspace.bronze_gold.fact_transactions
where transaction_id is not null
group by transaction_id
having count(*) > 1



  
  
      
    ) dbt_internal_test
[0m18:44:52.269644 [debug] [Thread-3 (]: Databricks adapter: Connection(session-id=01f0c31c-560c-1f84-b474-aa1f4741a0ac) - Closing
[0m18:44:52.270974 [debug] [Thread-5 (]: Opening a new connection, currently in state init
[0m18:44:52.324263 [error] [Thread-2 (]: 1 of 6 ERROR not_null_fact_transactions_transaction_id ......................... [[31mERROR[0m in 1.56s]
[0m18:44:52.327381 [debug] [Thread-3 (]: Database Error in test not_null_stg_transactions_symbol (tests/dbt_schema.yml)
  [TABLE_OR_VIEW_NOT_FOUND] The table or view `workspace`.`bronze_bronze`.`stg_transactions` cannot be found. Verify the spelling and correctness of the schema and catalog.
  If you did not qualify the name with a schema, verify the current_schema() output, or qualify the name with the correct schema and catalog.
  To tolerate the error on drop use DROP VIEW IF EXISTS or DROP TABLE IF EXISTS. SQLSTATE: 42P01; line 17 pos 5
  compiled code at target/run/databricks_warehouse/tests/dbt_schema.yml/not_null_stg_transactions_symbol.sql
[0m18:44:52.328124 [error] [Thread-4 (]: 3 of 6 ERROR not_null_stg_users_user_id ........................................ [[31mERROR[0m in 1.56s]
[0m18:44:52.333273 [debug] [Thread-4 (]: Finished running node test.databricks_warehouse.not_null_stg_users_user_id.980dfc1b77
[0m18:44:52.331534 [error] [Thread-3 (]: 2 of 6 ERROR not_null_stg_transactions_symbol .................................. [[31mERROR[0m in 1.56s]
[0m18:44:52.330130 [debug] [Thread-2 (]: Finished running node test.databricks_warehouse.not_null_fact_transactions_transaction_id.e79bae8750
[0m18:44:52.334230 [debug] [Thread-4 (]: Began running node test.databricks_warehouse.unique_stg_users_user_id.c2ff477e6b
[0m18:44:52.334888 [debug] [Thread-8 (]: Marking all children of 'test.databricks_warehouse.not_null_stg_users_user_id.980dfc1b77' to be skipped because of status 'error'.  Reason: Database Error in test not_null_stg_users_user_id (tests/dbt_schema.yml)
  [TABLE_OR_VIEW_NOT_FOUND] The table or view `workspace`.`bronze_bronze`.`stg_users` cannot be found. Verify the spelling and correctness of the schema and catalog.
  If you did not qualify the name with a schema, verify the current_schema() output, or qualify the name with the correct schema and catalog.
  To tolerate the error on drop use DROP VIEW IF EXISTS or DROP TABLE IF EXISTS. SQLSTATE: 42P01; line 17 pos 5
  compiled code at target/run/databricks_warehouse/tests/dbt_schema.yml/not_null_stg_users_user_id.sql.
[0m18:44:52.336595 [debug] [Thread-3 (]: Finished running node test.databricks_warehouse.not_null_stg_transactions_symbol.acdb122538
[0m18:44:52.338037 [info ] [Thread-4 (]: 6 of 6 START test unique_stg_users_user_id ..................................... [RUN]
[0m18:44:52.339997 [debug] [Thread-8 (]: Marking all children of 'test.databricks_warehouse.not_null_fact_transactions_transaction_id.e79bae8750' to be skipped because of status 'error'.  Reason: Database Error in test not_null_fact_transactions_transaction_id (models/marts/schema.yml)
  [TABLE_OR_VIEW_NOT_FOUND] The table or view `workspace`.`bronze_gold`.`fact_transactions` cannot be found. Verify the spelling and correctness of the schema and catalog.
  If you did not qualify the name with a schema, verify the current_schema() output, or qualify the name with the correct schema and catalog.
  To tolerate the error on drop use DROP VIEW IF EXISTS or DROP TABLE IF EXISTS. SQLSTATE: 42P01; line 17 pos 5
  compiled code at target/run/databricks_warehouse/models/marts/schema.yml/not_null_fact_transactions_transaction_id.sql.
[0m18:44:52.341531 [debug] [Thread-4 (]: Databricks adapter: DatabricksDBTConnection(session-id=None, name=test.databricks_warehouse.unique_stg_users_user_id.c2ff477e6b) - Creating connection
[0m18:44:52.342733 [debug] [Thread-8 (]: Marking all children of 'test.databricks_warehouse.not_null_stg_transactions_symbol.acdb122538' to be skipped because of status 'error'.  Reason: Database Error in test not_null_stg_transactions_symbol (tests/dbt_schema.yml)
  [TABLE_OR_VIEW_NOT_FOUND] The table or view `workspace`.`bronze_bronze`.`stg_transactions` cannot be found. Verify the spelling and correctness of the schema and catalog.
  If you did not qualify the name with a schema, verify the current_schema() output, or qualify the name with the correct schema and catalog.
  To tolerate the error on drop use DROP VIEW IF EXISTS or DROP TABLE IF EXISTS. SQLSTATE: 42P01; line 17 pos 5
  compiled code at target/run/databricks_warehouse/tests/dbt_schema.yml/not_null_stg_transactions_symbol.sql.
[0m18:44:52.343561 [debug] [Thread-4 (]: Acquiring new databricks connection 'test.databricks_warehouse.unique_stg_users_user_id.c2ff477e6b'
[0m18:44:52.344629 [debug] [Thread-4 (]: Began compiling node test.databricks_warehouse.unique_stg_users_user_id.c2ff477e6b
[0m18:44:52.350737 [debug] [Thread-4 (]: Writing injected SQL for node "test.databricks_warehouse.unique_stg_users_user_id.c2ff477e6b"
[0m18:44:52.352549 [debug] [Thread-4 (]: Began executing node test.databricks_warehouse.unique_stg_users_user_id.c2ff477e6b
[0m18:44:52.356047 [debug] [Thread-4 (]: Writing runtime sql for node "test.databricks_warehouse.unique_stg_users_user_id.c2ff477e6b"
[0m18:44:52.357806 [debug] [Thread-4 (]: Using databricks connection "test.databricks_warehouse.unique_stg_users_user_id.c2ff477e6b"
[0m18:44:52.358808 [debug] [Thread-4 (]: On test.databricks_warehouse.unique_stg_users_user_id.c2ff477e6b: /* {"app": "dbt", "dbt_version": "1.10.15", "dbt_databricks_version": "1.11.0", "databricks_sql_connector_version": "4.1.3", "profile_name": "databricks_dwh", "target_name": "dev", "node_id": "test.databricks_warehouse.unique_stg_users_user_id.c2ff477e6b"} */

    select
      count(*) as failures,
      count(*) != 0 as should_warn,
      count(*) != 0 as should_error
    from (
      
    
  
    
    

select
    user_id as unique_field,
    count(*) as n_records

from workspace.bronze_bronze.stg_users
where user_id is not null
group by user_id
having count(*) > 1



  
  
      
    ) dbt_internal_test
[0m18:44:52.359838 [debug] [Thread-4 (]: Opening a new connection, currently in state init
[0m18:44:52.411381 [debug] [Thread-5 (]: Databricks adapter: Connection(session-id=01f0c31c-565c-1f66-8b2d-cd0f830f41be) - Created
[0m18:44:52.493511 [debug] [Thread-4 (]: Databricks adapter: Connection(session-id=01f0c31c-5669-13d6-999f-0cd3358b9467) - Created
[0m18:44:52.651246 [debug] [Thread-5 (]: Databricks adapter: Exception while trying to execute query
/* {"app": "dbt", "dbt_version": "1.10.15", "dbt_databricks_version": "1.11.0", "databricks_sql_connector_version": "4.1.3", "profile_name": "databricks_dwh", "target_name": "dev", "node_id": "test.databricks_warehouse.unique_fact_transactions_transaction_id.4978e2a484"} */

    select
      count(*) as failures,
      count(*) != 0 as should_warn,
      count(*) != 0 as should_error
    from (
      
    
  
    
    

select
    transaction_id as unique_field,
    count(*) as n_records

from workspace.bronze_gold.fact_transactions
where transaction_id is not null
group by transaction_id
having count(*) > 1



  
  
      
    ) dbt_internal_test
: [TABLE_OR_VIEW_NOT_FOUND] The table or view `workspace`.`bronze_gold`.`fact_transactions` cannot be found. Verify the spelling and correctness of the schema and catalog.
If you did not qualify the name with a schema, verify the current_schema() output, or qualify the name with the correct schema and catalog.
To tolerate the error on drop use DROP VIEW IF EXISTS or DROP TABLE IF EXISTS. SQLSTATE: 42P01; line 18 pos 5
Error properties: diagnostic-info=org.apache.hive.service.cli.HiveSQLException: Error running query: [TABLE_OR_VIEW_NOT_FOUND] org.apache.spark.sql.catalyst.ExtendedAnalysisException: [TABLE_OR_VIEW_NOT_FOUND] The table or view `workspace`.`bronze_gold`.`fact_transactions` cannot be found. Verify the spelling and correctness of the schema and catalog.
If you did not qualify the name with a schema, verify the current_schema() output, or qualify the name with the correct schema and catalog.
To tolerate the error on drop use DROP VIEW IF EXISTS or DROP TABLE IF EXISTS. SQLSTATE: 42P01; line 18 pos 5
	at org.apache.spark.sql.hive.thriftserver.HiveThriftServerErrors$.runningQueryError(HiveThriftServerErrors.scala:49)
	at org.apache.spark.sql.hive.thriftserver.SparkExecuteStatementOperation.$anonfun$execute$1(SparkExecuteStatementOperation.scala:1040)
	at scala.runtime.java8.JFunction0$mcV$sp.apply(JFunction0$mcV$sp.scala:18)
	at com.databricks.unity.UCSEphemeralState$Handle.runWith(UCSEphemeralState.scala:51)
	at com.databricks.unity.HandleImpl.runWith(UCSHandle.scala:104)
	at org.apache.spark.sql.hive.thriftserver.SparkExecuteStatementOperation.org$apache$spark$sql$hive$thriftserver$SparkExecuteStatementOperation$$execute(SparkExecuteStatementOperation.scala:778)
	at org.apache.spark.sql.hive.thriftserver.SparkExecuteStatementOperation$$anon$2$$anon$3.$anonfun$run$5(SparkExecuteStatementOperation.scala:569)
	at scala.runtime.java8.JFunction0$mcV$sp.apply(JFunction0$mcV$sp.scala:18)
	at org.apache.spark.sql.execution.SQLExecution$.withRootExecution(SQLExecution.scala:853)
	at org.apache.spark.sql.hive.thriftserver.SparkExecuteStatementOperation$$anon$2$$anon$3.$anonfun$run$2(SparkExecuteStatementOperation.scala:569)
	at scala.runtime.java8.JFunction0$mcV$sp.apply(JFunction0$mcV$sp.scala:18)
	at com.databricks.logging.AttributionContextTracing.$anonfun$withAttributionContext$1(AttributionContextTracing.scala:49)
	at com.databricks.logging.AttributionContext$.$anonfun$withValue$1(AttributionContext.scala:328)
	at scala.util.DynamicVariable.withValue(DynamicVariable.scala:59)
	at com.databricks.logging.AttributionContext$.withValue(AttributionContext.scala:324)
	at com.databricks.logging.AttributionContextTracing.withAttributionContext(AttributionContextTracing.scala:47)
	at com.databricks.logging.AttributionContextTracing.withAttributionContext$(AttributionContextTracing.scala:44)
	at com.databricks.spark.util.DatabricksTracingHelper.withAttributionContext(DatabricksSparkTracingHelper.scala:65)
	at com.databricks.spark.util.DatabricksTracingHelper.withSpanFromRequest(DatabricksSparkTracingHelper.scala:92)
	at com.databricks.spark.util.DBRTracing$.withSpanFromRequest(DBRTracing.scala:43)
	at org.apache.spark.sql.hive.thriftserver.ThriftLocalProperties.$anonfun$withLocalProperties$15(ThriftLocalProperties.scala:238)
	at com.databricks.logging.AttributionContextTracing.$anonfun$withAttributionContext$1(AttributionContextTracing.scala:49)
	at com.databricks.logging.AttributionContext$.$anonfun$withValue$1(AttributionContext.scala:328)
	at scala.util.DynamicVariable.withValue(DynamicVariable.scala:59)
	at com.databricks.logging.AttributionContext$.withValue(AttributionContext.scala:324)
	at com.databricks.logging.AttributionContextTracing.withAttributionContext(AttributionContextTracing.scala:47)
	at com.databricks.logging.AttributionContextTracing.withAttributionContext$(AttributionContextTracing.scala:44)
	at com.databricks.spark.util.PublicDBLogging.withAttributionContext(DatabricksSparkUsageLogger.scala:30)
	at com.databricks.logging.AttributionContextTracing.withAttributionTags(AttributionContextTracing.scala:96)
	at com.databricks.logging.AttributionContextTracing.withAttributionTags$(AttributionContextTracing.scala:77)
	at com.databricks.spark.util.PublicDBLogging.withAttributionTags(DatabricksSparkUsageLogger.scala:30)
	at com.databricks.spark.util.PublicDBLogging.withAttributionTags0(DatabricksSparkUsageLogger.scala:124)
	at com.databricks.spark.util.DatabricksSparkUsageLogger.withAttributionTags(DatabricksSparkUsageLogger.scala:232)
	at com.databricks.spark.util.UsageLogging.$anonfun$withAttributionTags$1(UsageLogger.scala:668)
	at com.databricks.spark.util.UsageLogging$.withAttributionTags(UsageLogger.scala:780)
	at com.databricks.spark.util.UsageLogging$.withAttributionTags(UsageLogger.scala:789)
	at com.databricks.spark.util.UsageLogging.withAttributionTags(UsageLogger.scala:668)
	at com.databricks.spark.util.UsageLogging.withAttributionTags$(UsageLogger.scala:666)
	at org.apache.spark.sql.hive.thriftserver.SparkExecuteStatementOperation.withAttributionTags(SparkExecuteStatementOperation.scala:76)
	at org.apache.spark.sql.hive.thriftserver.ThriftLocalProperties.$anonfun$withLocalProperties$12(ThriftLocalProperties.scala:233)
	at com.databricks.spark.util.IdentityClaim$.withClaim(IdentityClaim.scala:48)
	at org.apache.spark.sql.hive.thriftserver.ThriftLocalProperties.withLocalProperties(ThriftLocalProperties.scala:229)
	at org.apache.spark.sql.hive.thriftserver.ThriftLocalProperties.withLocalProperties$(ThriftLocalProperties.scala:89)
	at org.apache.spark.sql.hive.thriftserver.SparkExecuteStatementOperation.withLocalProperties(SparkExecuteStatementOperation.scala:76)
	at org.apache.spark.sql.hive.thriftserver.SparkExecuteStatementOperation$$anon$2$$anon$3.run(SparkExecuteStatementOperation.scala:546)
	at org.apache.spark.sql.hive.thriftserver.SparkExecuteStatementOperation$$anon$2$$anon$3.run(SparkExecuteStatementOperation.scala:532)
	at java.base/java.security.AccessController.doPrivileged(AccessController.java:712)
	at java.base/javax.security.auth.Subject.doAs(Subject.java:439)
	at org.apache.hadoop.security.UserGroupInformation.doAs(UserGroupInformation.java:1953)
	at org.apache.spark.sql.hive.thriftserver.SparkExecuteStatementOperation$$anon$2.run(SparkExecuteStatementOperation.scala:582)
	at java.base/java.util.concurrent.Executors$RunnableAdapter.call(Executors.java:539)
	at java.base/java.util.concurrent.FutureTask.run(FutureTask.java:264)
	at java.base/java.util.concurrent.ThreadPoolExecutor.runWorker(ThreadPoolExecutor.java:1136)
	at java.base/java.util.concurrent.ThreadPoolExecutor$Worker.run(ThreadPoolExecutor.java:635)
	at java.base/java.lang.Thread.run(Thread.java:840)
Caused by: org.apache.spark.sql.catalyst.ExtendedAnalysisException: [TABLE_OR_VIEW_NOT_FOUND] The table or view `workspace`.`bronze_gold`.`fact_transactions` cannot be found. Verify the spelling and correctness of the schema and catalog.
If you did not qualify the name with a schema, verify the current_schema() output, or qualify the name with the correct schema and catalog.
To tolerate the error on drop use DROP VIEW IF EXISTS or DROP TABLE IF EXISTS. SQLSTATE: 42P01; line 18 pos 5
	at org.apache.spark.sql.catalyst.ExtendedAnalysisException.copyPlan(ExtendedAnalysisException.scala:96)
	at org.apache.spark.sql.hive.thriftserver.SparkExecuteStatementOperation.$anonfun$execute$1(SparkExecuteStatementOperation.scala:1001)
	... 53 more
, operation-id=01f0c31c-5662-13c1-867f-b79dadb5a951
[0m18:44:52.652904 [debug] [Thread-5 (]: On test.databricks_warehouse.unique_fact_transactions_transaction_id.4978e2a484: Close
[0m18:44:52.653808 [debug] [Thread-5 (]: Databricks adapter: Connection(session-id=01f0c31c-565c-1f66-8b2d-cd0f830f41be) - Closing
[0m18:44:52.707748 [debug] [Thread-5 (]: Database Error in test unique_fact_transactions_transaction_id (models/marts/schema.yml)
  [TABLE_OR_VIEW_NOT_FOUND] The table or view `workspace`.`bronze_gold`.`fact_transactions` cannot be found. Verify the spelling and correctness of the schema and catalog.
  If you did not qualify the name with a schema, verify the current_schema() output, or qualify the name with the correct schema and catalog.
  To tolerate the error on drop use DROP VIEW IF EXISTS or DROP TABLE IF EXISTS. SQLSTATE: 42P01; line 18 pos 5
  compiled code at target/run/databricks_warehouse/models/marts/schema.yml/unique_fact_transactions_transaction_id.sql
[0m18:44:52.709193 [error] [Thread-5 (]: 5 of 6 ERROR unique_fact_transactions_transaction_id ........................... [[31mERROR[0m in 0.56s]
[0m18:44:52.710406 [debug] [Thread-5 (]: Finished running node test.databricks_warehouse.unique_fact_transactions_transaction_id.4978e2a484
[0m18:44:52.711462 [debug] [Thread-8 (]: Marking all children of 'test.databricks_warehouse.unique_fact_transactions_transaction_id.4978e2a484' to be skipped because of status 'error'.  Reason: Database Error in test unique_fact_transactions_transaction_id (models/marts/schema.yml)
  [TABLE_OR_VIEW_NOT_FOUND] The table or view `workspace`.`bronze_gold`.`fact_transactions` cannot be found. Verify the spelling and correctness of the schema and catalog.
  If you did not qualify the name with a schema, verify the current_schema() output, or qualify the name with the correct schema and catalog.
  To tolerate the error on drop use DROP VIEW IF EXISTS or DROP TABLE IF EXISTS. SQLSTATE: 42P01; line 18 pos 5
  compiled code at target/run/databricks_warehouse/models/marts/schema.yml/unique_fact_transactions_transaction_id.sql.
[0m18:44:52.778206 [debug] [Thread-4 (]: Databricks adapter: Exception while trying to execute query
/* {"app": "dbt", "dbt_version": "1.10.15", "dbt_databricks_version": "1.11.0", "databricks_sql_connector_version": "4.1.3", "profile_name": "databricks_dwh", "target_name": "dev", "node_id": "test.databricks_warehouse.unique_stg_users_user_id.c2ff477e6b"} */

    select
      count(*) as failures,
      count(*) != 0 as should_warn,
      count(*) != 0 as should_error
    from (
      
    
  
    
    

select
    user_id as unique_field,
    count(*) as n_records

from workspace.bronze_bronze.stg_users
where user_id is not null
group by user_id
having count(*) > 1



  
  
      
    ) dbt_internal_test
: [TABLE_OR_VIEW_NOT_FOUND] The table or view `workspace`.`bronze_bronze`.`stg_users` cannot be found. Verify the spelling and correctness of the schema and catalog.
If you did not qualify the name with a schema, verify the current_schema() output, or qualify the name with the correct schema and catalog.
To tolerate the error on drop use DROP VIEW IF EXISTS or DROP TABLE IF EXISTS. SQLSTATE: 42P01; line 18 pos 5
Error properties: diagnostic-info=org.apache.hive.service.cli.HiveSQLException: Error running query: [TABLE_OR_VIEW_NOT_FOUND] org.apache.spark.sql.catalyst.ExtendedAnalysisException: [TABLE_OR_VIEW_NOT_FOUND] The table or view `workspace`.`bronze_bronze`.`stg_users` cannot be found. Verify the spelling and correctness of the schema and catalog.
If you did not qualify the name with a schema, verify the current_schema() output, or qualify the name with the correct schema and catalog.
To tolerate the error on drop use DROP VIEW IF EXISTS or DROP TABLE IF EXISTS. SQLSTATE: 42P01; line 18 pos 5
	at org.apache.spark.sql.hive.thriftserver.HiveThriftServerErrors$.runningQueryError(HiveThriftServerErrors.scala:49)
	at org.apache.spark.sql.hive.thriftserver.SparkExecuteStatementOperation.$anonfun$execute$1(SparkExecuteStatementOperation.scala:1040)
	at scala.runtime.java8.JFunction0$mcV$sp.apply(JFunction0$mcV$sp.scala:18)
	at com.databricks.unity.UCSEphemeralState$Handle.runWith(UCSEphemeralState.scala:51)
	at com.databricks.unity.HandleImpl.runWith(UCSHandle.scala:104)
	at org.apache.spark.sql.hive.thriftserver.SparkExecuteStatementOperation.org$apache$spark$sql$hive$thriftserver$SparkExecuteStatementOperation$$execute(SparkExecuteStatementOperation.scala:778)
	at org.apache.spark.sql.hive.thriftserver.SparkExecuteStatementOperation$$anon$2$$anon$3.$anonfun$run$5(SparkExecuteStatementOperation.scala:569)
	at scala.runtime.java8.JFunction0$mcV$sp.apply(JFunction0$mcV$sp.scala:18)
	at org.apache.spark.sql.execution.SQLExecution$.withRootExecution(SQLExecution.scala:853)
	at org.apache.spark.sql.hive.thriftserver.SparkExecuteStatementOperation$$anon$2$$anon$3.$anonfun$run$2(SparkExecuteStatementOperation.scala:569)
	at scala.runtime.java8.JFunction0$mcV$sp.apply(JFunction0$mcV$sp.scala:18)
	at com.databricks.logging.AttributionContextTracing.$anonfun$withAttributionContext$1(AttributionContextTracing.scala:49)
	at com.databricks.logging.AttributionContext$.$anonfun$withValue$1(AttributionContext.scala:328)
	at scala.util.DynamicVariable.withValue(DynamicVariable.scala:59)
	at com.databricks.logging.AttributionContext$.withValue(AttributionContext.scala:324)
	at com.databricks.logging.AttributionContextTracing.withAttributionContext(AttributionContextTracing.scala:47)
	at com.databricks.logging.AttributionContextTracing.withAttributionContext$(AttributionContextTracing.scala:44)
	at com.databricks.spark.util.DatabricksTracingHelper.withAttributionContext(DatabricksSparkTracingHelper.scala:65)
	at com.databricks.spark.util.DatabricksTracingHelper.withSpanFromRequest(DatabricksSparkTracingHelper.scala:92)
	at com.databricks.spark.util.DBRTracing$.withSpanFromRequest(DBRTracing.scala:43)
	at org.apache.spark.sql.hive.thriftserver.ThriftLocalProperties.$anonfun$withLocalProperties$15(ThriftLocalProperties.scala:238)
	at com.databricks.logging.AttributionContextTracing.$anonfun$withAttributionContext$1(AttributionContextTracing.scala:49)
	at com.databricks.logging.AttributionContext$.$anonfun$withValue$1(AttributionContext.scala:328)
	at scala.util.DynamicVariable.withValue(DynamicVariable.scala:59)
	at com.databricks.logging.AttributionContext$.withValue(AttributionContext.scala:324)
	at com.databricks.logging.AttributionContextTracing.withAttributionContext(AttributionContextTracing.scala:47)
	at com.databricks.logging.AttributionContextTracing.withAttributionContext$(AttributionContextTracing.scala:44)
	at com.databricks.spark.util.PublicDBLogging.withAttributionContext(DatabricksSparkUsageLogger.scala:30)
	at com.databricks.logging.AttributionContextTracing.withAttributionTags(AttributionContextTracing.scala:96)
	at com.databricks.logging.AttributionContextTracing.withAttributionTags$(AttributionContextTracing.scala:77)
	at com.databricks.spark.util.PublicDBLogging.withAttributionTags(DatabricksSparkUsageLogger.scala:30)
	at com.databricks.spark.util.PublicDBLogging.withAttributionTags0(DatabricksSparkUsageLogger.scala:124)
	at com.databricks.spark.util.DatabricksSparkUsageLogger.withAttributionTags(DatabricksSparkUsageLogger.scala:232)
	at com.databricks.spark.util.UsageLogging.$anonfun$withAttributionTags$1(UsageLogger.scala:668)
	at com.databricks.spark.util.UsageLogging$.withAttributionTags(UsageLogger.scala:780)
	at com.databricks.spark.util.UsageLogging$.withAttributionTags(UsageLogger.scala:789)
	at com.databricks.spark.util.UsageLogging.withAttributionTags(UsageLogger.scala:668)
	at com.databricks.spark.util.UsageLogging.withAttributionTags$(UsageLogger.scala:666)
	at org.apache.spark.sql.hive.thriftserver.SparkExecuteStatementOperation.withAttributionTags(SparkExecuteStatementOperation.scala:76)
	at org.apache.spark.sql.hive.thriftserver.ThriftLocalProperties.$anonfun$withLocalProperties$12(ThriftLocalProperties.scala:233)
	at com.databricks.spark.util.IdentityClaim$.withClaim(IdentityClaim.scala:48)
	at org.apache.spark.sql.hive.thriftserver.ThriftLocalProperties.withLocalProperties(ThriftLocalProperties.scala:229)
	at org.apache.spark.sql.hive.thriftserver.ThriftLocalProperties.withLocalProperties$(ThriftLocalProperties.scala:89)
	at org.apache.spark.sql.hive.thriftserver.SparkExecuteStatementOperation.withLocalProperties(SparkExecuteStatementOperation.scala:76)
	at org.apache.spark.sql.hive.thriftserver.SparkExecuteStatementOperation$$anon$2$$anon$3.run(SparkExecuteStatementOperation.scala:546)
	at org.apache.spark.sql.hive.thriftserver.SparkExecuteStatementOperation$$anon$2$$anon$3.run(SparkExecuteStatementOperation.scala:532)
	at java.base/java.security.AccessController.doPrivileged(AccessController.java:712)
	at java.base/javax.security.auth.Subject.doAs(Subject.java:439)
	at org.apache.hadoop.security.UserGroupInformation.doAs(UserGroupInformation.java:1953)
	at org.apache.spark.sql.hive.thriftserver.SparkExecuteStatementOperation$$anon$2.run(SparkExecuteStatementOperation.scala:582)
	at java.base/java.util.concurrent.Executors$RunnableAdapter.call(Executors.java:539)
	at java.base/java.util.concurrent.FutureTask.run(FutureTask.java:264)
	at java.base/java.util.concurrent.ThreadPoolExecutor.runWorker(ThreadPoolExecutor.java:1136)
	at java.base/java.util.concurrent.ThreadPoolExecutor$Worker.run(ThreadPoolExecutor.java:635)
	at java.base/java.lang.Thread.run(Thread.java:840)
Caused by: org.apache.spark.sql.catalyst.ExtendedAnalysisException: [TABLE_OR_VIEW_NOT_FOUND] The table or view `workspace`.`bronze_bronze`.`stg_users` cannot be found. Verify the spelling and correctness of the schema and catalog.
If you did not qualify the name with a schema, verify the current_schema() output, or qualify the name with the correct schema and catalog.
To tolerate the error on drop use DROP VIEW IF EXISTS or DROP TABLE IF EXISTS. SQLSTATE: 42P01; line 18 pos 5
	at org.apache.spark.sql.catalyst.ExtendedAnalysisException.copyPlan(ExtendedAnalysisException.scala:96)
	at org.apache.spark.sql.hive.thriftserver.SparkExecuteStatementOperation.$anonfun$execute$1(SparkExecuteStatementOperation.scala:1001)
	... 53 more
, operation-id=01f0c31c-566e-1323-a7ed-2760dd69cfbf
[0m18:44:52.779876 [debug] [Thread-4 (]: On test.databricks_warehouse.unique_stg_users_user_id.c2ff477e6b: Close
[0m18:44:52.780796 [debug] [Thread-4 (]: Databricks adapter: Connection(session-id=01f0c31c-5669-13d6-999f-0cd3358b9467) - Closing
[0m18:44:52.825619 [debug] [Thread-4 (]: Database Error in test unique_stg_users_user_id (tests/dbt_schema.yml)
  [TABLE_OR_VIEW_NOT_FOUND] The table or view `workspace`.`bronze_bronze`.`stg_users` cannot be found. Verify the spelling and correctness of the schema and catalog.
  If you did not qualify the name with a schema, verify the current_schema() output, or qualify the name with the correct schema and catalog.
  To tolerate the error on drop use DROP VIEW IF EXISTS or DROP TABLE IF EXISTS. SQLSTATE: 42P01; line 18 pos 5
  compiled code at target/run/databricks_warehouse/tests/dbt_schema.yml/unique_stg_users_user_id.sql
[0m18:44:52.826960 [error] [Thread-4 (]: 6 of 6 ERROR unique_stg_users_user_id .......................................... [[31mERROR[0m in 0.49s]
[0m18:44:52.828264 [debug] [Thread-4 (]: Finished running node test.databricks_warehouse.unique_stg_users_user_id.c2ff477e6b
[0m18:44:52.829466 [debug] [Thread-8 (]: Marking all children of 'test.databricks_warehouse.unique_stg_users_user_id.c2ff477e6b' to be skipped because of status 'error'.  Reason: Database Error in test unique_stg_users_user_id (tests/dbt_schema.yml)
  [TABLE_OR_VIEW_NOT_FOUND] The table or view `workspace`.`bronze_bronze`.`stg_users` cannot be found. Verify the spelling and correctness of the schema and catalog.
  If you did not qualify the name with a schema, verify the current_schema() output, or qualify the name with the correct schema and catalog.
  To tolerate the error on drop use DROP VIEW IF EXISTS or DROP TABLE IF EXISTS. SQLSTATE: 42P01; line 18 pos 5
  compiled code at target/run/databricks_warehouse/tests/dbt_schema.yml/unique_stg_users_user_id.sql.
[0m18:44:52.831469 [debug] [MainThread]: Databricks adapter: DatabricksDBTConnection(session-id=None, name=master) - Creating connection
[0m18:44:52.832354 [debug] [MainThread]: Acquiring new databricks connection 'master'
[0m18:44:52.833368 [info ] [MainThread]: 
[0m18:44:52.834325 [info ] [MainThread]: Finished running 6 data tests in 0 hours 0 minutes and 3.31 seconds (3.31s).
[0m18:44:52.836144 [debug] [MainThread]: Command end result
[0m18:44:52.890017 [debug] [MainThread]: Wrote artifact WritableManifest to /Workspace/Repos/minhthy/dbt_project/target/manifest.json
[0m18:44:52.893515 [debug] [MainThread]: Wrote artifact SemanticManifest to /Workspace/Repos/minhthy/dbt_project/target/semantic_manifest.json
[0m18:44:52.901829 [debug] [MainThread]: Wrote artifact RunExecutionResult to /Workspace/Repos/minhthy/dbt_project/target/run_results.json
[0m18:44:52.902992 [info ] [MainThread]: 
[0m18:44:52.904018 [info ] [MainThread]: [31mCompleted with 6 errors, 0 partial successes, and 0 warnings:[0m
[0m18:44:52.904795 [info ] [MainThread]: 
[0m18:44:52.905722 [error] [MainThread]: [31mFailure in test unique_agg_transactions_daily_user_id (models/marts/schema.yml)[0m
[0m18:44:52.906927 [error] [MainThread]:   Database Error in test unique_agg_transactions_daily_user_id (models/marts/schema.yml)
  [TABLE_OR_VIEW_NOT_FOUND] The table or view `workspace`.`bronze_gold`.`agg_transactions_daily` cannot be found. Verify the spelling and correctness of the schema and catalog.
  If you did not qualify the name with a schema, verify the current_schema() output, or qualify the name with the correct schema and catalog.
  To tolerate the error on drop use DROP VIEW IF EXISTS or DROP TABLE IF EXISTS. SQLSTATE: 42P01; line 18 pos 5
  compiled code at target/run/databricks_warehouse/models/marts/schema.yml/unique_agg_transactions_daily_user_id.sql
[0m18:44:52.909166 [info ] [MainThread]: 
[0m18:44:52.911164 [info ] [MainThread]:   compiled code at target/compiled/databricks_warehouse/models/marts/schema.yml/unique_agg_transactions_daily_user_id.sql
[0m18:44:52.912435 [info ] [MainThread]: 
[0m18:44:52.914150 [error] [MainThread]: [31mFailure in test not_null_stg_users_user_id (tests/dbt_schema.yml)[0m
[0m18:44:52.915599 [error] [MainThread]:   Database Error in test not_null_stg_users_user_id (tests/dbt_schema.yml)
  [TABLE_OR_VIEW_NOT_FOUND] The table or view `workspace`.`bronze_bronze`.`stg_users` cannot be found. Verify the spelling and correctness of the schema and catalog.
  If you did not qualify the name with a schema, verify the current_schema() output, or qualify the name with the correct schema and catalog.
  To tolerate the error on drop use DROP VIEW IF EXISTS or DROP TABLE IF EXISTS. SQLSTATE: 42P01; line 17 pos 5
  compiled code at target/run/databricks_warehouse/tests/dbt_schema.yml/not_null_stg_users_user_id.sql
[0m18:44:52.917319 [info ] [MainThread]: 
[0m18:44:52.919460 [info ] [MainThread]:   compiled code at target/compiled/databricks_warehouse/tests/dbt_schema.yml/not_null_stg_users_user_id.sql
[0m18:44:52.921253 [info ] [MainThread]: 
[0m18:44:52.922464 [error] [MainThread]: [31mFailure in test not_null_fact_transactions_transaction_id (models/marts/schema.yml)[0m
[0m18:44:52.923502 [error] [MainThread]:   Database Error in test not_null_fact_transactions_transaction_id (models/marts/schema.yml)
  [TABLE_OR_VIEW_NOT_FOUND] The table or view `workspace`.`bronze_gold`.`fact_transactions` cannot be found. Verify the spelling and correctness of the schema and catalog.
  If you did not qualify the name with a schema, verify the current_schema() output, or qualify the name with the correct schema and catalog.
  To tolerate the error on drop use DROP VIEW IF EXISTS or DROP TABLE IF EXISTS. SQLSTATE: 42P01; line 17 pos 5
  compiled code at target/run/databricks_warehouse/models/marts/schema.yml/not_null_fact_transactions_transaction_id.sql
[0m18:44:52.925696 [info ] [MainThread]: 
[0m18:44:52.928231 [info ] [MainThread]:   compiled code at target/compiled/databricks_warehouse/models/marts/schema.yml/not_null_fact_transactions_transaction_id.sql
[0m18:44:52.929062 [info ] [MainThread]: 
[0m18:44:52.929984 [error] [MainThread]: [31mFailure in test not_null_stg_transactions_symbol (tests/dbt_schema.yml)[0m
[0m18:44:52.930926 [error] [MainThread]:   Database Error in test not_null_stg_transactions_symbol (tests/dbt_schema.yml)
  [TABLE_OR_VIEW_NOT_FOUND] The table or view `workspace`.`bronze_bronze`.`stg_transactions` cannot be found. Verify the spelling and correctness of the schema and catalog.
  If you did not qualify the name with a schema, verify the current_schema() output, or qualify the name with the correct schema and catalog.
  To tolerate the error on drop use DROP VIEW IF EXISTS or DROP TABLE IF EXISTS. SQLSTATE: 42P01; line 17 pos 5
  compiled code at target/run/databricks_warehouse/tests/dbt_schema.yml/not_null_stg_transactions_symbol.sql
[0m18:44:52.931924 [info ] [MainThread]: 
[0m18:44:52.933247 [info ] [MainThread]:   compiled code at target/compiled/databricks_warehouse/tests/dbt_schema.yml/not_null_stg_transactions_symbol.sql
[0m18:44:52.934443 [info ] [MainThread]: 
[0m18:44:52.935460 [error] [MainThread]: [31mFailure in test unique_fact_transactions_transaction_id (models/marts/schema.yml)[0m
[0m18:44:52.936605 [error] [MainThread]:   Database Error in test unique_fact_transactions_transaction_id (models/marts/schema.yml)
  [TABLE_OR_VIEW_NOT_FOUND] The table or view `workspace`.`bronze_gold`.`fact_transactions` cannot be found. Verify the spelling and correctness of the schema and catalog.
  If you did not qualify the name with a schema, verify the current_schema() output, or qualify the name with the correct schema and catalog.
  To tolerate the error on drop use DROP VIEW IF EXISTS or DROP TABLE IF EXISTS. SQLSTATE: 42P01; line 18 pos 5
  compiled code at target/run/databricks_warehouse/models/marts/schema.yml/unique_fact_transactions_transaction_id.sql
[0m18:44:52.949082 [info ] [MainThread]: 
[0m18:44:52.950928 [info ] [MainThread]:   compiled code at target/compiled/databricks_warehouse/models/marts/schema.yml/unique_fact_transactions_transaction_id.sql
[0m18:44:52.952814 [info ] [MainThread]: 
[0m18:44:52.955084 [error] [MainThread]: [31mFailure in test unique_stg_users_user_id (tests/dbt_schema.yml)[0m
[0m18:44:52.957627 [error] [MainThread]:   Database Error in test unique_stg_users_user_id (tests/dbt_schema.yml)
  [TABLE_OR_VIEW_NOT_FOUND] The table or view `workspace`.`bronze_bronze`.`stg_users` cannot be found. Verify the spelling and correctness of the schema and catalog.
  If you did not qualify the name with a schema, verify the current_schema() output, or qualify the name with the correct schema and catalog.
  To tolerate the error on drop use DROP VIEW IF EXISTS or DROP TABLE IF EXISTS. SQLSTATE: 42P01; line 18 pos 5
  compiled code at target/run/databricks_warehouse/tests/dbt_schema.yml/unique_stg_users_user_id.sql
[0m18:44:52.962168 [info ] [MainThread]: 
[0m18:44:52.963423 [info ] [MainThread]:   compiled code at target/compiled/databricks_warehouse/tests/dbt_schema.yml/unique_stg_users_user_id.sql
[0m18:44:52.964440 [info ] [MainThread]: 
[0m18:44:52.965763 [info ] [MainThread]: Done. PASS=0 WARN=0 ERROR=6 SKIP=0 NO-OP=0 TOTAL=6
[0m18:44:52.967435 [debug] [MainThread]: Resource report: {"command_name": "test", "command_success": false, "command_wall_clock_time": 5.59068, "process_in_blocks": "0", "process_kernel_time": 0.486832, "process_mem_max_rss": "246804", "process_out_blocks": "0", "process_user_time": 5.462902}
[0m18:44:52.968685 [debug] [MainThread]: Command `dbt test` failed at 18:44:52.968531 after 5.59 seconds
[0m18:44:52.969648 [debug] [MainThread]: Sending event: {'category': 'dbt', 'action': 'invocation', 'label': 'end', 'context': [<snowplow_tracker.self_describing_json.SelfDescribingJson object at 0xff65f5fd5460>, <snowplow_tracker.self_describing_json.SelfDescribingJson object at 0xff65f2d2a0c0>, <snowplow_tracker.self_describing_json.SelfDescribingJson object at 0xff65f2d2a270>]}
[0m18:44:52.971918 [debug] [MainThread]: Flushing usage events
[0m18:44:53.028017 [debug] [MainThread]: An error was encountered while trying to flush usage events
